MaxEsReturn,AverageAbsQYDiff,AverageAbsQ,Iteration,StdEsReturn,PolicyRegParamNorm,StdReturn,Epoch,AverageAbsY,MaxReturn,AverageAction,MinReturn,AveragePolicySurr,AverageQLoss,AverageQ,QFunRegParamNorm,AverageReturn,AverageEsReturn,AverageDiscountedReturn,MinEsReturn,AverageY
62999.2084341,66.2927105997,27.2535,9,6978.52665177,16.6618,7099.87093587,9,90.3330604315,70263.1419185,0.964963,50815.9311732,-40.4498,5846.06,25.7947,16.4057,59160.9753929,50197.0275986,4966.26261918,39927.809715,89.3035838206
54585.2970676,11.8177986252,74.6504,10,0.0,16.8294,21603.2708305,10,75.9403624806,117498.905642,1.0,53736.1019178,-76.5549,291.491,74.6481,23.6364,78970.9491057,54585.2970676,6782.92605592,54585.2970676,75.9394547532
85098.8219178,8.53164531124,98.1243,11,0.0,16.8329,16079.5303212,11,98.5124214084,117384.466054,1.0,69234.2384428,-101.504,132.109,98.1243,35.5085,81559.8391518,85098.8219178,6830.2522811,85098.8219178,98.5124214084
99972.8636284,9.13789821862,146.636,12,0.0,16.8331,19864.289388,12,146.94925837,117560.363579,1.0,69335.7531181,-151.333,152.641,146.636,47.0572,96040.8042229,99972.8636284,7537.41815191,99972.8636284,146.94925837
37372.5852132,10.361716547,197.605,13,0.0,16.8611,21415.4320591,13,197.904487189,118074.680743,1.0,69405.9675024,-203.069,209.579,197.605,56.7844,100801.246789,37372.5852132,7767.48434456,37372.5852132,197.904487189
84451.8290637,11.2344158787,254.177,14,0.0,16.8612,18224.8586886,14,254.410023186,117128.840441,1.0,69660.2226063,-260.012,253.073,254.177,64.3088,86734.866819,84451.8290637,7191.18798169,84451.8290637,254.410023186
85705.5466462,13.0304850728,316.172,15,0.0,16.8613,19211.2270252,15,316.454128662,117704.545666,1.0,69246.5432086,-322.235,357.965,316.172,71.014,81928.2299295,85705.5466462,6908.56060959,85705.5466462,316.454128662
89047.1552976,13.8805009352,382.033,16,0.0,16.8615,19700.5630942,16,382.276247992,117668.952734,1.0,69349.9300657,-388.273,417.217,382.033,76.3179,95827.4609193,89047.1552976,7496.7405478,89047.1552976,382.276247992
80180.17795,15.2786572425,446.72,17,0.0,16.8617,15978.9330172,17,447.001787172,118140.912188,1.0,69412.735298,-453.327,516.937,446.72,81.6411,108087.110687,80180.17795,8149.30610088,80180.17795,447.001787172
68765.5434284,17.6976163823,513.379,18,0.0,16.862,19527.9915211,18,513.700891247,117794.507791,1.0,69886.5413117,-520.508,811.141,513.379,86.2607,91480.1951938,68765.5434284,7422.54575363,68765.5434284,513.700891247
60142.2942426,18.085423127,571.281,19,0.0,16.8624,22022.7412444,19,571.585832314,117875.73966,1.0,69600.6063098,-578.774,807.854,571.281,90.4629,96313.9366314,60142.2942426,7644.98304328,60142.2942426,571.585832314
49225.6015404,17.8929483043,634.293,20,0.0,16.8627,22536.9835958,20,634.551473995,117848.078299,1.0,69344.4461603,-642.1,722.192,634.293,94.2211,95976.9342141,49225.6015404,7512.32435176,49225.6015404,634.551473995
49891.4833007,19.2112237657,688.135,21,0.0,16.863,18172.4398629,21,688.37221847,117396.114514,1.0,69693.8211748,-695.971,870.623,688.135,98.1986,86871.7066979,49891.4833007,7244.60172332,49891.4833007,688.37221847
73794.819129,20.5587760414,749.426,22,0.0,16.8634,19653.633885,22,749.789980536,117586.567318,1.0,69567.9877873,-757.635,963.368,749.426,101.835,96037.3993961,73794.819129,7567.79960548,73794.819129,749.789980536
55778.8144856,22.8551718063,808.327,23,0.0,16.8636,23386.2107705,23,808.607316242,118026.14747,1.0,69544.185829,-816.661,1369.34,808.324,105.686,89028.7101132,55778.8144856,7260.37076611,55778.8144856,808.607316242
89877.25302,25.2782151221,873.235,24,0.0,16.8638,15265.040263,24,873.588108242,117648.47281,1.0,69417.6034115,-881.736,1932.7,873.235,109.372,100822.257249,89877.25302,7789.24875178,89877.25302,873.588108242
113782.457526,27.8753010258,952.62,25,0.0,16.8642,16102.4677307,25,953.089429496,117611.537743,1.0,68979.2785413,-961.592,2383.34,952.596,112.693,81553.8039457,113782.457526,6811.86364979,113782.457526,953.089429496
100623.779858,26.8765346781,1028.93,26,0.0,16.8644,18586.6366967,26,1029.28742194,117554.416185,1.0,69307.8353454,-1038.34,2140.37,1028.93,115.628,86416.6839471,100623.779858,7068.33977089,100623.779858,1029.28742194
93013.1895072,29.4074235143,1107.66,27,0.0,16.8646,15879.8918398,27,1108.05673723,117769.631971,1.0,70305.8787088,-1117.45,2749.53,1107.66,118.353,105538.917199,93013.1895072,7998.17614161,93013.1895072,1108.05673723
95051.4866449,29.042199454,1177.97,28,0.0,16.8647,19619.1226668,28,1178.32571197,117043.886329,1.0,69293.4278813,-1188.21,2508.55,1177.97,121.005,91179.5075237,95051.4866449,7276.49782822,95051.4866449,1178.32571197
98079.8528674,30.3822418427,1262.83,29,0.0,16.8649,17454.7503108,29,1263.22668362,117429.571069,1.0,55755.1977225,-1273.35,2810.54,1262.83,123.583,82998.1839156,98079.8528674,7013.51625851,98079.8528674,1263.22668362
97839.7392528,35.3461743687,1335.86,30,0.0,16.8649,22515.7853166,30,1336.3121825,117739.32175,1.0,69283.6704996,-1346.66,4466.36,1335.85,126.397,91234.9970169,97839.7392528,7308.05153087,97839.7392528,1336.3121825
48415.1416133,31.6583892616,1399.61,31,0.0,16.8649,21712.0059702,31,1400.02095209,117691.37922,1.0,69263.0266857,-1410.71,2917.71,1399.61,128.676,84419.9146698,48415.1416133,7070.54189611,48415.1416133,1400.02095209
80353.0616332,35.0087568414,1457.8,32,0.0,16.8649,20479.3472047,32,1458.25905225,117750.987775,1.0,69622.2807082,-1469.06,4153.0,1457.8,131.137,98424.076396,80353.0616332,7666.78317572,80353.0616332,1458.25384541
60374.0176738,36.6676219598,1524.88,33,0.0,16.8786,24190.0105392,33,1525.24362823,117815.52002,1.0,57064.9751104,-1536.3,4373.07,1524.88,133.537,94865.0938558,60374.0176738,7512.88931351,60374.0176738,1525.23823393
40127.2219814,39.5140857896,1573.73,34,0.0,16.8941,19573.0917593,34,1574.34582891,117795.082379,1.0,69771.2067905,-1585.42,5258.12,1573.73,135.855,91564.9325945,40127.2219814,7444.99785439,40127.2219814,1574.34582891
38043.248021,37.9925570744,1610.61,35,0.0,16.8941,19505.7474954,35,1611.01995837,117227.151557,1.0,69357.6181911,-1622.2,4617.59,1610.61,137.736,91353.6943662,38043.248021,7360.59813477,38043.248021,1611.01406413
34133.7478346,38.8867818753,1653.44,36,0.0,16.8941,12800.6691839,36,1653.92222577,117851.806219,1.0,70279.0175924,-1664.95,4930.78,1653.44,139.7,96135.5294174,34133.7478346,7654.03165206,34133.7478346,1653.92222577
58802.1196564,41.6647994655,1697.49,37,0.0,16.8941,15261.468698,37,1697.98043087,117929.529753,1.0,69507.2867869,-1708.84,5666.28,1697.43,141.946,100754.833635,58802.1196564,7790.72148812,58802.1196564,1697.98043087
92657.5042197,43.6702595953,1756.58,38,0.0,16.8941,20503.7513108,38,1757.09227449,117610.197984,1.0,69590.4476772,-1767.96,6158.87,1756.58,144.537,88914.6415276,92657.5042197,7240.93684134,92657.5042197,1757.09227449
57328.1483813,44.0862935145,1821.56,39,0.0,16.8941,19555.1928166,39,1821.99492834,117520.510727,1.0,69881.2805399,-1832.89,6985.29,1821.56,146.489,91381.2857355,57328.1483813,7383.86098019,57328.1483813,1821.99492834
35896.5203833,43.4292727629,1862.13,40,0.0,16.8941,21547.2150663,40,1862.5456289,117841.510778,1.0,69311.2250321,-1873.59,6261.85,1862.13,148.429,100823.782539,35896.5203833,7769.44971771,35896.5203833,1862.54469701
76332.7857414,48.6791542015,1901.94,41,0.0,16.8941,16791.918143,41,1902.50638844,117719.311684,1.0,69266.2475137,-1913.17,8277.01,1901.84,150.448,91184.6386416,76332.7857414,7328.43558308,76332.7857414,1902.4932091
83700.0879623,49.004471326,1958.63,42,0.0,16.8941,21371.4466287,42,1959.19688307,117643.160694,1.0,69283.5562141,-1969.96,8832.19,1958.6,152.631,86507.1662468,83700.0879623,7090.58773725,83700.0879623,1959.19688307
75938.588776,46.0864757989,2028.7,43,0.0,16.8941,22050.7356728,43,2029.09139603,117790.783978,1.0,69540.0629766,-2040.04,6715.28,2028.7,154.606,91789.0747313,75938.588776,7460.06001049,75938.588776,2029.06811285
80872.3026942,51.2240945521,2080.29,44,0.0,16.8941,20316.7246209,44,2080.85604,117793.370326,1.0,69649.6945938,-2091.71,9038.17,2080.29,156.403,98505.7105267,80872.3026942,7687.83197295,80872.3026942,2080.85604
99968.2111045,53.2743297988,2149.08,45,0.0,16.8941,19093.7471477,45,2149.69834393,117836.84913,1.0,65339.3256037,-2160.56,10302.4,2149.08,158.332,100403.138922,99968.2111045,7726.36901494,99968.2111045,2149.69834393
82249.7703042,52.5598343242,2210.08,46,0.0,16.8941,21343.7232232,46,2210.6187881,117515.628154,1.0,69261.4343288,-2221.7,9457.51,2210.08,160.01,86538.8068133,82249.7703042,7108.12191287,82249.7703042,2210.53288829
71213.3335694,55.5359870012,2255.72,47,0.0,16.8941,15772.4819991,47,2256.24351725,117554.690365,1.0,69579.1582423,-2267.43,11203.7,2255.68,162.095,79814.0616911,71213.3335694,6926.07335386,71213.3335694,2256.20947914
39151.3587757,52.5896524103,2307.21,48,0.0,16.8941,19587.6597868,48,2307.57655263,117747.663432,1.0,70343.4706692,-2318.96,8906.59,2307.16,163.762,91603.2734809,39151.3587757,7467.40073681,39151.3587757,2307.57655263
84952.1075155,55.5761806483,2362.54,49,0.0,16.8941,17858.9609784,49,2363.06459666,117400.676825,1.0,69414.398977,-2374.28,11167.1,2362.54,165.649,93901.3456028,84952.1075155,7498.87225852,84952.1075155,2363.04798584
86170.9326472,55.3131317559,2425.16,50,0.0,16.8941,20629.0544521,50,2425.66873257,117518.89624,1.0,69516.0947916,-2437.01,10953.2,2425.16,167.264,98356.4256022,86170.9326472,7640.65677135,86170.9326472,2425.65910264
104363.826063,58.0747327282,2499.13,51,0.0,16.8941,18886.8783384,51,2499.75986269,117672.767052,1.0,69253.0538648,-2510.9,11541.6,2499.11,169.073,82177.0159573,104363.826063,7017.64074415,104363.826063,2499.75005671
83967.9320202,59.4843711364,2556.28,52,0.0,16.8941,20533.1410542,52,2556.69124305,117613.119461,1.0,69376.3154736,-2568.13,13499.4,2556.27,170.819,89130.2008482,83967.9320202,7283.26407025,83967.9320202,2556.69124305
69629.1806507,60.1259749671,2608.22,53,0.0,16.8941,17964.854284,53,2608.95366965,117638.544203,1.0,70491.0616442,-2620.22,14380.6,2608.22,172.4,93902.9297913,69629.1806507,7548.81413423,69629.1806507,2608.93707172
54662.7385648,62.3027734969,2648.45,54,0.0,16.8941,16056.8382372,54,2648.89593653,117774.604698,1.0,69505.8206367,-2660.47,14723.7,2648.45,174.066,105627.966455,54662.7385648,8019.73073228,54662.7385648,2648.88381582
42901.4519186,60.9974139539,2699.61,55,0.0,16.8941,17491.9749542,55,2700.16548762,118014.25134,1.0,69775.7316439,-2711.81,12999.9,2699.61,175.734,89263.9571712,42901.4519186,7369.81222507,42901.4519186,2700.16548762
82966.7227076,62.9572730926,2736.1,56,0.0,16.8941,19016.232512,56,2736.58604862,117350.194644,1.0,69196.665623,-2748.11,15585.5,2736.08,177.314,102914.096646,82966.7227076,7775.87017104,82966.7227076,2736.58197643
89343.8178015,65.495954637,2800.38,57,0.0,16.8941,19598.5506767,57,2800.96639033,117586.160264,1.0,69336.4293768,-2812.52,16560.4,2800.36,179.028,96087.854357,89343.8178015,7574.20491531,89343.8178015,2800.96639033
73287.1218038,65.6756069268,2848.56,58,0.0,16.8941,19172.8517696,58,2849.18862842,117802.628381,1.0,69336.6176306,-2860.81,16667.2,2848.52,180.41,105713.95387,73287.1218038,8033.20822719,73287.1218038,2849.13618992
71023.2451274,64.0133082159,2899.54,59,0.0,16.8941,19605.2937578,59,2900.0987741,117403.158223,1.0,69708.011207,-2911.99,15403.4,2899.44,181.929,91253.8737051,71023.2451274,7326.44105281,71023.2451274,2899.9715828
85455.0443845,67.8483125298,2950.96,60,0.0,16.8941,18003.9370499,60,2951.50117177,117828.61757,1.0,69189.7195187,-2963.45,17553.4,2950.96,183.568,98412.6244413,85455.0443845,7670.91240745,85455.0443845,2951.50117177
85121.5798644,67.6491089806,3013.66,61,0.0,16.8941,22333.0628148,61,3014.37152172,117816.994686,1.0,69260.8076319,-3026.39,18421.2,3013.65,185.138,91522.6757675,85121.5798644,7405.23725363,85121.5798644,3014.37152172
55376.8765358,68.9983223274,3064.29,62,0.0,16.8941,20980.0117016,62,3064.766447,118026.58677,1.0,69654.9706811,-3076.98,18122.8,3064.24,186.566,94073.5724431,55376.8765358,7578.91258328,55376.8765358,3064.766447
78002.0251911,69.2173582872,3090.46,63,0.0,16.8941,19649.345703,63,3090.9972733,117587.90821,1.0,67350.6524214,-3103.62,16862.0,3090.45,188.228,91087.8518776,78002.0251911,7319.09179152,78002.0251911,3090.9972733
90058.3243433,71.0555453959,3153.45,64,0.0,16.8941,22683.7722114,64,3154.04839185,117728.623264,1.0,69220.1144194,-3166.78,19860.2,3153.44,189.847,95830.9855411,90058.3243433,7443.51444995,90058.3243433,3154.04839185
47427.1529699,71.7932565882,3195.95,65,0.0,16.8941,21212.1940001,65,3196.58659743,117537.880946,1.0,69338.1052046,-3209.25,20059.3,3195.93,191.362,93429.1855558,47427.1529699,7368.16229867,47427.1529699,3196.58659743
59333.8756057,72.0250246545,3228.15,66,0.0,16.8941,18954.2747279,66,3228.78321194,117774.431645,1.0,69418.1384702,-3241.6,20123.6,3228.12,192.843,103303.364835,59333.8756057,7920.65814047,59333.8756057,3228.78321194
59743.4889546,70.8740674814,3266.12,67,0.0,16.8941,19851.595356,67,3266.57485811,117798.727382,1.0,69281.4727456,-3279.77,18333.2,3266.11,194.147,96040.1265254,59743.4889546,7569.84377484,59743.4889546,3266.57485811
56730.1678157,76.0452725646,3313.64,68,0.0,16.8941,15729.6796867,68,3314.28596386,117345.611985,1.0,69617.9823621,-3327.17,25149.0,3313.51,195.856,102987.570641,56730.1678157,7834.43787285,56730.1678157,3314.28596386
54906.727809,71.3435208445,3337.3,69,0.0,16.8941,22196.1115727,69,3337.75889983,117728.062598,1.0,69301.6230135,-3350.7,18443.5,3337.3,197.218,96122.9341451,54906.727809,7557.60866975,54906.727809,3337.75764474
55469.4582824,77.9958168536,3366.73,70,0.0,16.8941,18171.2891219,70,3367.45973802,117624.670153,1.0,69420.7606776,-3380.34,24930.4,3366.72,198.845,86977.1119904,55469.4582824,7263.63885877,55469.4582824,3367.45973802
78644.6122447,80.2895182014,3412.75,71,0.0,16.8941,11873.36878,71,3413.25801381,117819.499614,1.0,93344.8058115,-3426.33,27642.7,3412.65,200.331,105441.679734,78644.6122447,7977.96477501,78644.6122447,3413.25801381
52745.0330537,75.8896582525,3463.9,72,0.0,16.8941,19999.0192575,72,3464.54605132,117945.52994,1.0,69298.6102007,-3477.79,23270.3,3463.89,201.692,95983.3744101,52745.0330537,7538.00128829,52745.0330537,3464.54605132
95905.2993915,77.5892637813,3509.03,73,0.0,16.8941,17552.6647445,73,3509.65255525,117366.187161,1.0,69387.7307409,-3522.89,23895.8,3509.03,203.07,89087.7701616,95905.2993915,7295.4959966,95905.2993915,3509.65255525
50467.1814161,76.7574297454,3538.19,74,0.0,16.8941,21617.051571,74,3538.78102329,117686.039101,1.0,66484.2271645,-3552.28,25411.1,3538.18,204.37,86290.5229105,50467.1814161,7059.51386514,50467.1814161,3538.78102329
111069.085607,80.3048320707,3588.91,75,0.0,16.8941,22140.6916642,75,3589.51626245,117934.18491,1.0,68370.012724,-3603.01,29339.9,3588.9,205.926,91671.690385,111069.085607,7406.47993539,111069.085607,3589.51626245
86086.7967487,74.5169209258,3641.96,76,0.0,16.8941,19319.4547528,76,3642.49758227,117379.423985,1.0,69990.3623584,-3656.07,19282.8,3641.87,207.145,96138.0022556,86086.7967487,7593.25780185,86086.7967487,3642.49105777
94755.9889262,80.4446530144,3711.39,77,0.0,16.8941,22216.8701479,77,3712.00388019,117845.655147,1.0,56064.3773397,-3725.43,25608.4,3711.31,208.491,87708.6787078,94755.9889262,7221.46355488,94755.9889262,3711.97935602
36904.8031819,78.8532520735,3754.19,78,0.0,16.8941,15567.7381623,78,3754.75272808,117788.716188,1.0,70973.1963511,-3768.43,23504.1,3754.16,209.849,103286.428674,36904.8031819,7939.41949101,36904.8031819,3754.72795295
91631.8267491,82.8063524418,3787.37,79,0.0,16.8941,18964.5849302,79,3788.16136774,117673.929421,1.0,69340.0955992,-3801.96,27520.5,3787.37,211.236,83960.1683524,91631.8267491,6949.16166148,91631.8267491,3788.14046455
56773.1289509,85.1822093335,3815.95,80,0.0,16.8941,18737.4951093,80,3816.47588655,117597.834684,1.0,69444.2153988,-3830.36,31168.9,3815.88,212.637,84623.4305899,56773.1289509,7139.93201752,56773.1289509,3816.44283737
81655.6316228,83.3880817736,3857.39,81,0.0,16.8941,18652.0186896,81,3857.99380063,117739.345162,1.0,70185.1585047,-3871.57,29612.3,3857.32,214.059,103358.142458,81655.6316228,7934.91714059,81655.6316228,3857.99380063
76678.7564854,84.9627902397,3917.96,82,0.0,16.8941,19150.686492,82,3918.64136696,117737.556588,1.0,69329.7864349,-3932.03,27661.5,3917.91,215.26,103167.531631,76678.7564854,7877.04099052,76678.7564854,3918.64136696
56495.1449645,82.7947266922,3940.74,83,0.0,16.8941,19879.848999,83,3941.31093572,117762.542895,1.0,69559.6445054,-3954.8,23832.1,3940.74,216.573,98905.2881786,56495.1449645,7752.1083948,56495.1449645,3941.31093572
71594.9751514,86.3944161285,3981.0,84,0.0,16.8941,24159.5588346,84,3981.59847776,117960.665391,1.0,56963.9860756,-3994.86,33181.4,3981.0,217.865,95003.1669362,71594.9751514,7546.22304827,71594.9751514,3981.59847776
82363.8803563,84.3707315908,4022.84,85,0.0,16.8941,20887.1653909,85,4023.58945384,117950.895391,1.0,69223.591589,-4037.02,27965.9,4022.84,219.172,88998.304503,82363.8803563,7241.10622494,82363.8803563,4023.58945384
38757.8673087,88.8070145457,4049.34,86,0.0,16.8941,17855.4377225,86,4049.91185906,117559.218568,1.0,69459.8374906,-4063.23,38245.2,4049.34,220.419,98368.1521249,38757.8673087,7660.11577836,38757.8673087,4049.91185906
51109.044186,89.408558165,4065.31,87,0.0,16.8941,19241.5292312,87,4066.07201862,117784.398245,1.0,69235.5576242,-4079.34,33865.3,4065.3,221.798,103224.757558,51109.044186,7886.76815002,51109.044186,4066.07201862
71689.7336839,88.0370742972,4108.73,88,0.0,16.8941,19043.398994,88,4109.39664499,117569.839709,1.0,65078.6001575,-4122.56,32687.9,4108.72,223.067,84039.8734989,71689.7336839,6997.12011757,71689.7336839,4109.378382
64050.6618845,82.1158274547,4137.06,89,0.0,16.8941,21488.9665107,89,4137.43450552,117910.683819,1.0,68702.1531629,-4150.7,25058.0,4137.01,224.28,86440.9219607,64050.6618845,7082.90902306,64050.6618845,4137.43450552
96254.0733395,87.7662669316,4171.45,90,0.0,16.8941,21290.9401602,90,4172.04095164,117448.910152,1.0,68718.9089275,-4185.01,28897.7,4171.45,225.681,93367.6612628,96254.0733395,7322.33918258,96254.0733395,4172.04095164
56161.5039478,88.2938054075,4208.53,91,0.0,16.8941,18322.4857087,91,4209.15297486,117426.612396,1.0,69276.5050126,-4221.82,29052.6,4208.52,226.948,93656.3731159,56161.5039478,7461.10677373,56161.5039478,4209.15297486
43425.5084588,92.2634281802,4238.68,92,0.0,16.8941,21994.6761365,92,4239.31217546,117832.08729,1.0,69305.2698301,-4252.05,35722.4,4238.6,228.352,83892.0467473,43425.5084588,6888.48816825,43425.5084588,4239.31217546
76410.010451,92.6761784867,4259.62,93,0.0,16.8941,20633.1484513,93,4260.12197829,117640.507299,1.0,69245.6500405,-4272.69,38991.5,4259.56,229.476,88934.6235264,76410.010451,7230.37377254,76410.010451,4260.12197829
98867.1404174,95.5537352964,4287.27,94,0.0,16.8941,18574.4824621,94,4287.77082485,117838.629,1.0,69595.9828309,-4299.92,40586.3,4287.02,230.76,100776.279317,98867.1404174,7775.35767412,98867.1404174,4287.77082485
89818.5535524,93.0983487549,4342.96,95,0.0,16.8941,19745.0857411,95,4343.58375687,117651.290277,1.0,69537.2157849,-4356.03,37550.7,4342.96,232.24,96077.4953619,89818.5535524,7568.1482447,89818.5535524,4343.58375687
79655.6139709,90.6358252192,4384.83,96,0.0,16.8941,18281.7518911,96,4385.42047848,117390.160928,1.0,69621.1836213,-4397.49,32634.2,4384.83,233.386,93666.8765975,79655.6139709,7458.18656499,79655.6139709,4385.42047848
52746.6825148,93.8291897795,4399.95,97,0.0,16.8941,19614.4113532,97,4400.69672545,117870.108559,1.0,69649.5729265,-4412.47,38340.0,4399.95,234.652,96110.7387749,52746.6825148,7591.08140083,52746.6825148,4400.69672545
83936.3483823,96.5656386767,4433.15,98,0.0,16.8941,18563.9134837,98,4433.66452094,117751.077692,1.0,69264.5597213,-4445.61,40999.8,4433.15,236.052,100852.044753,83936.3483823,7801.89273691,83936.3483823,4433.66452094
53330.6273449,88.6712646039,4476.76,99,0.0,16.8941,19731.003915,99,4477.22929404,117640.925617,1.0,69834.544148,-4488.52,29878.2,4476.76,237.149,96088.7329859,53330.6273449,7584.19640034,53330.6273449,4477.22929404
42961.4060207,91.1730600295,4491.0,100,0.0,16.8941,18568.6171459,100,4491.90438072,117638.026754,1.0,69296.7521593,-4503.01,32059.8,4491.0,238.468,100685.609815,42961.4060207,7730.56084659,42961.4060207,4491.90438072
107283.520382,97.4816880524,4516.5,101,0.0,16.8941,22330.7022141,101,4517.14501073,117610.9031,1.0,69341.1685302,-4528.28,40498.2,4516.5,239.727,91260.8448133,107283.520382,7308.0482984,107283.520382,4517.14501073
71103.8778203,97.0542460545,4556.97,102,0.0,16.8941,18297.5738028,102,4557.48869633,117599.801613,1.0,69540.0705324,-4568.79,41974.2,4556.96,240.998,93711.6345052,71103.8778203,7474.64898257,71103.8778203,4557.48557852
73090.7508514,95.0618612423,4580.49,103,0.0,16.8941,19757.9400642,103,4580.99880603,117531.675261,1.0,69418.2988968,-4592.34,38014.6,4580.4,242.103,91266.5076369,73090.7508514,7338.86560853,73090.7508514,4580.99880603
72756.914776,103.05474796,4624.9,104,0.0,16.8941,16813.0548912,104,4625.7365774,117910.00211,1.0,69354.9463277,-4636.3,52121.2,4624.9,243.157,96317.848978,72756.914776,7662.55041938,72756.914776,4625.71883251
45069.7133717,94.0949953475,4636.88,105,0.0,16.8941,19864.8343416,105,4637.36593413,117638.270945,1.0,69314.4585035,-4648.37,36365.9,4636.88,244.302,91265.5692698,45069.7133717,7334.27125391,45069.7133717,4637.36593413
90950.1795274,95.2448013668,4646.05,106,0.0,16.8941,20843.2583062,106,4646.58974113,117567.627785,1.0,69419.3658906,-4657.27,37879.6,4646.02,245.515,88721.5641221,90950.1795274,7166.80158452,90950.1795274,4646.58974113
90969.9125312,97.8434424045,4690.56,107,0.0,16.8941,20938.9924972,107,4690.93620973,117878.552941,1.0,69609.3700702,-4701.69,42967.1,4690.54,246.577,93831.4976214,90969.9125312,7508.03613273,90969.9125312,4690.93620973
92736.305074,103.304084345,4747.36,108,0.0,16.8941,11934.5988786,108,4747.95042631,117720.113006,1.0,93573.8946307,-4758.64,46383.7,4747.36,247.966,105600.23503,92736.305074,8037.54699505,92736.305074,4747.94629148
86147.3341746,100.501898044,4757.92,109,0.0,16.8941,20738.204107,109,4758.75794866,117419.876164,1.0,69331.7821941,-4768.82,45166.9,4757.89,248.956,88821.2255357,86147.3341746,7188.38834999,86147.3341746,4758.75794866
72292.7317778,102.610171086,4799.2,110,0.0,16.8941,22503.6652213,110,4799.49647325,117860.925608,1.0,69275.0431286,-4809.95,52320.3,4799.06,250.135,91458.9276463,72292.7317778,7371.68480631,72292.7317778,4799.48708346
86541.2403718,98.054494654,4833.34,111,0.0,16.8941,20854.2389555,111,4833.93940539,117652.640422,1.0,69531.8379818,-4843.94,43243.3,4833.34,251.268,94098.7894365,86541.2403718,7551.8903279,86541.2403718,4833.93940539
93021.9922199,100.509082878,4859.59,112,0.0,16.8941,20866.7140601,112,4860.20489323,117416.64564,1.0,51934.6983566,-4870.4,40904.6,4859.56,252.304,84661.8835694,93021.9922199,6999.71263997,93021.9922199,4860.18188068
78666.5031912,104.801839023,4885.86,113,0.0,16.8941,18537.4799427,113,4886.610884,117666.065575,1.0,69655.0288363,-4896.9,54940.1,4885.84,253.402,100868.116762,78666.5031912,7808.54849124,78666.5031912,4886.610884
36416.4000544,97.3756376788,4894.78,114,0.0,16.8941,21170.5295644,114,4895.35734682,117657.82761,1.0,69543.8740233,-4905.65,39435.1,4894.78,254.455,93756.1474954,36416.4000544,7468.72914361,36416.4000544,4895.33710567
38630.9327549,104.275673727,4923.53,115,0.0,16.8941,18617.7035645,115,4924.00885993,117745.247223,1.0,69291.7669559,-4934.05,53677.7,4923.49,255.623,100878.765454,38630.9327549,7799.32677882,38630.9327549,4924.00885993
54641.037121,105.4139374,4930.66,116,0.0,16.8941,17594.4764715,116,4931.76493424,117785.819881,1.0,69641.2424424,-4941.43,50786.1,4930.66,256.851,98594.7666784,54641.037121,7734.18095078,54641.037121,4931.72149852
41655.8476009,102.157450041,4919.88,117,0.0,16.8941,20236.1196058,117,4920.02079865,117573.091382,1.0,55647.9764795,-4930.1,47539.0,4919.62,257.757,77739.4666726,41655.8476009,6572.43753236,41655.8476009,4920.02079865
94382.7395847,104.190880946,4964.37,118,0.0,16.8941,19730.8647105,118,4964.96578059,117801.093428,1.0,69894.9976896,-4974.9,51800.4,4964.37,258.947,96174.1388645,94382.7395847,7615.52881369,94382.7395847,4964.96578059
65297.3735722,107.333493584,4997.31,119,0.0,16.8941,15898.2211529,119,4998.10736082,117774.177405,1.0,69242.9397146,-5008.02,50754.2,4997.31,260.004,107940.653048,65297.3735722,8088.55293786,65297.3735722,4998.10736082
89488.8219724,110.69736864,5023.9,120,0.0,16.8941,21276.9111885,120,5024.62678667,117806.502621,1.0,69321.7787276,-5034.26,67030.9,5023.83,261.042,93783.1336148,89488.8219724,7486.84545887,89488.8219724,5024.62678667
58763.0038345,103.292324633,5020.48,121,0.0,16.8941,22298.0475859,121,5020.91563695,117516.228048,1.0,69256.4295914,-5031.26,49817.5,5020.47,262.247,91453.2969765,58763.0038345,7372.60787504,58763.0038345,5020.91563695
90039.383206,101.729539682,5060.83,122,0.0,16.8941,20221.9507672,122,5061.19697546,117322.813013,1.0,69619.6871584,-5071.37,45885.6,5060.68,263.333,89242.911556,90039.383206,7333.79127361,90039.383206,5061.14351784
54901.9886142,106.369787472,5074.62,123,0.0,16.8941,21207.4852542,123,5075.44863681,117753.017431,1.0,69443.414226,-5085.18,50146.4,5074.62,264.415,93820.6022366,54901.9886142,7487.74697155,54901.9886142,5075.37946115
33605.045305,103.599581943,5092.42,124,0.0,16.8941,18616.5980893,124,5092.88267016,117527.818294,1.0,69299.2127649,-5103.02,46291.0,5092.38,265.534,100652.792981,33605.045305,7718.38158406,33605.045305,5092.8723784
80753.8923558,100.869941928,5123.23,125,0.0,16.8941,15898.1692662,125,5123.67924812,117777.331368,1.0,69169.8538113,-5133.91,38546.1,5123.23,266.561,107821.8383,80753.8923558,8047.17768364,80753.8923558,5123.67924812
54779.2388209,109.53933615,5119.11,126,0.0,16.8941,18917.6986366,126,5120.09033335,117652.706567,1.0,67163.5271028,-5129.6,55546.7,5119.11,267.72,86165.5007371,54779.2388209,7035.8128224,54779.2388209,5120.09033335
88604.7935124,109.57217906,5135.52,127,0.0,16.8941,19167.1639805,127,5136.12926333,117725.943347,1.0,69176.62534,-5146.07,57007.6,5135.52,268.883,83949.4486297,88604.7935124,6911.5336638,88604.7935124,5136.12926333
87782.1685533,106.947668074,5180.66,128,0.0,16.8941,17892.7300648,128,5180.93459783,117556.84931,1.0,69226.6838063,-5190.82,47119.6,5180.48,269.93,88840.871334,87782.1685533,7222.10811767,87782.1685533,5180.921902
70546.8147825,106.231955022,5205.02,129,0.0,16.8941,19388.796869,129,5205.38153344,117441.145671,1.0,69750.1712531,-5215.39,49328.1,5204.98,271.019,91392.8750688,70546.8147825,7386.37549295,70546.8147825,5205.37962354
57440.7298902,114.067032412,5222.57,130,0.0,16.8941,22376.8785844,130,5223.42472634,117561.14978,1.0,69290.9817951,-5233.0,65365.6,5222.57,272.061,95769.2455204,57440.7298902,7445.08211578,57440.7298902,5223.36621639
34505.6694919,107.784046239,5232.22,131,0.0,16.8941,19928.2705779,131,5232.84225646,117871.847209,1.0,69330.0175623,-5242.86,52630.0,5232.21,273.143,95844.9253711,34505.6694919,7494.30921834,34505.6694919,5232.84225646
95037.8616244,105.84427384,5240.08,132,0.0,16.8941,22827.2967699,132,5240.44974798,117992.377472,1.0,67395.249554,-5250.47,51450.4,5240.0,274.222,95735.2779095,95037.8616244,7450.51813014,95037.8616244,5240.43799714
60740.5397247,117.040660946,5257.02,133,0.0,16.8941,21059.0522895,133,5257.80704447,117794.639567,1.0,69693.6713997,-5267.69,68297.3,5256.99,275.46,93786.2625353,60740.5397247,7488.46270173,60740.5397247,5257.80704447
70093.7127081,110.43683768,5276.19,134,0.0,16.8941,15646.0307349,134,5276.51974374,117485.724357,1.0,69369.5432871,-5286.58,51057.1,5275.92,276.525,82229.1229677,70093.7127081,7041.22646497,70093.7127081,5276.51974374
91008.0614881,113.479189794,5312.13,135,0.0,16.8941,20280.0265895,135,5312.77662059,117693.283991,1.0,57311.3008711,-5322.85,62429.5,5312.11,277.439,92475.1537868,91008.0614881,7416.11189338,91008.0614881,5312.77662059
71180.0883977,112.194430341,5312.32,136,0.0,16.8941,22324.6399465,136,5313.09842681,117722.033964,1.0,69922.4268647,-5322.76,56425.6,5312.32,278.387,91562.3519837,71180.0883977,7435.38581456,71180.0883977,5313.09842681
91997.7546921,109.445857182,5360.09,137,0.0,16.8941,19159.3078357,137,5360.72251726,117725.385193,1.0,69289.2229694,-5370.35,52725.8,5360.08,279.444,103081.953545,91997.7546921,7837.00747406,91997.7546921,5360.70157916
55572.3781578,107.786655429,5380.23,138,0.0,16.8941,15596.7668501,138,5381.18301472,117635.909577,1.0,70832.034839,-5390.64,51933.0,5380.22,280.38,103184.279128,55572.3781578,7901.58309897,55572.3781578,5381.14102934
65874.6412859,109.78029977,5389.82,139,0.0,16.8941,18327.5282868,139,5389.96206851,117491.180222,1.0,69872.8857677,-5399.94,50649.4,5389.65,281.531,100742.025922,65874.6412859,7765.88675696,65874.6412859,5389.81865743
63472.1477864,117.423469909,5421.89,140,0.0,16.8941,19088.9819189,140,5422.90499055,117820.347404,1.0,69701.8616734,-5432.26,70681.2,5421.79,282.488,105625.166711,63472.1477864,8012.18691346,63472.1477864,5422.79889375
54395.9328527,108.562186441,5425.84,141,0.0,16.8941,23291.0723497,141,5426.39295348,117503.73701,1.0,69548.0200399,-5435.99,48056.0,5425.75,283.493,94072.9287477,54395.9328527,7521.69032498,54395.9328527,5426.38473178
101721.400072,109.388042658,5435.8,142,0.0,16.8941,21331.198006,142,5436.29830999,117747.039887,1.0,69656.183348,-5446.16,52152.9,5435.8,284.452,100770.874198,101721.400072,7748.33956994,101721.400072,5436.29441354
103774.204843,108.310474185,5469.4,143,0.0,16.8941,19488.421484,143,5469.65615303,117709.430647,1.0,69620.4919883,-5479.7,47936.9,5469.4,285.306,91658.3485112,103774.204843,7468.52870867,103774.204843,5469.63607188
90144.1529379,115.453735334,5500.19,144,0.0,16.8941,19655.5108866,144,5501.16420322,117994.286263,1.0,69684.39247,-5510.65,64089.6,5500.18,286.283,91459.2377344,90144.1529379,7411.20406712,90144.1529379,5501.16420322
71018.7352861,109.540443293,5525.85,145,0.0,16.8941,20859.2176734,145,5526.10807026,117683.958477,1.0,69288.2413673,-5535.83,50776.6,5525.78,287.261,98271.1329896,71018.7352861,7601.04463024,71018.7352861,5526.10807026
51632.6617986,112.329681914,5531.87,146,0.0,16.8941,19714.7559335,146,5532.4532961,117752.931078,1.0,69408.7228867,-5541.78,56583.0,5531.87,288.386,96118.4247746,51632.6617986,7592.90074539,51632.6617986,5532.4532961
68712.5222949,119.103291986,5540.2,147,0.0,16.8941,17688.2716086,147,5540.91152152,117516.314896,1.0,69730.6388147,-5550.53,69510.3,5540.12,289.344,98396.0722296,68712.5222949,7668.10593657,68712.5222949,5540.91152152
71516.508339,114.845886042,5566.59,148,0.0,16.8941,22622.3930265,148,5567.10474173,117853.189643,1.0,69420.1456543,-5576.78,61626.1,5566.52,290.383,96028.2119609,71516.508339,7534.04472517,71516.508339,5567.05917499
51381.4065829,115.133519374,5575.65,149,0.0,16.8941,17607.8449584,149,5576.36088164,117766.657818,1.0,70059.3601255,-5585.89,62014.5,5575.58,291.332,98466.20329,51381.4065829,7694.9584624,51381.4065829,5576.25458479
52349.9630982,112.824186169,5568.23,150,0.0,16.8941,20644.8815405,150,5568.9888928,117709.487151,1.0,69265.6188047,-5578.19,51486.1,5568.16,292.365,88875.8772201,52349.9630982,7210.16695245,52349.9630982,5568.9888928
94976.4503853,116.510368397,5589.53,151,0.0,16.8941,19006.0789385,151,5590.11099165,117762.519243,1.0,69347.9435618,-5599.6,62554.8,5589.5,293.429,103021.768807,94976.4503853,7827.20638959,94976.4503853,5590.08561328
36159.1770015,112.947787985,5600.14,152,0.0,16.8941,17809.2145184,152,5599.86277048,117644.688245,1.0,69318.5099246,-5609.47,55937.8,5599.75,294.438,98383.140319,36159.1770015,7662.79569529,36159.1770015,5599.86277048
74614.6902416,109.230493766,5619.6,153,0.0,16.8941,20271.3599793,153,5620.33137147,117583.572825,1.0,69456.6120913,-5629.42,48597.0,5619.6,295.536,98828.7418088,74614.6902416,7729.64427128,74614.6902416,5620.33137147
50588.9791312,115.348272979,5623.47,154,0.0,16.8941,20375.0999127,154,5624.17067443,117354.33369,1.0,69498.3509144,-5633.3,59332.1,5623.47,296.64,88981.4521257,50588.9791312,7250.26765415,50588.9791312,5624.16539166
56266.5500138,112.05306314,5626.93,155,0.0,16.8941,21011.0718151,155,5627.6637398,117577.512949,1.0,69232.1356472,-5636.53,55945.9,5626.93,297.582,93798.6784372,56266.5500138,7478.28012254,56266.5500138,5627.62174313
74632.897251,119.395107408,5652.39,156,0.0,16.8941,21033.605971,156,5653.10455643,117396.317048,1.0,69564.5776944,-5661.9,78166.9,5652.25,298.55,93690.3760852,74632.897251,7456.49700037,74632.897251,5653.06253275
91270.7438981,117.58390303,5661.11,157,0.0,16.8941,15931.8852381,157,5661.85576432,117809.073082,1.0,70103.3987041,-5670.73,69556.7,5661.11,299.574,105639.009908,91270.7438981,8027.44810757,91270.7438981,5661.82108707
93627.9573582,111.403766532,5696.27,158,0.0,16.8941,20260.1347627,158,5696.85557938,117838.062341,1.0,55627.4272025,-5705.78,54060.3,5696.11,300.525,85134.6784269,93627.9573582,7044.35727058,93627.9573582,5696.73030197
97551.9875563,114.394414237,5725.03,159,0.0,16.8941,20763.8463856,159,5725.5665947,117751.592346,1.0,69457.3675114,-5734.74,60643.2,5725.03,301.432,98523.1777464,97551.9875563,7700.31098897,97551.9875563,5725.55297501
65767.2104975,119.686133337,5707.6,160,0.0,16.8941,20755.0629898,160,5708.66796358,117747.480317,1.0,69329.7576211,-5717.11,72965.1,5707.6,302.292,88937.1009743,65767.2104975,7223.65201635,65767.2104975,5708.57810401
49191.4355559,116.039636106,5746.67,161,0.0,16.8941,19329.9481468,161,5747.19510749,117745.235696,1.0,69303.933933,-5756.15,64941.6,5746.56,303.066,105517.052628,49191.4355559,7959.75482953,49191.4355559,5747.07811391
38231.1935027,115.390263907,5738.54,162,0.0,16.8941,21301.5198849,162,5739.57093377,118054.991947,1.0,58198.2505527,-5747.99,68011.6,5738.5,304.155,90025.1420417,38231.1935027,7242.14147363,38231.1935027,5739.16593339
53360.5574701,111.580762505,5734.5,163,0.0,16.8941,22374.8081831,163,5735.03645414,117701.596358,1.0,69257.9221576,-5743.81,59918.4,5734.5,305.084,96198.1301547,53360.5574701,7585.39711362,53360.5574701,5735.03645414
47144.1885795,114.517609457,5744.88,164,0.0,16.8941,19854.1657639,164,5745.44682664,117924.302331,1.0,69429.4625193,-5753.75,55159.4,5744.58,306.038,91299.0233542,47144.1885795,7356.12714368,47144.1885795,5744.97216232
57933.0149258,121.958561543,5753.59,165,0.0,16.8941,15004.8206086,165,5754.24239595,117849.819789,1.0,69364.3550932,-5762.59,74072.3,5753.25,306.909,93770.5526537,57933.0149258,7519.90491393,57933.0149258,5753.88522529
53155.5074344,114.35614978,5773.94,166,0.0,16.8941,21452.5706373,166,5774.41367464,117626.536612,1.0,69455.7674708,-5782.88,58608.7,5773.92,307.774,86447.6303927,53155.5074344,7081.46420545,53155.5074344,5774.41367464
43464.5620845,114.472756703,5780.9,167,0.0,16.8941,14048.3409627,167,5781.67519543,117636.988946,1.0,70504.4828069,-5789.62,55301.4,5780.69,308.732,112643.403717,43464.5620845,8271.92260106,43464.5620845,5781.29912033
58209.8476936,114.432591845,5767.75,168,0.0,16.8941,15628.8968267,168,5767.83207763,117279.629497,1.0,69411.5657784,-5775.84,57456.9,5767.02,309.749,82200.8209955,58209.8476936,7035.04823403,58209.8476936,5767.33250307
102765.891854,121.046090478,5790.87,169,0.0,16.8941,20879.9673431,169,5791.56717837,117913.325569,1.0,69195.5859808,-5799.43,71181.9,5790.83,310.57,98422.8581616,102765.891854,7649.48565974,102765.891854,5791.56717837
108914.278254,113.290644512,5807.87,170,0.0,16.8941,23324.5365328,170,5808.18185623,117737.616641,1.0,69526.8196264,-5816.32,55617.1,5807.6,311.471,88955.5988989,108914.278254,7232.70433154,108914.278254,5808.18185623
86575.4953894,116.447088732,5821.75,171,0.0,16.8941,22309.5533474,171,5822.10960637,117522.490475,1.0,69267.1221337,-5830.01,65372.2,5821.75,312.326,91036.5077755,86575.4953894,7240.64526416,86575.4953894,5822.10960637
53571.2376419,125.406744741,5844.48,172,0.0,16.8941,18864.4634596,172,5845.16971085,117798.155767,1.0,69304.0944941,-5853.07,89847.2,5844.48,313.326,103225.67264,53571.2376419,7887.2651568,53571.2376419,5845.15544444
93728.5838806,122.692981424,5859.9,173,0.0,16.8941,16905.5741363,173,5860.94857977,117555.872634,1.0,68897.98028,-5868.56,76967.9,5859.9,314.205,91122.0646258,93728.5838806,7273.28059954,93728.5838806,5860.87529075
78122.4949014,117.487586011,5884.17,174,0.0,16.8941,18786.9395886,174,5884.93481271,117864.060701,1.0,69341.3084945,-5892.91,63257.2,5884.17,315.161,100872.140738,78122.4949014,7804.70235187,78122.4949014,5884.93481271
51121.2373573,124.345134619,5864.97,175,0.0,16.8941,18420.6965274,175,5865.47459236,117879.944179,1.0,70052.6091287,-5873.35,81348.8,5864.87,316.032,100948.10904,51121.2373573,7845.33841104,51121.2373573,5865.47459236
85965.6923948,117.871928891,5899.49,176,0.0,16.8941,20658.200618,176,5900.10747771,117750.358622,1.0,69551.7374104,-5908.06,60911.2,5899.49,316.962,98525.9852374,85965.6923948,7702.40828774,85965.6923948,5900.10747771
91136.2546639,117.68800795,5908.23,177,0.0,16.8941,20671.0143456,177,5908.99592343,117580.215724,1.0,69170.233394,-5916.48,62524.2,5908.06,317.905,88974.5883617,91136.2546639,7244.26256725,91136.2546639,5908.98753327
54669.1884571,117.947387304,5924.81,178,0.0,16.8941,15881.5047128,178,5925.18733983,117735.873711,1.0,69316.7550149,-5933.13,65353.4,5924.71,318.887,103172.308407,54669.1884571,7895.49297077,54669.1884571,5925.11250633
52217.8498324,124.324544663,5913.87,179,0.0,16.8941,15768.6048092,179,5914.63421895,117656.59026,1.0,69992.713705,-5922.14,83610.4,5913.87,319.781,107911.778193,52217.8498324,8088.52870448,52217.8498324,5914.57349343
93043.6858969,118.512399923,5920.55,180,0.0,16.8941,15490.8118957,180,5920.82543031,117891.76622,1.0,70876.2224539,-5928.43,71154.9,5920.55,320.537,103319.441824,93043.6858969,7951.62377954,93043.6858969,5920.82543031
87154.0158857,116.533258284,5940.66,181,0.0,16.8941,21588.2737377,181,5941.45968396,117368.05569,1.0,67882.8357068,-5948.89,62553.2,5940.65,321.431,86242.7907289,87154.0158857,7007.20812481,87154.0158857,5941.44498719
80350.1581389,115.352842076,5951.09,182,0.0,16.8941,19750.9958933,182,5951.69204027,117737.368936,1.0,69429.4923535,-5958.98,56513.2,5951.04,322.392,91520.5096738,80350.1581389,7425.40584527,80350.1581389,5951.69204027
51369.0074963,119.671734945,5971.56,183,0.0,16.8941,18482.9908522,183,5972.17044072,117574.607095,1.0,70450.3139046,-5979.16,72563.9,5971.52,323.29,103544.497681,51369.0074963,7984.74969224,51369.0074963,5972.14710481
48335.8423786,120.126530817,5981.0,184,0.0,16.8941,17758.8443715,184,5981.36041037,117782.727288,1.0,69439.6735123,-5988.44,68625.1,5981.0,324.344,89138.1351882,48335.8423786,7318.01973752,48335.8423786,5981.32918217
76456.6645,114.153528153,5971.84,185,0.0,16.8941,18862.5708919,185,5972.1234413,117888.750226,1.0,69991.573375,-5979.06,61296.5,5971.64,325.264,103268.966454,76456.6645,7917.00716363,76456.6645,5972.07729218
89704.7873696,117.03784411,5990.27,186,0.0,16.8941,17799.9863087,186,5990.45501971,117767.272199,1.0,69363.2048898,-5997.42,59829.1,5989.96,326.236,88947.6063968,89704.7873696,7268.9202496,89704.7873696,5990.31068583
90329.9260354,120.777666484,6010.69,187,0.0,16.8941,18795.5499239,187,6011.50843051,117480.185468,1.0,69522.2274777,-6018.01,65500.9,6010.69,327.245,102989.334818,90329.9260354,7810.78957627,90329.9260354,6011.50843051
85171.0751066,123.103771678,6006.44,188,0.0,16.8941,15832.4402142,188,6007.22512683,117148.19761,1.0,69289.468579,-6013.71,80968.2,6006.43,328.02,84066.9027989,85171.0751066,6999.66327253,85171.0751066,6007.05048018
88994.6069305,116.696606103,6049.15,189,0.0,16.8941,15816.0233485,189,6049.9601862,117653.298379,1.0,69628.1713844,-6056.49,64959.2,6049.15,328.941,103203.046528,88994.6069305,7905.17142348,88994.6069305,6049.87599858
35803.7488403,126.704395152,6062.28,190,0.0,16.8941,22128.9826884,190,6063.04862224,117742.993862,1.0,69743.0277864,-6069.54,88579.9,6062.26,329.893,96302.3092355,35803.7488403,7628.72639095,35803.7488403,6063.04047704
99442.7100097,117.604527554,6058.87,191,0.0,16.8941,20839.9311263,191,6059.39714871,117793.921716,1.0,69356.7755367,-6066.02,68479.2,6058.87,330.61,98474.8519249,99442.7100097,7685.06335765,99442.7100097,6059.39714871
93571.5017968,116.472980592,6087.29,192,0.0,16.8941,18558.879734,192,6087.83886628,117504.613754,1.0,70335.7956687,-6094.7,64293.7,6087.27,331.443,103067.984061,93571.5017968,7850.71837621,93571.5017968,6087.7472959
79949.9100534,127.627615756,6095.27,193,0.0,16.8941,23677.4878452,193,6095.96095205,117741.175484,1.0,53108.5043868,-6102.61,87362.4,6095.06,332.339,91984.7694872,79949.9100534,7326.11332047,79949.9100534,6095.8452899
94229.2589894,123.177053887,6078.38,194,0.0,16.8941,22940.8552047,194,6078.97938484,117826.395254,1.0,69449.2983992,-6086.01,83925.4,6078.35,333.258,89694.8039526,94229.2589894,7394.29705793,94229.2589894,6078.93262866
90469.9888021,119.586430393,6132.0,195,0.0,16.8941,19869.6263681,195,6132.57894104,117654.414992,1.0,69523.734665,-6139.72,64197.6,6131.91,334.16,96112.0130331,90469.9888021,7574.95671862,90469.9888021,6132.57042592
85452.5102264,123.608199607,6122.16,196,0.0,16.8941,21106.8304527,196,6122.3040946,117593.976079,1.0,69607.055621,-6129.47,71618.0,6121.93,335.045,93836.7156603,85452.5102264,7507.00352188,85452.5102264,6122.3040946
41192.6397515,114.623018245,6130.12,197,0.0,16.8941,15471.4882439,197,6130.77971646,117722.548011,1.0,71244.126956,-6137.54,59780.1,6130.12,335.904,108087.706244,41192.6397515,8143.12648046,41192.6397515,6130.77971646
90586.7742906,118.439779089,6143.46,198,0.0,16.8941,19793.8901461,198,6143.93874063,117757.291825,1.0,69321.2500803,-6151.14,69708.2,6143.46,336.956,91212.6812299,90586.7742906,7309.79520877,90586.7742906,6143.92381531
64574.7783698,128.383537474,6150.56,199,0.0,16.8941,18387.9809083,199,6151.2150319,117637.317075,1.0,69150.7348143,-6158.11,88233.4,6150.53,337.833,93662.1116653,64574.7783698,7439.95812892,64574.7783698,6151.1904371
100742.841648,125.475471429,6187.74,200,0.0,16.8941,19741.2240038,200,6188.14000604,117602.063644,1.0,69408.2729857,-6195.29,88251.0,6187.74,338.566,91302.9230887,100742.841648,7353.66458545,100742.841648,6188.00960361
94100.2301791,119.869024434,6180.72,201,0.0,16.8941,21119.1466267,201,6181.43743165,117882.298075,1.0,69636.2280802,-6188.27,68043.6,6180.71,339.451,100822.161698,94100.2301791,7781.39241433,94100.2301791,6181.43743165
78333.2592945,129.676968928,6182.86,202,0.0,16.8941,19621.8973153,202,6183.51900914,117894.989781,1.0,69585.4174862,-6190.28,97812.3,6182.86,340.373,96126.9093757,78333.2592945,7601.07583273,78333.2592945,6183.51900914
77362.9498736,121.297906664,6194.57,203,0.0,16.8941,9523.45788038,203,6195.42347197,117574.323927,1.0,93535.7405398,-6202.04,72871.3,6194.57,341.382,112622.130906,77362.9498736,8285.6223224,77362.9498736,6195.42347197
38484.4333291,117.567864621,6192.19,204,0.0,16.8941,22350.2167855,204,6192.56214556,117763.493949,1.0,69329.8068134,-6199.29,59090.7,6192.19,342.092,96151.2958772,38484.4333291,7566.47067762,38484.4333291,6192.56214556
51506.6337105,122.444888401,6182.79,205,0.0,16.8941,21465.3128079,205,6183.56731142,117664.743987,1.0,69308.2668195,-6189.72,75658.7,6182.79,343.061,86418.0302286,51506.6337105,7065.63187689,51506.6337105,6183.56731142
58498.290868,123.233724678,6190.04,206,0.0,16.8941,20378.3600563,206,6190.64588302,117854.990548,1.0,55513.0460539,-6196.93,76678.9,6190.04,343.861,85148.9950396,58498.290868,7066.04336234,58498.290868,6190.64588302
82700.9424365,119.207650408,6213.26,207,0.0,16.8941,20627.6933602,207,6213.77480882,117682.757174,1.0,55511.0606286,-6220.07,70684.9,6213.24,344.788,80297.9776314,82700.9424365,6777.51290187,82700.9424365,6213.76743805
64940.5180925,123.323706438,6197.15,208,0.0,16.8941,19793.1897014,208,6197.45548374,117822.947173,1.0,69269.8807154,-6203.9,81936.9,6197.12,345.685,95953.5674363,64940.5180925,7542.84491613,64940.5180925,6197.45548374
64802.336165,118.22468289,6231.68,209,0.0,16.8941,25858.8598373,209,6232.00797861,117468.283108,1.0,54067.8564923,-6238.59,58518.7,6231.67,346.515,87990.3555803,64802.336165,7020.66137156,64802.336165,6232.00797861
37961.3987053,120.861564587,6217.43,210,0.0,16.8941,19775.7809943,210,6218.01980092,117933.737696,1.0,56313.2305477,-6224.21,65645.7,6217.39,347.462,87638.3769946,37961.3987053,7195.46855815,37961.3987053,6217.99357977
85465.6697112,124.012761091,6206.74,211,0.0,16.8941,22548.9060385,211,6207.17612841,117727.654507,1.0,69378.3044529,-6213.1,77535.1,6206.6,348.35,91200.6034627,85465.6697112,7287.73609859,85465.6697112,6207.14277743
94272.4015358,121.085751039,6250.65,212,0.0,16.8941,20704.8845833,212,6251.17094248,117793.814133,1.0,69386.2802673,-6257.21,82359.3,6250.65,349.073,89046.7994892,94272.4015358,7281.22616569,94272.4015358,6251.17094248
86728.7646994,121.739337188,6253.71,213,0.0,16.8941,19252.6385941,213,6254.12749412,117644.261993,1.0,70464.3080483,-6259.87,73221.4,6253.55,349.876,91670.3630634,86728.7646994,7464.55659259,86728.7646994,6254.09167612
44574.0250779,128.801635416,6237.37,214,0.0,16.8941,17613.8036787,214,6237.83300799,117765.746158,1.0,69766.0269876,-6243.73,94537.4,6237.37,350.855,89115.4219167,44574.0250779,7332.74267169,44574.0250779,6237.83300799
74919.0582772,125.234144306,6256.35,215,0.0,16.8941,16687.2271109,215,6257.03087016,117905.965355,1.0,69448.2057534,-6262.89,82499.4,6256.3,351.74,91481.04173,74919.0582772,7427.34555014,74919.0582772,6257.01095688
54959.7400186,121.986848575,6251.32,216,0.0,16.8941,18317.9182843,216,6251.8957762,117683.973105,1.0,69987.1482095,-6257.96,74850.2,6251.31,352.616,100835.286938,54959.7400186,7796.3893846,54959.7400186,6251.8957762
98379.845472,119.278916197,6253.08,217,0.0,16.8941,22430.9541958,217,6253.63146794,117912.810099,1.0,68624.1456652,-6259.6,58458.0,6253.08,353.533,96094.3782371,98379.845472,7531.91317584,98379.845472,6253.63146794
90588.1234489,124.261261636,6265.47,218,0.0,16.8941,18745.7770876,218,6265.78599156,117830.890243,1.0,70542.0359086,-6272.06,73059.7,6265.47,354.573,103323.800359,90588.1234489,7933.33018469,90588.1234489,6265.78599156
76134.6923165,124.591772912,6277.37,219,0.0,16.8941,22215.5048455,219,6278.55120316,117622.967777,1.0,69569.7308202,-6284.15,75279.5,6277.37,355.532,96165.2944281,76134.6923165,7585.32872578,76134.6923165,6278.55120316
49816.0856587,119.905651553,6279.49,220,0.0,16.8941,18674.5528726,220,6279.46043841,117517.607902,1.0,67943.7823154,-6286.06,64835.1,6279.49,356.476,93427.5786672,49816.0856587,7391.52159402,49816.0856587,6279.46043841
76001.5811165,120.580161969,6289.89,221,0.0,16.8941,21028.0219734,221,6290.5933771,117854.300166,1.0,69571.3846673,-6296.75,66268.9,6289.89,357.401,93854.2753174,76001.5811165,7512.17700833,76001.5811165,6290.54679793
38782.8578911,124.530147158,6308.83,222,0.0,16.8941,19155.5872571,222,6309.16571426,117835.943069,1.0,69353.8641069,-6315.56,78931.6,6308.71,358.338,103011.636087,38782.8578911,7817.30083362,38782.8578911,6309.16571426
90650.3242131,125.556494475,6296.01,223,0.0,16.8941,15814.0750838,223,6296.44280354,117788.621649,1.0,70518.5197035,-6302.82,78420.2,6295.78,359.227,105699.230836,90650.3242131,8054.08007321,90650.3242131,6296.43036641
34594.6019334,124.450531084,6273.92,224,0.0,16.8941,16692.8772511,224,6274.5247789,117700.19589,1.0,69366.3345181,-6280.46,76475.0,6273.82,360.108,95997.8114927,34594.6019334,7565.95992205,34594.6019334,6274.51329178
40462.726735,121.71194849,6273.95,225,0.0,16.8941,22357.9805531,225,6274.54529415,117836.42884,1.0,69831.8691421,-6280.51,75236.4,6273.87,360.965,96308.4518956,40462.726735,7643.08001491,40462.726735,6274.49577596
57643.1459675,129.58434408,6282.67,226,0.0,16.8941,18478.2148961,226,6283.29045359,117479.613402,1.0,69331.0648031,-6289.6,97044.2,6282.66,361.925,86708.6277517,57643.1459675,7184.49066182,57643.1459675,6283.27800275
39172.6806741,122.291008017,6282.25,227,0.0,16.8941,15742.2879967,227,6282.44462096,117639.389166,1.0,69302.7265216,-6289.19,72623.2,6282.25,362.792,103104.529079,39172.6806741,7851.68024371,39172.6806741,6282.44462096
52739.3773855,120.906680723,6267.8,228,0.0,16.8941,18657.8204452,228,6268.56551711,117859.325758,1.0,69479.2410138,-6274.64,71344.7,6267.8,363.753,100883.128408,52739.3773855,7818.51181845,52739.3773855,6268.56551711
89553.1012413,121.821714485,6254.21,229,0.0,16.8941,20414.2870341,229,6254.25625635,117811.97935,1.0,69429.8207721,-6260.49,74001.7,6254.06,364.539,89224.9713103,89553.1012413,7332.84198855,89553.1012413,6254.25625635
81678.2080446,130.273792326,6281.72,230,0.0,16.8941,22201.539579,230,6282.41515361,117761.700734,1.0,69754.8284291,-6288.43,92594.8,6281.64,365.388,96216.0988858,81678.2080446,7599.43231768,81678.2080446,6282.40097943
39452.1167594,126.46147308,6278.14,231,0.0,16.8941,18859.4679448,231,6279.08027168,117717.175361,1.0,69881.5701963,-6284.87,88865.5,6278.14,366.254,103172.487421,39452.1167594,7880.49739741,39452.1167594,6279.08027168
54378.9801766,120.179729211,6280.3,232,0.0,16.8941,23810.1418143,232,6280.54211668,117868.27408,1.0,69729.0879008,-6286.99,67473.5,6280.26,367.061,93803.0766832,54378.9801766,7481.54561963,54378.9801766,6280.54211668
56831.6551429,125.009762957,6274.86,233,0.0,16.8941,16581.5692669,233,6275.45667714,117800.437639,1.0,69623.9579764,-6281.45,84867.5,6274.86,367.95,91546.8286135,56831.6551429,7452.32535316,56831.6551429,6275.37542383
52566.1066877,128.155201653,6274.33,234,0.0,16.8941,19773.6444188,234,6275.07538067,117618.938017,1.0,69503.2113814,-6280.87,96763.1,6274.33,368.727,95962.4342136,52566.1066877,7536.24283716,52566.1066877,6275.07538067
87061.8295117,116.880482902,6292.62,235,0.0,16.8941,17985.6998688,235,6292.92595686,117712.248173,1.0,69344.7550209,-6298.91,60452.3,6292.47,369.468,98410.6359355,87061.8295117,7671.44791313,87061.8295117,6292.92595686
46931.1705798,122.05393435,6308.01,236,0.0,16.8941,18652.7907534,236,6308.3747762,117851.246496,1.0,69329.7175116,-6314.57,70972.2,6307.91,370.28,100635.996952,46931.1705798,7712.9734688,46931.1705798,6308.3747762
100215.452514,128.095674924,6292.17,237,0.0,16.8941,19306.1483077,237,6292.80896626,117623.214883,1.0,70079.9464963,-6298.7,88762.1,6292.17,371.205,91623.1188114,100215.452514,7463.87717899,100215.452514,6292.80896626
53298.6023088,123.827024406,6291.73,238,0.0,16.8941,19689.3268782,238,6292.40894749,117784.711916,1.0,69672.126087,-6298.29,80954.8,6291.68,371.947,96164.7001255,53298.6023088,7606.24274627,53298.6023088,6292.39932147
41511.4582644,126.048463208,6321.13,239,0.0,16.8941,22342.8140536,239,6321.55402886,117542.597623,1.0,69251.2079825,-6327.56,81596.8,6321.0,372.812,95909.3671831,41511.4582644,7494.86424644,41511.4582644,6321.55402886
70557.849162,123.490088375,6270.0,240,0.0,16.8941,23382.152249,240,6270.52947947,117739.033241,1.0,62584.0789109,-6276.45,80296.5,6269.99,373.524,90599.5147518,70557.849162,7269.95530658,70557.849162,6270.52947947
99341.834479,121.808547995,6290.77,241,0.0,16.8941,15158.5552948,241,6290.8320284,117816.077228,1.0,70308.871588,-6297.32,70605.1,6290.66,374.483,100938.216524,99341.834479,7851.59004978,99341.834479,6290.8320284
36275.7589333,129.793683182,6319.89,242,0.0,16.8941,19823.9633719,242,6320.72703046,117562.224867,1.0,69375.9482886,-6326.53,96532.2,6319.78,375.456,91302.2885001,36275.7589333,7340.64524991,36275.7589333,6320.5131914
75825.6588344,124.157330305,6302.48,243,0.0,16.8941,15388.3382535,243,6303.05252519,117135.303277,1.0,69621.064967,-6309.07,78007.5,6302.47,376.239,80121.0843335,75825.6588344,6966.08855528,75825.6588344,6303.05252519
83997.0919129,124.184551394,6313.08,244,0.0,16.8941,19670.0840474,244,6313.89779518,117295.014096,1.0,67863.2753555,-6319.99,79529.8,6313.08,377.0,91136.5360073,83997.0919129,7293.4722872,83997.0919129,6313.89779518
44961.9414377,124.610779358,6323.01,245,0.0,16.8941,21111.6904753,245,6323.40331625,117269.136439,1.0,69462.7509675,-6329.97,80279.1,6323.01,377.794,93589.8312129,44961.9414377,7418.11197993,44961.9414377,6323.40331625
57593.4092832,119.60012898,6320.98,246,0.0,16.8941,16514.9430112,246,6321.33957994,117854.904629,1.0,69336.5219246,-6327.47,69273.4,6320.82,378.528,91354.2077604,57593.4092832,7389.12250579,57593.4092832,6321.28331459
38200.0440456,121.646583424,6328.76,247,0.0,16.8941,18606.5111873,247,6329.28078735,117829.554771,1.0,69528.5753941,-6335.95,73116.0,6328.76,379.488,100786.455203,38200.0440456,7773.37573132,38200.0440456,6329.28078735
86915.5901591,126.979058622,6329.02,248,0.0,16.8941,19767.7195745,248,6329.82668234,117474.879776,1.0,69310.2104928,-6336.14,89608.5,6329.02,380.422,91047.9610324,86915.5901591,7255.80125438,86915.5901591,6329.82668234
93400.9835616,120.53254444,6346.46,249,0.0,16.8941,21039.0423275,249,6347.15793337,117770.269787,1.0,68642.4755454,-6353.5,72476.6,6346.46,381.16,93981.6793514,93400.9835616,7522.55724165,93400.9835616,6347.15793337
57799.2194297,123.589215518,6330.09,250,0.0,16.8941,20720.2191757,250,6330.23177406,117623.478912,1.0,69323.5109029,-6337.39,84916.6,6330.09,382.05,88851.1138497,57799.2194297,7212.91386386,57799.2194297,6330.23177406
45094.7876171,123.577596621,6318.92,251,0.0,16.8941,18945.4961386,251,6319.68882483,117914.922362,1.0,69554.7672286,-6325.72,82870.5,6318.92,382.811,107983.753575,45094.7876171,8096.76227314,45094.7876171,6319.68882483
51811.0979695,121.543885245,6327.43,252,0.0,16.8941,18174.1616592,252,6327.8930653,117856.189509,1.0,70230.7029088,-6334.4,73626.1,6327.43,383.706,94022.3546752,51811.0979695,7589.69756321,51811.0979695,6327.8930653
90868.2514161,120.374673642,6345.38,253,0.0,16.8941,18065.9256418,253,6345.62601078,117852.815678,1.0,69033.4752394,-6352.23,63115.6,6345.38,384.598,98514.9712401,90868.2514161,7709.16797889,90868.2514161,6345.62601078
41186.8415022,126.064204675,6333.01,254,0.0,16.8941,16185.6720383,254,6334.21967632,118045.640154,1.0,68438.4580504,-6340.01,85329.3,6333.01,385.401,107839.777937,41186.8415022,8056.02405761,41186.8415022,6334.21967632
36275.3709557,123.00007008,6332.99,255,0.0,16.8941,16766.5793727,255,6333.52006547,117568.941753,1.0,69400.6100321,-6339.84,74351.3,6332.99,386.346,95991.5451714,36275.3709557,7560.35145448,36275.3709557,6333.52006547
52245.4286496,125.94977721,6324.38,256,0.0,16.8941,16364.087944,256,6324.52977521,117699.049816,1.0,69517.5244023,-6331.19,86740.8,6324.38,387.134,91654.0833345,52245.4286496,7469.48712256,52245.4286496,6324.52977521
84877.2794748,125.063670877,6356.75,257,0.0,16.8941,17946.5230692,257,6357.50836993,117499.188358,1.0,69475.7737733,-6363.49,85127.6,6356.67,388.058,94047.4364489,84877.2794748,7563.37019168,84877.2794748,6357.50836993
77023.2687293,123.017028313,6333.56,258,0.0,16.8941,19709.484912,258,6334.00943244,117460.183471,1.0,69402.2354533,-6340.02,82543.3,6333.47,388.656,95866.9828174,77023.2687293,7501.09021638,77023.2687293,6333.95894455
75415.0192525,118.999264506,6344.36,259,0.0,16.8941,11645.4624126,259,6344.58132404,117885.379313,1.0,93490.7026931,-6350.78,62973.0,6344.36,389.534,107853.440622,75415.0192525,8093.23067977,75415.0192525,6344.58132404
93669.7928063,128.085382983,6358.29,260,0.0,16.8941,17796.3577331,260,6358.55332818,117820.703532,1.0,69674.6229634,-6364.61,93913.3,6358.08,390.371,98286.3118046,93669.7928063,7647.0229686,93669.7928063,6358.45112464
86655.9520465,122.841212822,6375.44,261,0.0,16.8941,20756.1918583,261,6376.08277085,117617.354381,1.0,69296.6481388,-6381.84,75371.8,6375.18,391.236,89014.5960627,86655.9520465,7261.58177702,86655.9520465,6376.02948763
72323.1566163,125.955766347,6382.33,262,0.0,16.8941,16020.6089319,262,6382.70569896,117827.475274,1.0,69801.7924937,-6388.75,87011.4,6382.33,392.012,105474.005415,72323.1566163,7974.4017037,72323.1566163,6382.70569896
59614.4104034,129.270380376,6391.09,263,0.0,16.8941,19572.1728286,263,6392.00308199,117301.881844,1.0,69245.7282669,-6397.61,89225.8,6391.04,392.828,95996.2342555,59614.4104034,7530.32715143,59614.4104034,6391.9399243
79976.7587409,125.352372343,6375.19,264,0.0,16.8941,21290.4598876,264,6375.77810305,117702.761503,1.0,69576.7426144,-6381.49,77502.2,6375.19,393.688,100798.30615,79976.7587409,7758.51694603,79976.7587409,6375.77810305
56151.9212861,127.834215584,6388.28,265,0.0,16.8941,23830.8930392,265,6388.78576217,117839.917921,1.0,69611.8766049,-6394.65,84375.5,6388.28,394.515,93694.3432918,56151.9212861,7441.63641206,56151.9212861,6388.78576217
94212.3399366,120.427534879,6393.53,266,0.0,16.8941,20207.6292478,266,6393.96715196,117422.164727,1.0,64405.7363479,-6399.6,67564.3,6393.53,395.313,90965.8968646,94212.3399366,7330.34211122,94212.3399366,6393.93680688
87613.1282237,128.488370552,6418.53,267,0.0,16.8941,24306.3480292,267,6419.33565797,117798.828674,1.0,57100.30872,-6424.7,96630.1,6418.53,396.153,94716.2219743,87613.1282237,7429.10348553,87613.1282237,6419.33565797
78443.6929201,124.749035833,6406.8,268,0.0,16.8941,17965.3216678,268,6407.01009137,117685.287406,1.0,69278.035264,-6413.06,78855.9,6406.8,397.089,88883.5893177,78443.6929201,7226.62369713,78443.6929201,6406.9726175
43949.7013449,125.188341344,6399.56,269,0.0,16.8941,11001.6330861,269,6400.16890445,94241.9005458,1.0,69414.4853908,-6405.39,80947.6,6399.56,397.98,86552.8378321,43949.7013449,7181.79541587,43949.7013449,6400.16890445
87605.5484569,131.952301708,6377.77,270,0.0,16.8941,21450.0950663,270,6378.36535351,117686.476866,1.0,69411.0472379,-6383.7,95809.5,6377.77,398.901,86590.9634598,87605.5484569,7129.53506037,87605.5484569,6378.36535351
42190.3933937,128.717306271,6406.03,271,0.0,16.8941,18242.1107078,271,6406.41164514,117490.916312,1.0,69306.7274935,-6411.85,90919.5,6406.03,399.596,86877.880342,42190.3933937,7231.01994827,42190.3933937,6406.41164514
82078.7727954,123.6007893,6414.27,272,0.0,16.8941,22237.1343004,272,6414.80872396,117531.987303,1.0,69277.5582448,-6419.86,81434.9,6414.03,400.412,91221.3826487,82078.7727954,7283.77996236,82078.7727954,6414.78459904
63586.8618356,121.078648792,6381.97,273,0.0,16.8941,21196.7116173,273,6382.59059012,117606.704209,1.0,69316.6479465,-6387.54,74377.3,6381.97,401.109,100714.765817,63586.8618356,7708.64029141,63586.8618356,6382.44146986
73936.3024686,121.574098711,6396.79,274,0.0,16.8941,21032.4966929,274,6397.07032687,117750.411425,1.0,69676.3931015,-6402.3,74415.2,6396.79,401.846,94037.0286676,73936.3024686,7569.97318481,73936.3024686,6397.07032687
80926.9995973,125.630494067,6415.6,275,0.0,16.8941,19131.9017898,275,6415.99499507,117721.69196,1.0,69320.6590117,-6420.93,80768.6,6415.5,402.64,103107.637934,80926.9995973,7835.50587698,80926.9995973,6415.92909049
55527.5681941,123.08390915,6396.29,276,0.0,16.8941,21150.6273844,276,6396.62443191,117882.588187,1.0,69286.3511388,-6401.4,80070.7,6396.29,403.53,93931.1181994,55527.5681941,7531.38384117,55527.5681941,6396.62443191
39977.9019283,124.935714842,6405.33,277,0.0,16.8941,15457.8283809,277,6405.91089773,117516.489128,1.0,69255.1333632,-6410.79,81024.7,6405.33,404.287,86457.3877569,39977.9019283,7095.69775666,39977.9019283,6405.91089773
94374.0466575,123.972672182,6414.96,278,0.0,16.8941,9529.74644371,278,6415.13740397,94215.5465331,1.0,69638.4465949,-6420.06,75138.0,6414.85,405.043,74751.0712533,94374.0466575,6625.79833275,94374.0466575,6415.13740397
62292.8618019,128.110952266,6420.13,279,0.0,16.8941,20006.3303639,279,6421.01907902,117898.095823,1.0,69192.6105754,-6425.19,87395.9,6420.13,405.78,96018.0883001,62292.8618019,7544.29264975,62292.8618019,6421.01907902
83103.1976311,129.486925468,6404.15,280,0.0,16.8941,19704.9403726,280,6404.69512603,117506.299501,1.0,69323.7212862,-6409.34,98563.5,6404.15,406.539,95953.1986435,83103.1976311,7528.86807964,83103.1976311,6404.69512603
95304.0891152,125.000658514,6389.8,281,0.0,16.8941,22016.2610961,281,6390.415977,117900.471458,1.0,69259.6622817,-6395.09,82437.3,6389.73,407.343,103088.387593,95304.0891152,7824.30051299,95304.0891152,6390.27080433
36554.5314643,126.003129221,6405.6,282,0.0,16.8941,15959.1098873,282,6406.08525812,117399.178753,1.0,69381.3820493,-6410.79,88379.0,6405.6,408.079,83980.2203575,36554.5314643,6951.78079743,36554.5314643,6406.02039988
84814.9178817,125.397567008,6414.98,283,0.0,16.8941,19964.1272611,283,6415.30402658,117705.575514,1.0,58037.8889325,-6419.93,75519.8,6414.77,408.758,97238.7783027,84814.9178817,7583.81346635,84814.9178817,6415.24927153
67938.1439535,121.080256742,6416.66,284,0.0,16.8941,19907.1639025,284,6417.22336625,117409.434742,1.0,68905.7191112,-6421.55,69229.0,6416.66,409.632,91053.0802141,67938.1439535,7247.78470021,67938.1439535,6417.16497749
46305.8167426,123.903074045,6415.22,285,0.0,16.8941,23278.9539647,285,6415.79376479,117834.141686,1.0,63390.6746111,-6420.25,83309.8,6415.22,410.409,95541.4140223,46305.8167426,7500.1640379,46305.8167426,6415.79376479
86072.911643,129.507441087,6415.89,286,0.0,16.8941,16012.2479865,286,6416.27972533,117699.941648,1.0,69308.4241337,-6421.0,98709.6,6415.89,411.186,105484.715157,86072.911643,7956.9665101,86072.911643,6416.27972533
52875.8429737,129.758292858,6427.55,287,0.0,16.8941,21448.050355,287,6428.15543021,117661.76814,1.0,69344.0871519,-6432.51,100026.0,6427.55,412.018,93482.8136575,52875.8429737,7367.12760657,52875.8429737,6428.15543021
51261.3449578,125.921162906,6429.04,288,0.0,16.8941,15858.1951019,288,6429.78870023,117342.418629,1.0,69211.323745,-6434.11,81495.3,6429.04,412.751,84061.9254213,51261.3449578,6991.05846897,51261.3449578,6429.76483422
55691.7008714,122.885237288,6416.41,289,0.0,16.8941,19436.8093635,289,6417.09939753,117483.040977,1.0,69453.5936214,-6421.2,73268.0,6416.4,413.515,91567.3585312,55691.7008714,7421.03254486,55691.7008714,6417.09939753
96256.5356534,125.030465263,6391.72,290,0.0,16.8941,23263.184977,290,6391.95298972,117531.041763,1.0,69300.8773281,-6396.28,77081.6,6391.72,414.14,88879.3966432,96256.5356534,7187.71003844,96256.5356534,6391.95298972
39560.9501437,128.932598242,6434.2,291,0.0,16.8941,15667.1210447,291,6434.69882789,116878.435863,1.0,69361.1021617,-6438.57,91215.8,6434.2,414.907,84071.8199012,39560.9501437,7009.87725516,39560.9501437,6434.69882789
99553.8380431,123.498777641,6441.95,292,0.0,16.8941,18799.8064608,292,6442.45709989,117642.531986,1.0,69712.7742047,-6446.29,82314.4,6441.95,415.75,103201.025518,99553.8380431,7882.90885924,99553.8380431,6442.45709989
73351.0206057,128.79443776,6423.87,293,0.0,16.8941,19868.466281,293,6424.62402437,117645.056421,1.0,68595.9737941,-6428.32,97656.3,6423.87,416.552,95946.6481296,73351.0206057,7528.5369636,73351.0206057,6424.62402437
58691.0666006,125.17408156,6406.73,294,0.0,16.8941,22130.4494623,294,6407.04850805,117694.48553,1.0,70261.2248699,-6411.29,90086.9,6406.73,417.255,96259.23862,58691.0666006,7621.88709916,58691.0666006,6407.04850805
92744.226628,120.977910392,6408.37,295,0.0,16.8941,20695.0385853,295,6408.92392477,117758.244106,1.0,69583.2819128,-6412.56,68283.8,6408.37,417.985,98380.9233856,92744.226628,7654.83522689,92744.226628,6408.92392477
96082.6728945,127.507404643,6425.26,296,0.0,16.8941,22571.0185147,296,6425.72053976,117680.740697,1.0,69468.444602,-6429.48,93731.7,6425.26,418.941,96024.8212634,96082.6728945,7527.71394372,96082.6728945,6425.72053976
76892.3929523,130.124762533,6421.17,297,0.0,16.8941,19084.1158461,297,6421.84580312,117814.137078,1.0,69306.2092804,-6425.18,110938.0,6421.17,419.566,84263.691506,76892.3929523,7041.55767946,76892.3929523,6421.74832243
59948.9541588,128.282731261,6412.56,298,0.0,16.8941,21275.3226948,298,6413.08538967,117697.545452,1.0,69573.0709097,-6416.45,90541.8,6412.56,420.412,93691.88928,59948.9541588,7447.62951027,59948.9541588,6413.08538967
46462.3788258,125.69332002,6441.21,299,0.0,16.8941,21464.1321987,299,6441.69007087,117817.740526,1.0,69359.8651899,-6445.21,74670.2,6441.21,421.203,100685.996391,46462.3788258,7722.11758419,46462.3788258,6441.69007087
95749.2581392,125.262714223,6414.96,300,0.0,16.8941,17958.7421659,300,6415.73327154,117562.455342,1.0,70039.1076249,-6418.71,86550.7,6414.96,422.087,94019.8545536,95749.2581392,7570.82248492,95749.2581392,6415.61598386
40410.4446859,127.367564582,6422.02,301,0.0,16.8941,20802.1930098,301,6422.11313338,117953.574119,1.0,69532.4788136,-6425.93,88135.9,6421.87,422.828,89118.4066617,40410.4446859,7311.92657833,40410.4446859,6422.11313338
88205.9220139,128.870934807,6442.08,302,0.0,16.8941,16628.0091891,302,6442.69640959,117647.045852,1.0,69580.3087209,-6446.06,91950.5,6442.04,423.693,91318.3972714,88205.9220139,7382.20272899,88205.9220139,6442.69640959
65566.5150487,120.349028573,6413.65,303,0.0,16.8941,20458.7447235,303,6414.12055458,117635.796439,1.0,69264.2448356,-6417.29,69615.1,6413.47,424.577,98599.457417,65566.5150487,7689.75639994,65566.5150487,6414.0269128
55845.3021685,125.981761105,6443.37,304,0.0,16.8941,18499.2063629,304,6444.24947732,117699.896035,1.0,69529.5502186,-6447.24,96886.9,6443.37,425.316,100790.808568,55845.3021685,7781.21644204,55845.3021685,6444.24947732
40996.6502914,123.222203661,6414.8,305,0.0,16.8941,22251.2555325,305,6415.23607562,117652.957545,1.0,69280.7363346,-6418.71,86598.4,6414.8,426.12,91504.1570026,40996.6502914,7381.56450537,40996.6502914,6415.23607562
71584.5496885,124.661501543,6408.81,306,0.0,16.8941,18015.6698967,306,6408.60628388,117763.903784,1.0,69366.3897587,-6412.33,83595.3,6408.47,427.052,94042.680655,71584.5496885,7546.0793244,71584.5496885,6408.48863012
52650.4276688,118.340919334,6401.84,307,0.0,16.8941,20559.7528365,307,6402.12015925,117754.807332,1.0,69969.6390574,-6405.79,72013.7,6401.84,427.877,89223.5226233,52650.4276688,7348.91628852,52650.4276688,6402.12015925
61727.0987622,122.7676314,6418.8,308,0.0,16.8941,17837.8519315,308,6419.5004613,117874.998889,1.0,69269.5817327,-6422.5,78576.5,6418.8,428.598,89043.9417167,61727.0987622,7262.3593856,61727.0987622,6419.5004613
96554.0614668,122.192930284,6381.3,309,0.0,16.8941,22422.2975203,309,6381.58379956,117919.746124,1.0,69393.3973707,-6384.95,82047.5,6381.3,429.421,91238.3470055,96554.0614668,7303.29484569,96554.0614668,6381.58379956
85714.0952132,122.5886461,6409.91,310,0.0,16.8941,20403.8855727,310,6410.52540863,117413.247905,1.0,64882.3093954,-6413.55,77504.7,6409.89,430.119,95382.7920877,85714.0952132,7434.28408799,85714.0952132,6410.48782481
85409.465088,118.184671353,6431.13,311,0.0,16.8941,19678.8422309,311,6431.57154104,117694.538417,1.0,69607.2303902,-6435.1,73383.5,6431.13,430.901,96002.3455039,85409.465088,7554.84945165,85409.465088,6431.57154104
53642.0992324,123.026268011,6459.69,312,0.0,16.8941,20790.0580142,312,6460.37948856,117751.159173,1.0,69290.4891839,-6463.66,78856.1,6459.69,431.682,98449.0962378,53642.0992324,7669.50208103,53642.0992324,6460.2218148
98972.7034343,124.770000481,6427.15,313,0.0,16.8941,15387.793358,313,6428.00538128,117582.390504,1.0,71453.5485114,-6430.79,86397.3,6427.11,432.297,103269.999519,98972.7034343,7919.7616343,98972.7034343,6428.00538128
54710.0402094,123.173581668,6425.21,314,0.0,16.8941,22409.1798445,314,6425.58825171,117728.270704,1.0,69293.1107726,-6429.05,79839.3,6425.21,433.117,96085.9406998,54710.0402094,7563.92257328,54710.0402094,6425.58825171
65379.9832221,122.931149733,6427.74,315,0.0,16.8941,21764.9324321,315,6428.20880286,117818.868322,1.0,56552.5256591,-6431.58,87660.5,6427.74,433.997,94684.7655907,65379.9832221,7469.88131097,65379.9832221,6428.12672128
86003.8884236,123.75977387,6431.79,316,0.0,16.8941,19835.8144665,316,6432.279437,117910.610562,1.0,69378.6453336,-6435.45,82625.1,6431.79,434.786,91322.6017188,86003.8884236,7356.20947898,86003.8884236,6432.279437
102891.83667,122.74600316,6444.4,317,0.0,16.8941,18352.0408703,317,6444.8939009,117243.52753,1.0,69289.1359688,-6448.16,88566.7,6444.2,435.502,86492.2886386,102891.83667,7121.41984572,102891.83667,6444.77155706
84700.6956887,121.54821285,6466.77,318,0.0,16.8941,22279.2435784,318,6467.08374408,117465.103134,1.0,69579.9161894,-6470.28,82254.4,6466.54,436.259,96048.7811964,84700.6956887,7530.46286174,84700.6956887,6466.87652839
52003.6402785,124.136981521,6436.48,319,0.0,16.8941,21158.6646143,319,6436.88810453,117650.205089,1.0,69291.7551844,-6440.52,77028.4,6436.48,437.048,93499.2598854,52003.6402785,7395.26580006,52003.6402785,6436.88810453
87891.9253262,120.353263806,6441.02,320,0.0,16.8941,18505.3388075,320,6441.57647388,117691.140274,1.0,69593.9867334,-6444.82,72265.4,6441.02,437.792,100808.619143,87891.9253262,7772.45793867,87891.9253262,6441.54001151
55328.098751,123.442226276,6459.85,321,0.0,16.8941,21349.3555821,321,6460.30235298,117605.298295,1.0,68263.7394656,-6464.03,83840.6,6459.85,438.643,93467.9778747,55328.098751,7364.9870947,55328.098751,6460.30235298
85727.0424187,125.060883683,6480.42,322,0.0,16.8941,21246.1350324,322,6481.0988008,117760.290396,1.0,69954.5682353,-6484.39,94126.7,6480.38,439.35,100991.172127,85727.0424187,7823.26236871,85727.0424187,6481.03467384
73487.2956929,123.704001898,6451.37,323,0.0,16.8941,18698.5295695,323,6451.84251919,117847.639281,1.0,69081.0678555,-6455.34,78212.6,6451.24,439.993,86658.247774,73487.2956929,7177.93846951,73487.2956929,6451.78024311
56501.3887678,121.833709278,6481.97,324,0.0,16.8941,23071.0494718,324,6482.41765109,117218.082988,1.0,56472.041373,-6486.03,73804.5,6481.84,440.577,92005.3944304,56501.3887678,7240.62100519,56501.3887678,6482.34663076
88084.4506582,122.14575975,6467.68,325,0.0,16.8941,14855.7010112,325,6468.47970525,117102.16016,1.0,69709.9959915,-6471.85,80157.9,6467.67,441.308,93629.0795974,88084.4506582,7487.57578253,88084.4506582,6468.4248631
86205.3250413,127.546592708,6453.09,326,0.0,16.8941,18732.8374444,326,6453.52144438,117594.302277,1.0,65853.1487766,-6457.23,99484.0,6453.04,442.022,86315.8500815,86205.3250413,7107.14086763,86205.3250413,6453.50253283
37765.6601834,122.929271995,6463.2,327,0.0,16.8941,15921.9570475,327,6463.55737829,117731.709923,1.0,69380.3213306,-6467.5,80305.2,6463.08,442.817,103181.999638,37765.6601834,7900.39609143,37765.6601834,6463.38459415
88019.3747311,126.597754945,6442.98,328,0.0,16.8941,18855.8107748,328,6443.51525217,117464.083119,1.0,69964.9472104,-6446.93,92667.2,6442.97,443.639,103160.23269,88019.3747311,7876.0055172,88019.3747311,6443.36441424
52454.3067355,119.242305259,6447.95,329,0.0,16.8941,18711.6648484,329,6448.51832131,117904.230738,1.0,69372.2577003,-6452.26,68735.8,6447.95,444.377,100774.427444,52454.3067355,7771.42043447,52454.3067355,6448.50547226
52420.3569501,129.714844077,6440.12,330,0.0,16.8941,23732.5378659,330,6440.91152523,117717.897768,1.0,69545.5617093,-6444.16,97881.5,6440.05,445.208,93705.9934973,52420.3569501,7436.42373458,52420.3569501,6440.85930648
84468.3904491,123.301392416,6446.13,331,0.0,16.8941,22400.003028,331,6446.4194555,117911.919629,1.0,69537.0192301,-6450.17,86746.7,6446.08,445.932,95859.1927041,84468.3904491,7488.04325097,84468.3904491,6446.37720198
96660.034393,123.239039174,6455.2,332,0.0,16.8941,19479.111942,332,6455.53021105,117813.064274,1.0,69866.1430635,-6459.23,80050.3,6455.2,446.591,91665.2668644,96660.034393,7444.16582744,96660.034393,6455.47813562
82139.6644527,121.352898735,6483.39,333,0.0,16.8941,15167.3274407,333,6483.92380232,117559.655305,1.0,69161.1688587,-6487.25,75736.1,6483.39,447.259,93772.4783673,82139.6644527,7495.77208399,82139.6644527,6483.91171277
85438.4865204,126.947178326,6480.55,334,0.0,16.8941,19437.3190959,334,6480.8728327,117635.322387,1.0,69397.2223021,-6484.43,89474.2,6480.55,447.952,91515.1195105,85438.4865204,7408.03793756,85438.4865204,6480.8728327
83193.874539,120.762130493,6472.3,335,0.0,16.8941,18902.022818,335,6472.97934023,117619.905192,1.0,68336.3968876,-6476.37,67910.0,6472.3,448.746,100585.138521,83193.874539,7695.55134532,83193.874539,6472.97934023
82438.8785997,128.230804061,6470.19,336,0.0,16.8941,19670.6229305,336,6470.55246013,117736.800449,1.0,69470.6940455,-6473.99,101019.0,6469.95,449.534,96150.2568884,82438.8785997,7597.30982168,82438.8785997,6470.51868924
92158.6029501,123.880001102,6483.03,337,0.0,16.8941,9522.92794185,337,6483.55713,117624.000286,1.0,93621.9941665,-6487.07,79733.3,6482.95,450.324,112669.254412,92158.6029501,8301.48278311,92158.6029501,6483.55713
66898.148163,121.424170072,6518.76,338,0.0,16.8941,16305.8841886,338,6519.2328004,117885.805854,1.0,70596.2982625,-6522.95,80771.5,6518.73,450.974,96212.8884975,66898.148163,7654.11316279,66898.148163,6519.2328004
71010.2879619,129.168769525,6472.0,339,0.0,16.8941,17482.2486751,339,6472.65522727,117897.926472,1.0,70424.9071904,-6475.64,97808.0,6471.91,451.668,98820.4190145,71010.2879619,7820.53090903,71010.2879619,6472.53474715
73620.407777,124.052061917,6519.72,340,0.0,16.8941,20647.3312351,340,6520.24812494,117487.742566,1.0,69292.9328721,-6523.55,87007.8,6519.72,452.242,88930.4182365,73620.407777,7234.3575673,73620.407777,6520.23788837
91696.2382926,129.473056996,6457.95,341,0.0,16.8941,19589.1999391,341,6458.35471766,117487.748114,1.0,69569.8860174,-6461.28,105789.0,6457.74,453.039,91341.6527578,91696.2382926,7341.01588969,91696.2382926,6458.15878205
55446.9371041,125.92834567,6462.86,342,0.0,16.8941,21429.4174837,342,6463.37050158,117721.445051,1.0,67672.6885121,-6466.84,91919.9,6462.86,453.768,100661.058124,55446.9371041,7727.30511211,55446.9371041,6463.37050158
91940.3908912,131.158818789,6481.27,343,0.0,16.8941,21444.0791428,343,6481.82097343,117264.814117,1.0,56118.3430259,-6485.21,101180.0,6481.26,454.451,89899.1454727,91940.3908912,7249.24484188,91940.3908912,6481.77353595
79937.1038514,124.906610929,6487.67,344,0.0,16.8941,18122.761903,344,6488.23255658,117771.538992,1.0,70571.0160554,-6491.66,90210.0,6487.67,455.161,100799.667998,79937.1038514,7782.21169843,79937.1038514,6488.23255658
82390.205282,122.105556988,6512.98,345,0.0,16.8941,15635.2398768,345,6513.12363042,116717.120882,1.0,69266.6422428,-6516.91,78659.9,6512.92,455.854,82004.9346959,82390.205282,6990.5472814,82390.205282,6513.12363042
79231.9666111,118.767607593,6513.02,346,0.0,16.8941,19479.4240567,346,6513.49484233,117484.998458,1.0,69310.3205168,-6517.05,70699.4,6513.02,456.678,91531.9067585,79231.9666111,7409.62460536,79231.9666111,6513.49484233
91559.5461372,128.466772069,6513.88,347,0.0,16.8941,11558.7097068,347,6514.51972882,94000.9240608,1.0,69307.0384798,-6517.95,97938.9,6513.88,457.579,79639.5031854,91559.5461372,6858.73922354,91559.5461372,6514.51972882
38362.8635899,124.869651233,6489.21,348,0.0,16.8941,20861.488783,348,6489.59543419,117645.01622,1.0,69522.0779203,-6493.18,90315.2,6489.21,458.433,93959.3897757,38362.8635899,7531.73690992,38362.8635899,6489.59543419
58232.76668,121.752594046,6504.46,349,0.0,16.8941,17859.5605193,349,6504.89523963,117679.891625,1.0,69501.7258848,-6508.07,81653.9,6504.45,459.099,98342.169339,58232.76668,7649.85004563,58232.76668,6504.89523963
91913.9870151,123.845013954,6488.59,350,0.0,16.8941,19046.8720919,350,6488.66885879,117459.173419,1.0,69290.6763912,-6492.02,91725.4,6488.43,459.906,81915.4640513,91913.9870151,6917.4085078,91913.9870151,6488.66885879
67133.9725399,128.073000401,6502.86,351,0.0,16.8941,18559.0478442,351,6503.41098548,117900.061022,1.0,69239.2228789,-6506.06,94339.1,6502.64,460.654,86430.5845677,67133.9725399,7104.73699866,67133.9725399,6503.41098548
86775.5190265,122.593603108,6520.09,352,0.0,16.8941,15601.4538656,352,6520.21178311,117605.873574,1.0,69372.8898561,-6523.49,81192.2,6520.09,461.402,79642.3920795,86775.5190265,6878.33356473,86775.5190265,6520.21178311
97537.7508439,130.106395736,6486.5,353,0.0,16.8941,18438.3490835,353,6487.11550472,117760.542524,1.0,69457.0062638,-6489.7,97846.7,6486.5,462.062,93556.1242583,97537.7508439,7417.9334244,97537.7508439,6487.11550472
62305.6337942,122.959453226,6512.25,354,0.0,16.8941,17441.9403069,354,6512.82062818,117561.145952,1.0,69412.5958229,-6515.58,81808.4,6512.25,462.728,98626.5065286,62305.6337942,7726.62870083,62305.6337942,6512.82062818
50636.8392448,122.860054886,6468.86,355,0.0,16.8941,19102.0935585,355,6469.33262119,117816.108892,1.0,69359.4386259,-6471.98,84971.7,6468.86,463.309,103037.861171,50636.8392448,7838.62703454,50636.8392448,6469.33262119
60245.6782867,126.79177142,6489.57,356,0.0,16.8941,17642.9200485,356,6490.24957024,117641.551498,1.0,69498.4294435,-6492.99,88143.5,6489.57,463.99,98561.6650318,60245.6782867,7711.34531999,60245.6782867,6490.24957024
95939.9876121,121.36737542,6499.47,357,0.0,16.8941,18865.0444922,357,6499.81928089,117599.350803,1.0,69311.3929159,-6502.9,72883.2,6499.47,464.743,84293.835639,95939.9876121,7050.58131186,95939.9876121,6499.81928089
57255.4553967,124.603258815,6509.34,358,0.0,16.8941,23327.7291641,358,6509.96211851,117595.837569,1.0,69324.03433,-6512.68,82059.6,6509.34,465.43,88768.227772,57255.4553967,7145.11394829,57255.4553967,6509.87278566
65706.1127595,128.585601837,6492.83,359,0.0,16.8941,18957.7539037,359,6493.1708716,117900.226518,1.0,55649.5598975,-6496.19,95763.1,6492.83,466.313,90006.4032732,65706.1127595,7318.51300837,65706.1127595,6493.1708716
86410.5457173,133.058491435,6495.96,360,0.0,16.8941,19395.6643835,360,6496.8845383,117658.121774,1.0,69714.0219087,-6499.33,113415.0,6495.95,466.973,91423.8906627,86410.5457173,7395.45945269,86410.5457173,6496.82700627
88397.3948786,131.031060907,6490.27,361,0.0,16.8941,22478.3205331,361,6490.99021186,117650.867821,1.0,69332.0801555,-6493.51,110797.0,6490.27,467.647,96067.4258075,88397.3948786,7549.67963641,88397.3948786,6490.79485125
51993.8031451,120.795621776,6498.57,362,0.0,16.8941,22653.2596951,362,6499.04593814,117463.012456,1.0,52408.0295418,-6502.1,78921.0,6498.57,468.467,87143.8556492,51993.8031451,7139.95086949,51993.8031451,6498.8026236
87786.4009593,122.76405379,6494.52,363,0.0,16.8941,19457.4626362,363,6495.19968034,117267.437342,1.0,70083.6609506,-6497.73,76806.1,6494.52,469.118,96040.0644531,87786.4009593,7565.06154877,87786.4009593,6495.11324313
88299.7691861,129.158712919,6491.49,364,0.0,16.8941,21454.6268917,364,6492.21502865,117766.480685,1.0,69296.0973936,-6494.48,98474.5,6491.16,469.926,93576.3839157,88299.7691861,7389.44361657,88299.7691861,6491.85702705
66776.0096304,125.4558777,6496.53,365,0.0,16.8941,22348.7807531,365,6497.02686866,117536.00576,1.0,69295.7409776,-6499.74,81839.6,6496.51,470.71,95977.9129254,66776.0096304,7513.70600852,66776.0096304,6497.02686866
104561.474582,135.247117174,6508.46,366,0.0,16.8941,18440.4742163,366,6508.88070209,117806.858544,1.0,69796.0135788,-6511.55,120437.0,6508.46,471.48,93815.9372969,104561.474582,7526.78065555,104561.474582,6508.87816486
55656.9463514,125.087153431,6510.19,367,0.0,16.8941,18135.3745985,367,6511.16570508,117751.111724,1.0,69391.2521363,-6513.04,86071.0,6510.19,472.229,93830.5127774,55656.9463514,7496.55605999,55656.9463514,6511.16570508
87755.1000564,124.491783256,6466.11,368,0.0,16.8941,19059.9414563,368,6465.92563445,117416.160326,1.0,56218.6899437,-6469.06,85896.4,6466.11,472.974,94723.5279601,87755.1000564,7521.03860155,87755.1000564,6465.92563445
86451.4855404,120.511996275,6513.65,369,0.0,16.8941,21250.889941,369,6514.39430373,117586.553242,1.0,69578.0869381,-6516.31,75564.5,6513.58,473.734,86724.7911475,86451.4855404,7161.33193956,86451.4855404,6514.3237155
58511.2940251,125.473245398,6528.79,370,0.0,16.8941,19508.0100715,370,6529.30912757,117310.53783,1.0,69727.958948,-6531.33,81468.6,6528.76,474.518,91337.8295093,58511.2940251,7368.54545529,58511.2940251,6529.27463348
50500.0408127,121.25760315,6500.29,371,0.0,16.8941,22268.7980538,371,6500.14100707,117649.702751,1.0,69238.7257622,-6502.69,79656.0,6499.89,475.238,96031.1820284,50500.0408127,7529.07529831,50500.0408127,6500.14100707
88391.8760212,121.63137922,6510.71,372,0.0,16.8941,19004.5447989,372,6511.01414678,117277.687272,1.0,69219.3337102,-6513.25,79267.7,6510.71,475.862,81739.3562415,88391.8760212,6877.04868155,88391.8760212,6511.01414678
55247.4949962,121.242293899,6514.73,373,0.0,16.8941,21080.5469566,373,6515.21342475,117596.634729,1.0,69494.0483361,-6517.1,81923.6,6514.73,476.582,93773.5902154,55247.4949962,7485.11665836,55247.4949962,6515.21342475
86443.4215585,120.870723791,6489.48,374,0.0,16.8941,19510.8505189,374,6489.95854164,117674.629411,1.0,69976.0710489,-6492.02,83710.9,6489.35,477.222,96350.9412204,86443.4215585,7670.26768437,86443.4215585,6489.86988168
35075.0964294,133.952188175,6480.71,375,0.0,16.8941,19627.3596909,375,6481.68070616,117280.339845,1.0,69278.2224478,-6482.95,115851.0,6480.71,477.919,91230.5124638,35075.0964294,7315.18842389,35075.0964294,6481.53803214
89973.9151055,130.371093105,6477.89,376,0.0,16.8941,21442.4554921,376,6478.34274355,117665.428932,1.0,69559.2849093,-6480.45,105201.0,6477.85,478.745,100662.062082,89973.9151055,7711.3745791,89973.9151055,6478.32764863
43500.9844967,119.685029875,6488.33,377,0.0,16.8941,18308.655924,377,6488.22906178,117871.143051,1.0,69306.8460263,-6490.37,71003.8,6487.97,479.418,93785.3284916,43500.9844967,7511.91876222,43500.9844967,6488.22906178
60915.1041174,129.37607426,6492.73,378,0.0,16.8941,23048.4478877,378,6493.91648805,117592.167034,1.0,69601.2281414,-6494.9,105738.0,6492.64,480.216,89063.731166,60915.1041174,7252.64178124,60915.1041174,6493.52120865
98146.1137278,122.552545288,6448.93,379,0.0,16.8941,19760.7074477,379,6449.1482158,117753.676463,1.0,69580.0328612,-6451.17,79977.0,6448.82,480.877,96109.73083,98146.1137278,7567.83571963,98146.1137278,6449.1482158
46489.9811349,122.977749135,6467.63,380,0.0,16.8941,21453.2857187,380,6467.886582,117677.87694,1.0,69268.9483017,-6469.79,85130.2,6467.63,481.513,100653.860457,46489.9811349,7703.50012929,46489.9811349,6467.886582
62909.3855253,127.152597673,6486.36,381,0.0,16.8941,17802.9744004,381,6486.94470674,117622.569008,1.0,69736.5281475,-6488.75,93999.5,6486.24,482.391,98431.9349015,62909.3855253,7678.24242639,62909.3855253,6486.94470674
79196.0887224,124.299522897,6481.89,382,0.0,16.8941,20787.2498752,382,6482.39352067,117599.972569,1.0,69301.377496,-6484.42,89886.4,6481.89,483.098,88918.2581976,79196.0887224,7224.90269475,79196.0887224,6482.31105111
87961.8122402,126.339586973,6495.85,383,0.0,16.8941,15454.0279622,383,6496.58623127,117498.533183,1.0,69268.7259377,-6498.16,90908.7,6495.78,483.825,86453.2041846,87961.8122402,7109.11257543,87961.8122402,6496.58623127
82888.6892654,125.545363319,6484.36,384,0.0,16.8941,20687.4325228,384,6484.69816678,117593.184466,1.0,69855.941829,-6486.68,98079.5,6484.28,484.499,93840.1064024,82888.6892654,7498.06890845,82888.6892654,6484.57773001
65294.9440306,120.877030456,6476.82,385,0.0,16.8941,19177.7672803,385,6477.33504429,117513.051164,1.0,68510.0844792,-6478.91,70227.8,6476.62,485.272,83831.0924525,65294.9440306,6892.01128721,65294.9440306,6477.17720497
89681.9055925,126.774337421,6483.85,386,0.0,16.8941,17755.405678,386,6484.25637764,117681.081989,1.0,60643.3022378,-6485.87,94069.3,6483.85,486.052,109415.583723,89681.9055925,8120.92929901,89681.9055925,6484.25637764
