QFunRegParamNorm,StdEsReturn,PolicyRegParamNorm,Epoch,AverageQ,AverageReturn,AverageAbsQ,AverageAbsQYDiff,AverageQLoss,MinEsReturn,AverageY,MaxEsReturn,StdForwardProgress,MinForwardProgress,AverageAbsY,MinReturn,AverageForwardProgress,AverageAction,MaxForwardProgress,StdReturn,AverageEsReturn,AveragePolicySurr,MaxReturn,AverageDiscountedReturn
18.5864,51.6188150826,19.0234,10,-0.0177651,-66.9928173525,0.054829,0.0292989647911,0.00242108,-161.183832463,-0.0189666936178,83.4286247485,0.0418207069467,-0.0161922352191,0.0560937501381,-74.0591866552,0.0551565113394,0.968789,0.169865394145,4.07680067487,-22.3993658828,0.00326595,-55.8838695558,-19.7953906353
18.8934,22.6310108176,19.1997,11,-5.76253e-06,-61.8787744033,0.0540268,0.0146669946068,0.000379787,-68.4468801491,-0.000117452654706,-6.13056876926,0.045930385619,0.0279153642385,0.0554967195908,-71.6656210576,0.125298778964,0.995396,0.213038087535,4.59839347568,-40.3839622295,-0.0213145,-53.1651994789,-17.7789260432
19.3263,20.3476240963,19.2831,12,0.00597513,-61.7828291848,0.0713087,0.0142834460402,0.000379471,-68.4935776193,0.00594111963512,-12.7962535979,0.0540789593068,0.0350342269433,0.0725064014821,-70.9564346691,0.127410612224,0.998024,0.251228644373,5.41471280941,-40.6393840521,-0.0265569,-49.41092581,-17.6579720552
19.9105,16.6293883773,19.2911,13,0.0145971,-62.0212559726,0.0918394,0.0158239204179,0.000490636,-44.0990922827,0.0145729187926,-1.22881386066,0.038932673659,0.0395267698274,0.0931103618934,-70.5804995133,0.125171239865,0.998293,0.199817173824,3.8864947695,-19.3214114219,-0.0346046,-54.5400673472,-17.8293388014
20.5132,2.91889910636,19.4112,14,0.0209236,-94.6140098344,0.112344,0.0176771995683,0.000633074,-27.2140590985,0.0209341916833,-19.4796426047,0.183028981045,-0.512919366264,0.113943099705,-123.333789317,-0.214418340702,0.990728,0.35786781059,18.549017405,-22.4444033133,-0.039094,-36.9863408776,-37.3714978873
21.2101,9.88283803066,19.5046,15,0.0243734,-85.8397757321,0.13147,0.0202893850298,0.000836669,-52.2124330655,0.0243995356974,-25.3559003457,0.14572074232,-0.492468546484,0.133138348685,-123.43438779,-0.118030921718,0.993064,0.172354680301,14.5812930804,-36.1696429002,-0.0401158,-56.6741191496,-32.5814701568
21.8999,12.5435773927,19.7345,16,0.0258636,-76.2139238031,0.146972,0.0223082134833,0.00104444,-40.7526035164,0.0259155366316,-9.51181895498,0.11898733877,-0.272264192947,0.148754757452,-101.59635625,-0.0203613474597,0.993325,0.22277231131,11.9285686312,-22.2496879777,-0.0385913,-51.9480519693,-26.8870624417
22.6184,5.73432989143,20.0178,17,0.0264366,-67.3475383465,0.160568,0.0243112102684,0.00124414,-25.6340965083,0.0265029282867,-11.5475656876,0.0812055972535,-0.13062437475,0.162743918181,-87.7321446971,0.0728666634263,0.998309,0.227866885846,8.13568732637,-17.1781786279,-0.0389541,-51.7601267025,-21.5527164236
23.3159,12.0462491591,20.0996,18,0.0225186,-68.3104968126,0.173815,0.0261117451063,0.00145942,-51.1661821022,0.0225794504209,-18.0815619249,0.0669997092332,-0.0408087644087,0.176020498832,-78.5995624143,0.0622452253,0.997315,0.272972137118,6.69398828586,-31.7727032478,-0.0325194,-47.2377919703,-22.0209190988
24.0035,6.59188801718,20.2052,19,0.0140646,-70.6304413106,0.186711,0.0281829489722,0.00174575,-62.1719362234,0.0141246868123,-46.1271247635,0.061365071978,-0.0885680908246,0.189195762781,-83.1752288195,0.0367558708041,0.994196,0.173929894169,6.13553695344,-50.9525102654,-0.0210782,-56.9177345631,-23.8993188709
24.6647,11.6993209837,20.1429,20,0.00698076,-76.1794164653,0.202072,0.0299944781344,0.00196947,-51.6029131125,0.007003437038,-19.6171961942,0.0515216886504,-0.127727683416,0.204655009796,-87.0794581422,-0.0186351314307,0.995305,0.075670139897,5.13677557971,-32.7643655226,-0.0139726,-66.7517598143,-27.738214444
25.2314,23.9511703179,20.3692,21,-0.000915335,-69.1583494286,0.21873,0.0315538746549,0.00225954,-78.9672298496,-0.0008936254844,-11.7235192221,0.0492107899113,-0.0424354076203,0.221750109255,-78.6258014956,0.0521645089179,0.995082,0.167478624825,4.91323005514,-43.6876567126,-0.00672944,-57.6847133752,-22.8086272969
25.8281,21.7927753721,20.4909,22,-0.0116736,-63.649975329,0.236291,0.0331704839827,0.0024952,-51.1888379285,-0.0116703717577,8.49537556593,0.0675466954946,-0.099507794925,0.239260857939,-84.5667813088,0.107540580178,0.995097,0.231988489567,6.79449286094,-19.5468861209,0.00504222,-51.1419794022,-19.0685388822
26.3863,16.4523467383,20.6964,23,-0.0172064,-73.1491926913,0.251144,0.034558211631,0.0027116,-61.0254528205,-0.0172107554491,-17.4585296821,0.050278628647,-0.0692511131058,0.254319037854,-81.3758006604,0.0124414740801,0.995683,0.138035075576,5.03029723057,-40.8726703192,0.0102748,-60.6186881114,-25.8160443325
26.9773,19.5602282418,20.9058,24,-0.0278732,-68.4023280518,0.26553,0.0353614701017,0.00282878,-49.3645271602,-0.0279259653129,0.980669310105,0.058484317356,-0.0603042571974,0.268442639906,-80.243869212,0.0602119406839,0.995729,0.22327608061,5.84836530995,-29.0954609817,0.0224544,-52.1097223614,-22.1694526648
27.4672,17.9885720756,21.2478,25,-0.035291,-68.2534925422,0.282409,0.0368402187149,0.00308192,-67.2802603348,-0.035329096601,-17.4573634199,0.0684838340101,-0.108899017867,0.285545388694,-85.4965525582,0.0621619297268,0.996154,0.202973897317,6.83223338353,-39.2209509563,0.0288318,-54.1339756799,-22.0932294452
27.9921,12.3857978383,21.2916,26,-0.0452553,-68.1457055473,0.29604,0.0382664953238,0.00331223,-44.6276101377,-0.0453438950758,-16.193375864,0.0447119312876,-0.0299783877008,0.299171149092,-77.233621312,0.0612051465773,0.993664,0.157079654785,4.43281623916,-29.9743453117,0.0390252,-58.6961417694,-21.8139529387
28.483,19.5175916184,21.6242,27,-0.059294,-69.7887318822,0.311968,0.039324736253,0.00351207,-81.7514686032,-0.0593368911524,-29.3950157479,0.0526198630118,-0.0560675384052,0.315242716005,-79.9520002912,0.0455116409868,0.994766,0.157589542433,5.24265002545,-58.0851709776,0.053031,-58.6188454161,-23.0705923677
28.9924,23.4386065465,21.732,28,-0.0707748,-66.8425395981,0.32768,0.0399320639046,0.00367002,-88.3924519944,-0.0708699776352,-27.322415934,0.0481025069523,-0.0243869506133,0.330804618659,-76.4298646806,0.0726376408066,0.99192,0.175186405359,4.78012149499,-49.3049805272,0.0668736,-56.6345022821,-20.814263669
29.4961,19.6739076039,21.8699,29,-0.0875598,-47.2408623524,0.346726,0.0428155139175,0.00429105,-100.530936281,-0.0875441103104,-45.5466949826,0.428842482549,-0.545865853108,0.349960084344,-123.231671975,0.236127527751,0.959065,1.29704164417,42.4570347788,-75.9209259901,0.0633122,58.9317215155,-20.8712639683
29.9351,81.8449469272,22.0628,30,-0.0857222,-15.9835695743,0.358277,0.0469887357539,0.00531051,-93.4140187478,-0.0858413517572,87.7598022719,0.0678042932919,0.363054977198,0.362187715016,-32.9500066304,0.533482388883,0.925357,0.666824392882,6.71597442942,6.98173088415,0.055634,-2.62287754827,-10.7620634604
30.4001,51.3481887138,22.0853,31,-0.0544625,-0.452856546895,0.363801,0.0493208679089,0.00580454,-83.1221545108,-0.054486315085,38.4744185944,0.130983818347,0.383848708355,0.368088551919,-31.0891825583,0.69441795862,0.92521,1.03644089373,13.1418595887,-19.2544531423,0.0214076,33.9367411738,-7.09761817413
30.8533,39.2516865917,22.2854,32,-0.0366421,-17.5562630444,0.368571,0.0521471588073,0.00645049,-53.379179689,-0.0368195355686,50.2033657441,0.123711118955,0.0977440960393,0.373344621334,-51.2353836297,0.434202966187,0.824888,0.755925240448,12.5729957382,-14.3184130599,0.0071233,15.9840347563,-7.25142279147
31.2853,39.2202081133,22.4078,33,-0.00748609,8.43699535184,0.371422,0.0533620614513,0.00664778,-60.2823103493,-0.00754311810009,39.8944636193,0.334739613762,-0.159735962518,0.376024728193,-85.6936284376,0.745220561606,0.900277,1.27824079831,33.0367163585,-14.1590066094,-0.0281816,58.3954249123,-2.59735392734
31.689,67.5599125866,22.642,34,0.0158839,58.4249252514,0.386966,0.055288565941,0.00718958,-40.2824520017,0.0158704795756,114.291450129,0.353782413514,0.20154648531,0.39217872484,-51.0690812526,1.30230294127,0.96966,1.71576688299,35.2063055246,48.5558077103,-0.0509492,100.489798256,21.7759230809
32.0993,17.1282819472,22.7797,35,0.0412872,88.5404665444,0.398317,0.0571452261464,0.00782243,60.8456733626,0.0412827860858,105.704242451,0.0773886467947,1.48943340171,0.403823614933,77.2325747313,1.60827902055,0.975103,1.77487530175,7.61719722095,81.6738746646,-0.0742872,105.008242943,34.0771134351
32.5475,70.3355895315,22.8273,36,0.0718567,85.4937093366,0.409784,0.0594684311468,0.00838658,-55.5600046285,0.0716886440146,125.831190922,0.132585318467,1.12241818838,0.415113282907,41.786535945,1.56825276299,0.963321,1.76252246026,12.9951754857,63.6593292977,-0.103754,104.907706036,35.0703362106
32.9622,48.9778903132,22.9612,37,0.100527,66.1949311929,0.429048,0.0598555497926,0.00859103,-21.6318075157,0.100540420701,109.679168642,0.255731811493,0.923991890777,0.434664786172,22.3725084699,1.36024955027,0.944618,1.8885652746,25.966354231,55.9912076135,-0.135281,119.179520614,34.0250866519
33.4299,43.4065703965,23.0091,38,0.128853,21.758038051,0.452613,0.0612422141018,0.00876082,6.76018155308,0.128718364069,119.449721778,0.195983294439,0.51481825776,0.45854376205,-19.5895230312,0.926966107577,0.961496,1.33695403745,19.5058577923,52.1319832544,-0.157705,62.3838473693,25.0940694567
33.8458,15.7907333481,23.1416,39,0.154107,1.14482397002,0.472781,0.0622800264568,0.00952751,-23.7377011935,0.154180246345,17.3784048969,0.158051056918,0.499258417936,0.478614806006,-20.6918965812,0.719484052553,0.957848,1.12511056012,15.5683935825,-2.19077076438,-0.188618,41.3878994413,16.462263613
34.2262,41.7273063711,23.1993,40,0.180311,37.8672514914,0.487851,0.0644721909048,0.00997592,27.308209027,0.180307274752,128.811915616,0.168586082921,0.654085355536,0.494108636845,-3.89944851963,1.07933121231,0.945718,1.42293949367,16.6976805144,57.7940379149,-0.213807,72.3180956925,30.0664584774
34.6474,39.4785423063,23.3159,41,0.223309,42.4631846289,0.515442,0.0654359436391,0.0104053,17.396617908,0.223451565367,127.977778571,0.11511656412,0.888079936158,0.521478648047,19.0275801572,1.12384434036,0.943914,1.43610257795,11.4188902536,68.7290285767,-0.260071,73.7679424389,30.5980615514
34.9919,18.5459943177,23.4933,42,0.265071,42.9815480666,0.544892,0.0667571036405,0.0108015,81.1771217906,0.265097912289,133.013724046,0.204686188161,0.598841944439,0.550794665108,-9.93487131622,1.13577845985,0.953496,1.56619915377,20.2932539594,105.644488132,-0.298981,85.6722623662,30.6547611912
35.3568,35.4138382397,23.6724,43,0.30004,3.53745052767,0.571749,0.0697425549013,0.0117966,-23.298372325,0.300006542264,53.8053590678,0.219076864548,0.279064857871,0.578162624182,-42.5568532424,0.72915829292,0.932471,1.10680731848,22.51517722,18.2994370035,-0.33475,41.8887203709,10.5317268464
35.7413,39.1365302601,23.841,44,0.345745,21.0371195635,0.602607,0.0709174330955,0.0120362,24.8928839639,0.345662130303,121.991242865,0.184473102636,0.514186646962,0.608557827374,-18.8197784936,0.900714402474,0.930509,1.19108484203,18.7389209796,54.7204848806,-0.379589,51.4992600838,13.077608706
36.0665,39.962740363,24.013,45,0.382221,26.5529807073,0.633012,0.0713694582861,0.0121783,4.61262431636,0.382167606554,113.354454476,0.3493320774,0.328818669801,0.638781095756,-29.7919965068,0.885440995667,0.852419,1.93521164287,34.4307651746,49.6879887429,-0.415734,127.398969472,18.6392580801
36.4133,33.8074704849,24.181,46,0.427191,-16.6363878536,0.667201,0.0731419833126,0.0126334,10.933747817,0.427298782806,99.9318052519,0.14211260906,0.211164494435,0.67365965671,-39.3849757726,0.439064403551,0.830236,0.723644977645,14.6509829752,43.2777879181,-0.471044,12.6590607151,6.81820625922
36.7495,8.4981351082,24.3223,47,0.479929,-9.23988998809,0.696924,0.0747252999213,0.0133228,28.7275970488,0.480062348916,50.5151950454,0.10430084906,0.24301552302,0.703798033567,-31.9111651271,0.474627694899,0.782466,0.681948080863,10.2959112206,37.5879210803,-0.529093,11.156908095,6.49409699324
37.0331,13.8349657305,24.456,48,0.523057,-17.7664375765,0.726559,0.0753505876233,0.0135285,11.8156208292,0.523074918119,45.1061786844,0.12053481456,0.171720831443,0.732532595341,-36.8642074841,0.381330633121,0.766343,0.73731594307,11.8010312034,35.5974193476,-0.566927,20.034820134,4.08161403108
37.4061,0.758561425117,24.5803,49,0.562502,52.1560957709,0.752302,0.0767721080718,0.0139523,17.9888925857,0.562611365162,20.0781393336,0.566373066426,0.234036172008,0.758621855465,-40.5137372963,1.18013164799,0.896868,1.87801135015,54.9757978709,18.9316492249,-0.606265,119.525595393,22.7598214388
37.782,24.199396325,24.7187,50,0.613419,69.8130824711,0.787485,0.0778177375517,0.0142706,29.2641330588,0.613476119395,94.1990653967,0.251066629348,0.906255640765,0.793053753932,21.5264062115,1.38999596785,0.937045,2.01556053286,25.1294204601,57.0960106173,-0.661265,133.680594162,28.2783259339
38.0773,49.5974900783,24.7812,51,0.66384,92.6209339984,0.824086,0.0787297415908,0.0143531,1.43806070457,0.664048058744,117.441973831,0.213069911719,0.456997094644,0.829834730078,-15.6341709964,1.6150935023,0.931842,1.74001792981,19.9276997178,58.9992928166,-0.711117,104.601154711,35.6825538807
38.4205,38.1570304909,24.9729,52,0.712727,26.4375034563,0.857152,0.0809356657377,0.0152827,-0.6815476761,0.712792600045,105.92858197,0.496144527808,0.541913516959,0.862800132362,-7.63610129359,0.899992705397,0.861043,1.81453142274,47.6711201997,47.4504644838,-0.762077,114.343920026,19.9757100507
38.7155,41.2054206018,25.0763,53,0.759817,-29.9346761946,0.901827,0.0826969223336,0.0158977,-23.6900463757,0.759813622897,90.7252248119,0.0762226756741,0.1569613513,0.907528817258,-45.2639444129,0.316776289127,0.838304,0.47490938481,7.49916839019,25.8905305258,-0.805732,-15.4282949736,7.21828778659
38.9956,49.8832029543,25.25,54,0.813859,-17.5525956159,0.950115,0.0811777490641,0.0149933,22.5731751565,0.814108526123,148.364866096,0.103793274078,0.247910072161,0.954687831225,-36.7292921143,0.445756451726,0.846779,0.649889266049,10.0174658172,105.439101701,-0.86039,1.51516404319,12.2997442909
39.3508,23.2963328445,25.3991,55,0.849848,134.307394401,0.980534,0.0837742827809,0.0161934,21.6660249603,0.849867471186,86.2221093209,0.125796551204,1.69560112171,0.985328927261,102.032454165,1.99837674096,0.890125,2.21855681273,13.4522426831,54.9785134992,-0.901945,158.635796512,46.8556421762
39.6379,19.2716835958,25.4988,56,0.910602,117.440065901,1.03761,0.0841222976212,0.0164272,67.859354387,0.910794757078,121.522140626,0.105743952693,1.59636560318,1.04222073824,93.7123348348,1.82895436859,0.884952,2.0270247046,10.4569463267,93.0809673626,-0.962145,136.390730863,49.1006976906
39.8796,21.6163312431,25.5352,57,0.966232,121.953884162,1.08676,0.0844999652811,0.0165907,93.3601082077,0.966276200956,148.658776238,0.115938591151,1.55917371594,1.09093040983,88.831578072,1.88720352862,0.900822,2.15264295081,11.7250949312,124.843205145,-1.01346,148.835974115,46.4056650983
40.2085,24.6738672083,25.6157,58,1.02775,116.357825067,1.14128,0.0852667341551,0.0172334,108.668269651,1.02781117093,169.077285298,0.165821665616,1.59155448909,1.14549594154,92.5491122262,1.83718482635,0.907602,2.24961395018,16.0105470956,135.007613563,-1.07337,156.04403293,49.5570541497
40.5062,21.5987141999,25.6879,59,1.08475,99.7961620565,1.19368,0.0867577008764,0.0180174,97.8842596598,1.08489686385,152.066701703,0.10590336191,1.43065209586,1.19810997726,72.3783618461,1.7049322101,0.948901,1.89357840118,10.7750758358,120.580896513,-1.12949,118.838786484,46.5693256793
40.7539,15.9125148527,25.6974,60,1.12809,101.848591856,1.23056,0.0869997683219,0.0178977,33.1424140418,1.12842030213,77.5667933009,0.069211052562,1.60592316046,1.23456219401,90.8498125691,1.71959150976,0.942725,1.86923178973,6.89864511307,57.8952094302,-1.17671,116.880706379,41.9562990183
41.0533,47.0848404245,25.7083,61,1.19122,105.440118863,1.28522,0.0877748028873,0.0184243,15.4634871582,1.19139591755,127.317660387,0.110354081575,1.53511216766,1.28879662004,83.3822358183,1.75289673383,0.94461,1.97742437424,11.0234582426,71.2539767687,-1.24278,127.30334359,45.7580340735
41.3394,22.3542621639,25.6875,62,1.23862,125.738627362,1.33246,0.0872331674339,0.0181878,48.3047382478,1.238853275,106.575750986,0.164201285145,1.57707555874,1.33544606403,87.1938259332,1.95463069552,0.943012,2.27536470243,16.47053473,86.1154041192,-1.28811,157.73438287,51.8297961761
41.641,32.098886296,25.7619,63,1.29621,119.090865553,1.38207,0.0904492939656,0.0200533,41.5386101081,1.29651044516,130.410422429,0.127316627776,1.59362942671,1.38584195549,89.8521458008,1.88168928767,0.936943,2.17611105659,12.6828205845,91.6982322459,-1.34432,148.109322394,43.6031344344
41.9249,29.6021197521,25.7819,64,1.34009,93.6277292455,1.42581,0.0916399668989,0.0201855,64.675784917,1.34039911686,142.445978559,0.182357914559,1.12476345714,1.42902794703,43.1821812772,1.6306858438,0.952356,2.01820715712,18.0648294132,102.330103117,-1.39059,132.201366156,40.6149582401
42.2101,46.3783060268,25.8216,65,1.39833,99.2343043042,1.47733,0.0914506062117,0.0206236,40.7244989108,1.39852570996,140.684275179,0.0996958188411,1.40571597532,1.48042329723,70.9101807382,1.68499925383,0.939975,1.86329238208,10.1618131417,94.0011470304,-1.44395,117.501361485,41.3920285962
42.4612,17.0402903937,25.9161,66,1.45912,95.0710372753,1.53327,0.0931458077711,0.0218065,98.4444461702,1.45932444595,140.529081564,0.111614872565,1.38865809678,1.53587900637,71.1692623433,1.63157749047,0.928571,1.90604207912,10.9641603558,127.466797552,-1.5096,123.319823189,35.0734555875
42.6832,22.9849365417,25.9674,67,1.51604,97.3886295648,1.58343,0.0942450795433,0.0229434,72.7632060233,1.51611739294,137.1715932,0.146106112116,1.289359287,1.58663419074,62.7209503863,1.64440772758,0.927956,1.95793572256,14.696874681,108.04716714,-1.56129,129.386760701,31.5909672994
42.9668,24.1643314058,26.0589,68,1.56087,88.0091393604,1.62656,0.0952963626524,0.023237,91.1892939298,1.56125395701,154.220208472,0.174189056963,1.18738367455,1.62928746022,53.1531269833,1.55729311404,0.928988,1.92553739222,17.4688317309,113.366257375,-1.60962,124.468173029,34.6119569643
43.1748,6.60119115587,26.1842,69,1.61314,35.2837831104,1.67355,0.096202784001,0.0233812,108.892920241,1.61325779961,126.321954522,0.219308487476,0.575142499133,1.6757903543,-10.9798322213,1.0343222928,0.928749,1.73040300146,22.2006451517,115.306702514,-1.66093,106.774219814,23.6066338383
43.4108,69.2800511095,26.2787,70,1.68003,38.4657883211,1.7366,0.0951048619273,0.0233478,-41.3115140654,1.68034089634,134.592844224,0.349793081209,0.583093839603,1.73859714856,-7.56802836599,1.04155793013,0.894682,1.86082514318,34.5902917262,64.312252175,-1.72693,119.465402,19.4075237052
43.6905,33.612128283,26.3654,71,1.71185,3.68374286539,1.7681,0.0984253723782,0.0255214,43.8899795787,1.71229118401,138.885803176,0.340820515344,0.384154308212,1.77091156896,-30.3380941561,0.724255886916,0.93386,1.60580590437,34.4577914193,92.5940537912,-1.7602,92.1556420482,16.0632557974
43.8999,31.038344616,26.4066,72,1.76166,85.6858085625,1.81274,0.0979551112587,0.0254089,12.5188430086,1.76200996417,92.2776617592,0.196539107143,0.845498176633,1.81476746565,17.2924412392,1.55084150207,0.931128,1.84569862368,19.4613372565,49.4858871874,-1.81222,115.434235685,36.5803617408
44.1407,53.8077001212,26.4846,73,1.80639,-27.0301495882,1.85509,0.0980130536135,0.0250399,-22.6550480695,1.80668071616,125.017817493,0.202782826448,0.0281359810005,1.8574869743,-66.2584484618,0.426596728283,0.946627,0.934231404844,20.0681111163,41.038993864,-1.85516,23.44219916,8.58240971955
44.4006,17.5574876977,26.5626,74,1.85042,-4.86129401374,1.89593,0.100366216195,0.0261115,98.0641994649,1.85079962771,144.696628337,0.33702076521,0.0368792558826,1.89860414052,-66.5519896264,0.645916196996,0.949442,1.58891324888,33.8706822652,127.170456116,-1.90346,89.5281342171,12.3358417569
44.6077,44.7034941031,26.6003,75,1.9006,7.29595625956,1.94617,0.100919658262,0.0267734,-42.6638940147,1.90086441893,66.2506500463,0.3866026261,-0.118067200899,1.94868073261,-83.0326603648,0.771440067669,0.950661,1.77360973574,38.9688698928,33.9496869643,-1.9535,107.754429372,18.4172236715
44.8439,37.9582404025,26.6815,76,1.94618,0.431735709006,1.98885,0.102178548738,0.0270672,-2.354061049,1.94651037366,102.922010945,0.296417923397,0.131922705706,1.99161996721,-58.070831181,0.714781670298,0.959619,1.47546069076,30.0572277314,55.7820468775,-1.99279,77.7625662172,17.3480553307
45.11,11.9436564387,26.6912,77,1.99532,92.9400647149,2.03319,0.103200741539,0.0281343,60.0029426879,1.99552189233,90.912355391,0.764352858628,0.525179447722,2.03599213729,-17.2504247906,1.62574421289,0.960839,3.35476176221,77.227208927,71.9062568463,-2.04401,265.204376844,34.2098888944
45.3346,67.5619012956,26.7443,78,2.05073,139.129763719,2.08691,0.101728033455,0.0266307,-4.32998256845,2.05103271729,168.79692437,0.238247027778,1.64817101247,2.0889911264,94.3689302045,2.08591000275,0.96153,2.60934268714,24.0635268208,107.734888891,-2.09513,191.830312917,49.1939037565
45.5938,20.3989383535,26.7499,79,2.09309,138.433194715,2.12832,0.101378826092,0.0269348,105.846736434,2.0931114018,158.216483771,0.375864093379,1.39326812115,2.13026863277,69.8889865559,2.07195111063,0.970016,2.98220131065,37.9597723594,137.528372362,-2.14362,231.984437834,45.1155654443
45.8003,62.9780164797,26.7712,80,2.15031,98.8961493399,2.18203,0.102794628348,0.0274433,45.5237699234,2.15070023071,194.340679103,0.314102086347,0.642159766897,2.184061198,-5.8899140502,1.68995243404,0.970641,2.34354402661,31.6411066869,154.540399484,-2.19989,165.526578737,40.9251175787
46.016,46.0812912004,26.765,81,2.2029,150.95569596,2.23054,0.103786485524,0.028112,70.6412718258,2.20316178879,190.184606063,0.367244726644,1.40740163863,2.23270577443,68.9883932349,2.21553905776,0.971348,3.38179244924,37.620420477,127.747850155,-2.25243,269.868269835,54.9582070792
46.2025,32.4538139295,26.7681,82,2.25759,169.954047826,2.28645,0.105595816471,0.0289713,55.7450671928,2.25775384631,146.230744724,0.36293583647,1.69308790027,2.28806975356,99.6697951647,2.38273998884,0.96397,3.36983960639,37.1343570274,97.0362784782,-2.31306,269.889169017,56.9560956613
46.3916,34.7611626449,26.7612,83,2.32106,166.770335738,2.34779,0.105570401114,0.0292972,109.123442816,2.3213384371,205.839376167,0.460454232843,1.53234254541,2.34962746887,86.4560409926,2.34501295351,0.959324,3.28822267319,46.6882962739,152.481688826,-2.38144,261.146006594,56.9585373674
46.6235,28.7558718283,26.7915,84,2.37926,142.286272796,2.40429,0.105848664598,0.028628,96.4119922065,2.37950757591,176.299609985,0.340494819912,1.48734200946,2.40572222978,78.5150211701,2.11531606124,0.958674,2.69283577255,34.5293115339,131.308378154,-2.44272,199.599253732,51.7975212196
46.8294,13.893115277,26.8149,85,2.4342,170.441369882,2.45756,0.107943175534,0.0299854,116.425372225,2.43439702374,153.158422049,0.389434052082,1.61254686407,2.4591354673,91.5769290725,2.38861679049,0.958759,3.18054120563,39.8658339292,137.646488402,-2.50266,251.700139388,56.960629066
47.0202,49.8085494505,26.8178,86,2.52206,160.783072343,2.54379,0.107216100832,0.0296879,56.3204482576,2.52234327321,193.155576573,0.365641718141,1.62695686827,2.54522182452,94.2293117444,2.28001753453,0.949831,3.05539929673,37.4851899786,129.939370291,-2.58915,238.169852443,53.2596104244
47.1918,47.5562899721,26.8264,87,2.58172,154.598169704,2.60718,0.108448057088,0.0298771,24.1530625818,2.58189717397,146.005034621,0.316768611008,1.44678253558,2.60827913271,80.9362639029,2.20107426157,0.945417,2.94992656878,31.52956365,101.419419427,-2.64485,227.933487632,50.8030896364
47.3942,52.8882936965,26.9059,88,2.64667,117.449022817,2.66932,0.109575808054,0.0311187,22.1386594234,2.64726557047,158.007375188,0.828145819362,0.106834259774,2.67120744513,-48.8142955453,1.80644181235,0.926118,3.09519975503,81.6846640913,108.371723017,-2.71426,244.494425511,38.2273407755
47.617,53.0817014174,26.9207,89,2.69252,47.7020328717,2.7159,0.111742132579,0.032406,-14.1824369408,2.69267215355,130.809202998,0.590122499006,-0.186540652251,2.71732970034,-76.52609242,1.12210816103,0.914397,2.73873569583,57.6133561172,69.3203241539,-2.75359,210.553832522,23.0599316323
47.8132,72.8716653497,26.9727,90,2.74727,1.67375129063,2.76812,0.110782133317,0.0323631,-19.7307306402,2.74782068109,171.442243406,0.296805226943,0.260617101162,2.76997751763,-37.4134870486,0.673635473668,0.892897,2.04210427154,29.1972072492,70.6356610909,-2.80861,138.606767167,11.4036477395
48.0269,49.0323322543,26.9989,91,2.80407,-30.1230857428,2.82159,0.110364139413,0.0313966,18.8782248415,2.80433090551,139.236032247,0.21498993099,0.00922583765092,2.8230122618,-68.5673757351,0.389521519867,0.906424,0.821732263499,22.3007930847,98.5395022933,-2.86863,16.3424115287,5.45026740682
48.2268,25.5312154628,27.0912,92,2.85276,7.12144421466,2.86845,0.113589983977,0.0355349,45.8051041534,2.85311806327,117.891393891,0.479243161385,-0.192215797114,2.87043788252,-78.274012799,0.700276217784,0.866939,1.8682756268,46.045339489,81.4667773439,-2.91343,122.942642163,9.37639307566
48.4603,26.4171597352,27.1602,93,2.8968,9.00482856829,2.912,0.111472108905,0.0327272,15.1845411897,2.89699589213,77.9556350214,0.494395350496,-0.228413867315,2.91334760715,-85.0161276964,0.737658664035,0.884582,1.87693680507,48.1478244834,50.5868387676,-2.95517,125.243757715,12.1821093324
48.6917,43.2180110673,27.2054,94,2.9491,43.3164325391,2.96211,0.112010812449,0.0333949,29.046024004,2.94935538054,141.773212629,0.488791141,-0.0952882705264,2.96336614635,-70.6310726504,1.09165900099,0.901215,2.17251468627,46.1456561344,100.260809702,-3.01172,149.857444356,25.5364759777
48.9116,18.290508097,27.2314,95,3.00441,90.3637589079,3.01574,0.112861050873,0.0351312,85.1577385976,3.00461899583,132.105029119,0.493537163509,-0.390744979545,3.01707400698,-101.53213933,1.57185563958,0.910752,2.35726487702,47.7280775862,115.692861089,-3.06497,168.860627939,38.0879334091
49.1053,33.0315488008,27.2819,96,3.05201,78.4408135043,3.06299,0.111073875058,0.0325559,-10.6154007689,3.05255774013,66.4185242199,0.212162936051,1.0739402075,3.06416838656,41.2339591704,1.43636254828,0.89036,1.77887135285,22.1314083727,32.0578513738,-3.11368,114.718139894,41.8675047428
49.2708,46.9259307163,27.399,97,3.10422,69.6637978772,3.11334,0.112180878275,0.0342135,41.5977669264,3.10444634951,161.969109176,0.228903208526,0.827811231619,3.11473148653,12.8590000712,1.37958157128,0.909848,1.8962762736,23.5503481421,116.973317523,-3.17157,122.588637965,42.6751329571
49.5127,13.0233233988,27.5007,98,3.15285,64.0955342521,3.16043,0.11234751628,0.0335276,68.9275236953,3.15323258299,105.227592595,0.289317152447,0.967914568167,3.16123065672,28.2189394689,1.33991661191,0.954359,2.12912979982,29.0118859108,85.6058702027,-3.21141,142.86119359,36.1332359861
49.7462,13.6140638932,27.6682,99,3.18825,86.8528829439,3.1948,0.112781365034,0.0350317,99.5357435334,3.1884587954,136.161685983,0.238891724291,0.955947520896,3.19592293207,25.7233306127,1.56307494554,0.937911,2.03304373035,23.854470227,114.612404871,-3.24889,134.079962886,36.4760155478
49.9062,41.1774295594,27.825,100,3.24848,76.1962198243,3.25515,0.11121128744,0.0341275,72.9703672016,3.24854493217,176.052839334,0.286539382835,0.917863300161,3.2557227798,23.1471653957,1.44730597718,0.932639,2.10638835539,28.7273726163,107.555267959,-3.30137,143.088872431,32.0096000903
50.0704,22.8543954733,27.9309,101,3.28413,114.028137791,3.28949,0.112460588802,0.0363054,76.43608439,3.28433345694,130.161245007,0.197894310048,1.41095613378,3.29034826017,73.6800094493,1.81739602274,0.912889,2.25495383649,19.9108798219,99.1701857032,-3.34737,158.263867414,45.7221075878
50.2567,21.4065496951,28.0242,102,3.33641,87.2536804675,3.34136,0.113069262332,0.0374055,120.040519156,3.33674617012,172.152370936,0.402577304644,0.837920511566,3.34233264804,14.8834520933,1.5554879168,0.918326,2.41791603397,40.7215303596,156.991540161,-3.39905,174.549067862,33.8394159381
50.4988,43.0509370682,28.1086,103,3.39143,131.308592101,3.39643,0.116790519512,0.0414213,61.4897547577,3.39167167182,182.548388056,0.224474876662,1.62645628386,3.39725541894,94.3833704055,1.99836113017,0.902397,2.59048962704,22.5412907967,124.130482815,-3.45212,192.140326704,42.3399585042
50.7098,33.9956023123,28.1876,104,3.45803,141.844367524,3.46243,0.112541868737,0.0369298,94.5193665731,3.45838497531,187.665796225,0.281539158629,1.50679010621,3.4632236137,82.6950953355,2.0871964401,0.874767,2.67609568988,28.7573142838,142.888277889,-3.52148,201.19367074,41.7209816101
50.8878,46.0256311522,28.217,105,3.5029,152.53252733,3.50799,0.116315337401,0.0412576,111.107562315,3.50299666634,207.760080076,0.236327962917,1.75087658939,3.50844950869,106.161821562,2.201339714,0.899525,2.62434090788,24.0591160971,160.401286779,-3.55591,196.970873798,36.9968631552
51.0855,54.1768934827,28.3146,106,3.55509,132.283773456,3.55973,0.115374308381,0.0411424,-16.0899577736,3.55518728684,116.171621247,0.494083823762,1.30386450633,3.56035780096,61.4415268256,2.00622849141,0.919895,3.07163587049,49.8264061458,76.1747509092,-3.60601,239.783393684,38.4639166448
51.3007,20.0389588371,28.3871,107,3.58897,157.431461684,3.59453,0.116404563561,0.0432009,119.570206338,3.58917786763,173.427379189,0.44345739217,1.07774381823,3.59533206194,35.8333627218,2.25566172757,0.921554,3.1921099558,46.1872934172,145.051135699,-3.64005,253.49483358,40.6562095318
51.5466,26.0572644169,28.4515,108,3.62811,116.110284807,3.63345,0.117632981377,0.0440282,117.555069749,3.62846310141,176.877370534,0.588889451027,1.07575513372,3.63423389407,34.3492462384,1.86003644993,0.928023,3.29487666079,61.6775907339,149.003401662,-3.67897,264.904133747,48.3420206555
51.704,38.3624167988,28.4708,109,3.68499,165.649028873,3.68994,0.115812465233,0.0425257,118.01737247,3.68501373842,214.60630257,0.386467947612,1.50180440969,3.69032708285,77.4553130765,2.34744436028,0.923916,3.20775960625,40.8617023415,149.619150274,-3.73691,254.394632767,55.6200268381
51.8923,22.8922161322,28.5181,110,3.72477,186.933685568,3.73013,0.11255476086,0.0381905,140.607049702,3.72506290109,204.26164264,0.372873360247,1.68636211624,3.73077444165,102.050088211,2.54137859176,0.920523,3.18947105566,38.0376274202,169.472499269,-3.77182,250.613045739,52.1407964678
52.145,48.3562945513,28.6249,111,3.76217,167.039846806,3.76669,0.116533950981,0.0439846,72.1426067955,3.76267387681,196.681116103,0.440976003745,1.32026887991,3.76762552998,61.4831145849,2.3549878008,0.92711,3.55538962492,45.2370477241,129.790644699,-3.81214,289.613822202,54.3955673706
52.3073,15.7423096776,28.6634,112,3.79777,153.88688458,3.80293,0.116127842167,0.0436278,88.8647388629,3.79812216112,129.800650794,0.425088462655,1.66265039387,3.80364082347,97.5807128931,2.20950513121,0.921017,3.22532627737,43.5536824906,115.524587856,-3.84494,257.777196956,56.0011759178
52.5154,19.4977435112,28.7446,113,3.83936,124.8558297,3.84369,0.11785793714,0.0435409,89.5321671617,3.83963961256,144.049115881,0.234534368145,1.42528333098,3.84435546807,75.7783763689,1.92149205422,0.925441,2.37390965104,23.2330907258,116.98515078,-3.88651,169.973572428,56.3140628393
52.7328,31.6459564868,28.7763,114,3.87996,156.405735493,3.88402,0.115607148493,0.0405005,96.440490759,3.88028738891,183.387877947,0.349792250405,1.55483618259,3.88470612748,90.1569938104,2.21945004753,0.913595,2.89786233762,35.0981380376,141.686001609,-3.93282,222.789615389,54.0618591255
52.9026,18.1367602619,28.8015,115,3.9327,149.591798702,3.93657,0.1183509534,0.0431996,102.094381571,3.93292489648,150.731712594,0.435999701453,1.44087263616,3.93720773631,80.6401673478,2.14182415028,0.924211,3.3802875743,43.5131368863,122.873965205,-3.9904,271.960707844,54.1771281674
53.1026,19.1726901844,28.8767,116,3.97892,176.210160865,3.98258,0.119147320176,0.0450428,150.434930359,3.97913474786,203.340313656,0.293181307803,1.76475516104,3.98317629233,110.564523526,2.41114706159,0.914021,3.15428029063,29.9797673815,178.548172969,-4.03789,251.942108453,61.0018989898
53.2602,31.0718684812,28.8942,117,4.032,97.9784534573,4.0353,0.120084618945,0.0439337,95.9339853745,4.03260880352,176.055866855,0.316870825527,0.49969888101,4.03634223225,-12.0718925969,1.62447744699,0.914312,2.05520094341,31.0347380248,143.032517633,-4.09496,143.494613375,45.5880401368
53.4426,61.0455377228,28.9824,118,4.07659,145.639535789,4.07897,0.118917191876,0.0447504,-0.321548065017,4.07698853719,165.188960163,0.279602413621,1.03919521178,4.07972570701,41.6313150137,2.09843937412,0.881517,2.78342777442,27.8546813991,94.4977848788,-4.14052,213.032179791,55.1512956032
53.6459,46.3431329365,29.0736,119,4.13513,125.09649248,4.13701,0.123525572091,0.0486603,59.1431453396,4.13550706416,172.410847106,0.327657978861,1.15889701099,4.13767845222,50.0797295838,1.9151161877,0.894471,2.77807733555,32.651106957,128.698820366,-4.19914,212.132130873,56.4442830865
53.8747,19.2479310146,29.237,120,4.17066,135.425751624,4.17216,0.119331687225,0.0449416,103.783958968,4.17109528985,151.578637776,0.541360018227,0.798595442381,4.1726395161,9.82099869302,2.03863662175,0.925956,3.16354268474,54.6772927773,128.351998273,-4.23369,251.409591627,60.7312506569
54.0948,41.2626061441,29.2943,121,4.22016,165.491154092,4.2218,0.120840519545,0.0467676,48.1641451774,4.22056771642,158.988591564,0.498096670615,0.751279954864,4.22234504827,13.4348648253,2.32110903891,0.910425,3.26414597842,49.6977229836,95.1374223843,-4.28072,261.875501851,65.5479579876
54.2835,11.4116619794,29.371,122,4.27057,183.730367635,4.27201,0.122252640098,0.0489992,105.281814362,4.27086171723,132.375731102,0.508173232941,0.601372668079,4.27239885184,-9.95303887363,2.50662781113,0.922522,3.2805228318,51.4957838299,120.774370005,-4.33148,261.341852629,68.1881095326
54.4992,22.3177025477,29.4491,123,4.30609,149.157853648,4.307,0.121180071576,0.0498876,61.2736069258,4.30622240727,116.685761734,0.449909919619,1.31069876455,4.30726691862,65.4771536957,2.16118972806,0.908343,3.41791521344,44.5893237216,82.2654700343,-4.3604,274.396325058,58.7916318592
54.7152,10.9421098838,29.5721,124,4.33968,183.261278278,4.34082,0.12271803204,0.0516941,105.655896265,4.33985006215,136.090544624,0.587309677063,1.23257497634,4.3410304041,56.5545527706,2.51075209665,0.930957,3.54856659033,59.1276077165,121.667977349,-4.39431,288.640308572,68.9887487887
54.9606,75.3970292512,29.606,125,4.38886,181.245674523,4.38981,0.121147970536,0.0475742,46.1419405429,4.38926503929,255.118047324,0.489911357062,1.19306325366,4.39025158825,52.0837215239,2.47364039393,0.925222,3.1959686872,49.0768380609,135.760335528,-4.44299,252.311208989,66.4744928363
55.1342,14.3495844864,29.7186,126,4.41995,187.440471052,4.42067,0.120178065631,0.0489174,111.035362483,4.42031494686,151.269077506,0.415032618498,1.37798138786,4.42120053165,70.9483642198,2.54922822271,0.944066,3.40979662336,41.7919719946,131.808635416,-4.46967,273.033928016,67.5041052674
55.3301,51.2797035985,29.7646,127,4.45062,150.810639421,4.45143,0.118968974634,0.0470588,33.585898456,4.45079162764,168.00943419,0.498466944642,1.14433624865,4.45172346104,44.3088019087,2.20360457195,0.953399,3.21570675793,50.832659196,101.014147738,-4.50051,255.302147138,62.0020722535
55.5019,53.7102207573,29.8938,128,4.47716,166.386452039,4.4779,0.122511062469,0.0509129,67.6888400716,4.47748047368,211.859863231,0.408715535013,1.57490230513,4.47823953011,89.5375714002,2.34366089372,0.94419,3.4370030964,41.155734284,125.365741388,-4.5295,277.14636805,68.423070917
55.6828,24.8757842714,29.9691,129,4.51881,195.385837387,4.51964,0.119506290387,0.0462921,63.4628491806,4.51914652106,130.372218559,0.403683303404,1.92269795586,4.51998095909,124.253622744,2.62986551543,0.943783,3.92473858172,41.329349285,104.329760539,-4.56608,327.808440222,71.5853807035
55.8304,25.6697613536,30.0677,130,4.55859,210.747342277,4.55947,0.118101556512,0.0461111,100.469183108,4.55889206563,163.409281085,0.426427467643,2.08089097874,4.56003069542,142.965846992,2.75734453841,0.933392,3.82913958748,43.2387132231,132.259472461,-4.60599,320.916551259,69.3829982522
55.979,24.2430922433,30.1679,131,4.58448,205.215447818,4.58526,0.120758853459,0.0486289,63.214605112,4.58461806276,131.584852757,0.42230081139,1.87954487072,4.5855081633,120.028369787,2.72045186031,0.937113,3.5258013875,42.5902526962,98.6778036886,-4.6294,286.695287379,70.0058544004
56.1857,19.4885498144,30.2766,132,4.62491,204.324303555,4.62577,0.121425702313,0.0500338,152.402264369,4.625350501,200.988467757,0.353974497352,2.10258041943,4.62634573399,139.201852025,2.71587700601,0.94118,3.44313928033,35.4012465773,182.007846734,-4.66974,276.883770841,72.8469253126
56.3264,71.7653231114,30.334,133,4.64743,176.120298194,4.6483,0.121835203403,0.0523608,28.683287562,4.64762164609,231.013973315,0.428744640847,1.18574684558,4.64856728085,50.4547188128,2.44134441117,0.933332,3.51180646196,43.0358503955,135.270560397,-4.6954,284.779606288,67.3224128651
56.5301,51.7870464112,30.3511,134,4.68772,192.404843305,4.68872,0.12150987002,0.0503881,99.3079460128,4.68793106148,244.365440505,0.424277704895,1.57224538077,4.68907803903,89.2128486817,2.58780872493,0.918865,3.32081735551,42.7725643209,166.360860051,-4.73642,266.573127241,65.0998595005
56.6951,34.7354767542,30.4254,135,4.69506,205.155910448,4.6959,0.121159126356,0.0510684,88.8183849876,4.69538631716,176.692239852,0.345061693389,2.11264069416,4.69637422732,144.619849372,2.72670023613,0.92904,3.3543505291,34.8023070747,131.065653297,-4.74303,270.605798275,73.151732794
56.8455,30.0508798116,30.4461,136,4.7489,186.419090789,4.74987,0.1219400877,0.0496134,190.015851193,4.74927505797,264.56677334,0.25499496727,1.94135217401,4.75042642008,126.368523996,2.54004098319,0.930686,3.07026891605,26.0661597536,216.041006776,-4.79871,241.588644136,68.121661314
56.9742,64.8508292813,30.5059,137,4.79569,190.273775227,4.79657,0.122366735999,0.0495978,36.0919182052,4.79578181351,218.464896406,0.277344079803,2.02202171261,4.79670827626,132.801728094,2.57690929444,0.921724,3.09860050798,28.1277460144,132.024176232,-4.84554,242.0091547,69.1298184789
57.1961,15.4093735894,30.5727,138,4.83177,189.025243544,4.83251,0.127002964359,0.0566034,121.246501259,4.83204927759,162.319819017,0.351599592302,1.69043730076,4.83293028734,99.1203637674,2.57011764048,0.939233,3.32556047147,35.8471669163,144.770294862,-4.8847,265.456231897,67.5584381925
57.3797,26.7179413487,30.6197,139,4.86215,176.724693793,4.86287,0.125067157451,0.054424,93.6680420563,4.86246408604,155.732556793,0.266644187564,1.93292870726,4.86333601789,125.228538917,2.44070746562,0.920419,2.99930269162,27.0077877438,121.23489506,-4.91285,231.649114987,65.2061860217
57.5456,23.0164872081,30.6607,140,4.89264,222.610134991,4.89348,0.127139367028,0.0544285,161.499393691,4.89297790996,218.080781761,0.280310495821,2.35982224132,4.89399494551,170.212821626,2.89150831282,0.926142,3.78625027218,27.9277740604,180.210428324,-4.9426,309.479078866,73.9180320145
57.7498,15.1090056549,30.761,141,4.93995,232.539897348,4.94074,0.120928955151,0.0476885,147.610025688,4.94037746788,185.741565068,0.458903071723,2.09267172183,4.94121883829,140.79502189,2.99123466462,0.939768,4.06457347063,46.5999486594,169.239832052,-4.99223,342.395035036,73.6909621153
57.9463,26.5181179251,30.7712,142,4.98154,183.944023179,4.98215,0.124860523757,0.0539417,151.490704084,4.98184280106,222.198951413,0.505366797621,0.92567526444,4.98253020726,20.9704301659,2.52039593073,0.918173,3.27571106602,51.9096542208,186.568891255,-5.03285,263.804492743,65.6908467211
58.1635,16.5097294678,30.8178,143,5.02456,198.398737645,5.02499,0.125772094474,0.0567553,169.970641756,5.02493456081,208.379577685,0.434781665175,1.31750328886,5.0254529798,62.6889908043,2.64942277989,0.934815,3.49771145037,43.862749029,192.566732445,-5.07403,282.258361103,64.1200824093
58.347,34.8784424993,30.8537,144,5.04945,224.75692436,5.04999,0.126982878632,0.0585661,113.395871965,5.04971606082,200.992794159,0.374371972579,2.38082990321,5.05036977103,169.98928094,2.91123146329,0.937195,3.74564852697,37.953297677,159.013464238,-5.09776,309.374120125,71.3024870224
58.5517,52.1169316131,30.91,145,5.0785,189.173336426,5.07903,0.128548125116,0.060598,110.857115369,5.0787646305,251.170385877,0.388028941518,1.87580982281,5.07940377979,117.340311274,2.55534954583,0.933246,3.69431253765,39.279635723,168.495382184,-5.12838,301.317618002,64.7490643218
58.7319,22.5242198412,30.923,146,5.12054,241.486325652,5.12101,0.127634267214,0.0595744,163.162330705,5.12077389809,223.326418893,0.47330976353,1.98763461557,5.12131803572,130.805251147,3.07258186872,0.935678,4.08951890022,48.0614155109,186.494015172,-5.16787,344.940388232,73.3598200045
58.8619,29.580947239,31.0086,147,5.15481,272.906173078,5.15517,0.129846523154,0.0623198,153.427826076,5.15525948798,225.038806404,0.473650234286,2.16054342281,5.15568235649,147.966185958,3.38765634175,0.93853,4.31345193013,47.9473872259,197.744847332,-5.20388,365.90730458,75.912121924
59.0535,24.330942917,31.0219,148,5.19694,251.804971243,5.19718,0.132914766485,0.066065,130.850846797,5.19742588877,194.326858714,0.432737999954,1.98967864817,5.19779056695,131.680016081,3.18987882716,0.925327,3.98433948877,43.6568178801,164.49438214,-5.24565,332.987264876,77.7442753638
59.2163,31.6801485696,31.0496,149,5.24694,276.587297511,5.2472,0.130089058486,0.0628432,114.377072235,5.24744422342,203.419803335,0.249407850541,2.92382040093,5.24774762595,227.366979944,3.41865071147,0.944065,4.04335250095,25.0780178158,161.003838608,-5.29437,341.69304934,71.1937559734
59.3832,43.7912375666,31.1311,150,5.27588,282.266000409,5.27598,0.134506914352,0.0658204,113.25731897,5.27627311604,217.689719775,0.404760124698,2.56980037859,5.27644832415,189.929311134,3.48204031024,0.947496,4.3974406338,41.4151517657,168.038648867,-5.31954,376.923120242,81.3768677475
59.555,32.9338828584,31.1974,151,5.3139,231.903241027,5.31396,0.130595894724,0.0630948,107.435213387,5.31422438891,188.881673355,0.33809008617,2.13589945002,5.31430969812,146.24126314,2.99045199595,0.941261,3.53788153264,33.8538085094,164.130120821,-5.35709,285.476998576,74.5510957217
59.7545,30.9558404299,31.2208,152,5.34549,247.094228373,5.34553,0.134733180823,0.0695631,128.17884944,5.34587323391,201.018223879,0.271219570517,2.75716346408,5.34594529529,210.50444087,3.14360262778,0.942058,3.95072129832,27.0846087658,158.530550389,-5.38821,327.213237907,70.1644463051
59.9333,21.328843997,31.2631,153,5.38223,261.27085036,5.38229,0.133051996908,0.0633486,168.446205501,5.38295511111,226.564082411,0.285840133654,2.63615785347,5.38301000765,193.770500399,3.29190988654,0.94016,4.00705417981,28.7449283031,203.209898469,-5.43066,333.729263013,74.5744191509
60.0655,15.1336955315,31.2953,154,5.40732,235.644076947,5.40738,0.13293209449,0.0618188,161.665834716,5.40780204437,201.510896349,0.434086009099,2.34644721173,5.40784126258,163.132190599,3.03881478535,0.950978,4.31760250437,44.0427170565,184.831221951,-5.45509,367.063738073,68.3730463734
60.2555,37.6857497427,31.3229,155,5.44496,210.879033304,5.445,0.131566542796,0.0625286,159.711633922,5.44546832468,254.378528632,0.440949409301,1.87037061801,5.44549597928,116.474430032,2.79024475834,0.949255,3.87117173612,44.981938493,208.140563501,-5.48974,318.766710207,60.9427671094
60.3868,68.0578332129,31.3721,156,5.47737,210.549563816,5.47738,0.129335848473,0.0583904,117.988941087,5.47771034904,306.343292529,0.49066964324,1.49982643756,5.4777544094,81.4258351754,2.79022676063,0.948481,3.59743331647,49.1424581447,205.223741204,-5.52568,293.75986077,54.7046771403
60.5741,61.1816805654,31.3972,157,5.52603,227.975177124,5.52606,0.132061081131,0.064101,140.176451243,5.5264171956,303.937167008,0.538396547834,1.53043310159,5.5264347195,91.5786889121,2.95552647863,0.939431,3.95829842893,53.2677957595,206.126581585,-5.58013,326.074931786,56.9136529258
60.721,18.3218724232,31.4729,158,5.56527,219.849584321,5.56529,0.130474504979,0.0609835,131.880052267,5.56549045881,176.629704373,0.475216793384,2.04884429024,5.56551028964,135.725353116,2.89246904018,0.94155,3.73232985564,46.9106420922,157.919501,-5.62331,300.961806737,60.0207692472
60.9087,26.6791763036,31.4732,159,5.60947,202.199468964,5.60949,0.133467000313,0.0640619,133.111620286,5.61036949801,206.895009271,0.595706923069,1.24995353581,5.61040447572,57.6197534774,2.70114960859,0.940771,3.86863800467,58.7688744525,174.286569243,-5.65834,320.449210219,54.473510645
61.035,48.3253693943,31.507,160,5.63536,228.78155206,5.63538,0.130611039751,0.0620162,141.732914453,5.6358106752,258.529994986,0.48736989014,2.18126137552,5.63584307476,150.901503491,2.95982446662,0.93426,4.22854590293,48.7951535626,202.428600028,-5.68218,355.747080203,58.283774243
