AverageAbsQYDiff,AverageAbsY,AverageAbsQ,QFunRegParamNorm,AverageDiscountedReturn,AverageForwardProgress,AverageQ,AverageQLoss,MinEsReturn,PolicyRegParamNorm,StdForwardProgress,MaxForwardProgress,AverageAction,Epoch,StdReturn,MaxReturn,AverageEsReturn,MinForwardProgress,MaxEsReturn,AverageY,MinReturn,AverageReturn,StdEsReturn,AveragePolicySurr
0.00316003593205,0.00493048509197,0.0062628,8.99644,-28.2933813407,-0.0185852262709,0.00375113,9.52569e-05,-83.4018169343,18.2304,0.0312905537286,0.0552140405267,0.998013,10,3.11993154925,-68.9255491879,-4.99333786521,-0.124983044643,5.80954466687,0.0028033191711,-86.8967760938,-76.293510927,18.3744398552,-0.0252791
0.00148407514865,0.0165498231025,0.016434,9.08307,-30.1477750817,-0.0394741702806,0.0146637,1.14768e-05,-81.1722460875,18.3526,0.0315323645792,0.023103708612,0.999254,11,3.1481637138,-72.2212775867,-75.5534790583,-0.107676334659,-67.8501864627,0.0146185414659,-85.2679964267,-78.4574531837,5.00107519785,-0.0198823
0.0011899962533,0.0188041099397,0.0186726,9.22414,-18.3082008778,0.0886505574319,0.0153967,7.56352e-06,-129.011990498,18.6472,0.0469357408729,0.205420238788,0.998565,12,4.68804840116,-53.8610480868,-83.9154721615,0.0158228448881,-60.5058478927,0.01538901598,-72.7986744631,-65.5245186116,27.8917343243,-0.0220729
0.00113848786731,0.0196272362666,0.0195103,9.3996,-18.5010749887,0.0824281731281,0.0162237,6.56367e-06,-72.8796402474,18.8693,0.0492819333408,0.192608817969,0.989161,13,4.92066562109,-54.4474025108,-65.4474109707,-0.0217335574547,-55.6075309671,0.0162190144725,-75.9392989535,-65.4294439651,6.2313737214,-0.0217398
0.00104600303714,0.0239752382805,0.0238669,9.55062,-17.0227605796,0.106521253943,0.0198871,5.92964e-06,-69.7866433284,18.9128,0.0403826631742,0.198044733268,0.998665,14,4.0324102635,-54.5738120203,-62.7045194528,-0.00489359882375,-59.311453826,0.0198818945403,-74.8558307221,-63.7415322317,4.18374075201,-0.0275219
0.00101495116974,0.028088175999,0.0279761,9.70667,-18.0983053192,0.0920485498971,0.0231558,5.89388e-06,-65.8262302753,18.9649,0.0473608478042,0.171594196348,0.999999,15,4.73724664802,-57.323360605,-61.428341868,-0.0238547961149,-59.22308131,0.023155395454,-76.8812369831,-65.2889762761,2.58136182314,-0.0268413
0.00107053755325,0.0302357584815,0.0301232,9.9353,-18.3983483463,0.0898380745368,0.0236647,6.62843e-06,-73.2025243086,18.9688,0.0407697502279,0.183457401928,1.0,16,4.07293429239,-56.1642441801,-63.0851596187,-0.00713772935099,-56.9757521866,0.0236636550006,-75.2042936514,-65.5150750002,6.666632593,-0.0251641
0.00115466394573,0.0302819182212,0.0301549,10.1083,-17.0359253154,0.117597103526,0.0218778,7.40061e-06,-76.8685055407,19.2061,0.101258969072,0.363437061555,0.949397,17,9.07089430729,-36.7273748805,-62.8570848716,0.018818001883,-37.8713102696,0.0218781249806,-67.8469909352,-59.0829985545,15.1363752675,-0.0238444
0.00119881324666,0.0301189128382,0.0299662,10.2588,-18.3011508551,0.0465499567354,0.0207722,7.64756e-06,-65.960857072,19.5916,0.100966396091,0.382392481209,0.914808,18,8.93150013906,-33.2712456062,-50.2857646814,-0.0518164657408,-43.5367945957,0.0207712255521,-72.6519183254,-63.5578914225,9.12930827453,-0.0226258
0.00118184690218,0.0308237316438,0.0306723,10.4485,-14.7299054381,0.215798036197,0.0208025,8.19702e-06,-72.2525727561,19.8858,0.137097659343,0.395099011787,0.999093,19,13.6353336289,-35.1133298753,-56.8702302975,0.00357190805737,-37.9869378637,0.0208058275054,-74.0474729701,-52.9871012191,14.6994977004,-0.0213592
0.00123212466081,0.0296852599678,0.0295625,10.5963,-18.0456420416,0.0876533175058,0.0178331,7.94101e-06,-68.8121319549,19.9597,0.0425839906233,0.196985028606,0.986006,20,4.18394871681,-53.9963877438,-56.6293378284,-0.00287735952968,-41.0469057611,0.017833388602,-73.5531297112,-64.720573852,9.97061166847,-0.0157399
0.00124497083054,0.0277316955382,0.0276086,10.7405,-15.9186641859,0.166029434658,0.0144803,7.99778e-06,-74.7004214329,20.2428,0.130521579151,0.366424184604,0.999164,21,13.0986821889,-37.8443413977,-63.0303985569,-0.00808558101361,-42.2747199059,0.0144797574715,-75.3825893927,-57.9615385618,12.3480492623,-0.013642
0.00124093844058,0.0256172522579,0.0255227,10.8964,-12.3175452564,0.258923394964,0.01105,7.09782e-06,-70.3141001334,20.4168,0.0980859191136,0.372436392895,0.995978,22,9.91727225342,-36.9228290168,-58.0051234851,0.017312164939,-42.7020071774,0.011052484016,-72.7652068337,-48.4226221392,11.0811948106,-0.00875111
0.00122863495403,0.0235165587466,0.0234352,11.1209,-15.5076440329,0.190341960614,0.00689686,7.4196e-06,-76.5394192147,20.3643,0.143110187607,0.397739698057,0.999819,23,14.3376144932,-34.8008820856,-51.7591350348,0.00710458993756,-36.4237166499,0.00689753095086,-73.9260515512,-55.588329963,15.5442534712,-0.00385958
0.00131399603045,0.0211924938309,0.0211094,11.2838,-15.3659514672,0.190352576576,0.00288991,7.90244e-06,-72.6761670873,20.614,0.144871778076,0.40581571816,0.998878,24,14.5097279979,-33.9117233257,-62.5788302192,-0.0185488951855,-40.5930813581,0.00289413367256,-76.4087919742,-55.5216161654,12.9651937199,-0.0010127
0.00131796710493,0.0195595407753,0.0194651,11.4831,-17.9169360084,0.0918028271063,-0.000193278,7.98324e-06,-66.1455083606,20.7509,0.0434562282064,0.164770832402,0.999999,25,4.3394298127,-58.078585157,-59.8769306028,-0.0207005747422,-43.1462842093,-0.000191375840085,-76.5918838343,-65.3532701524,9.69205141723,0.00151628
0.00129216001949,0.0187440616669,0.0186499,11.6464,-14.6212150326,0.208592546344,-0.00289101,7.29322e-06,-69.4802051081,20.8639,0.144788248993,0.384200925579,0.999022,26,14.5302524299,-36.0313518371,-60.6557456156,-0.0248125143562,-46.3426006482,-0.00289039312685,-77.0681733433,-53.7030005398,9.29121960685,0.00356564
0.00137657633874,0.0182381081246,0.0181328,11.8077,-12.2457501415,0.260722498651,-0.00533534,7.99095e-06,-70.3118853916,21.0211,0.119170400057,0.41541662736,0.999211,27,11.944281611,-33.0080133707,-56.0495854669,0.0116155580276,-42.6421965666,-0.00533289309897,-73.4505707758,-48.4967593076,13.3198929616,0.00622181
0.00133600036202,0.0183516248382,0.0182732,11.9911,-14.414957245,0.180968103664,-0.00719435,7.76034e-06,-42.914463857,21.075,0.0394397835981,0.305546928577,0.997012,28,3.95048825562,-43.5245001379,-39.0383077659,0.104570171525,-33.6503721638,-0.00719505354948,-63.7768092367,-56.1316886457,3.36167274257,0.00773323
0.00138150301942,0.0194480202511,0.0193674,12.1995,-13.4353559384,0.189972319455,-0.00914902,8.19466e-06,-60.9737156847,21.3124,0.0382120098912,0.298405572672,0.993501,29,3.80340929945,-44.1919063711,-48.3426446917,0.122519520072,-38.0557539155,-0.00914867370868,-61.6944709354,-55.0166255515,9.35790499,0.00967928
0.00146348101245,0.0213185284824,0.0212304,12.3998,-15.7455060821,0.15505142626,-0.0113766,8.76988e-06,-69.6746690482,21.3791,0.0361956828478,0.223058482167,0.939563,30,3.4383127981,-48.0688247136,-60.0982371367,0.0301977872004,-51.1654761448,-0.0113737356051,-66.6220406039,-54.4156213484,7.51597496211,0.0115851
0.00146848968934,0.0234813211719,0.0233863,12.6153,-17.339782867,0.0981852243497,-0.0134158,9.25414e-06,-63.6451725349,21.3839,0.0383848922963,0.198400664422,0.999353,31,3.83621669174,-54.6385253799,-61.1274096483,0.0394507360968,-56.6386809342,-0.0134164896838,-70.5147258309,-64.6639938775,2.66985192946,0.0137374
0.00150124615188,0.0259079689052,0.025809,12.8179,-15.7950153049,0.149892527695,-0.0157473,9.70585e-06,-62.808528621,21.283,0.0380826212112,0.227993129772,0.99092,32,3.59328499047,-51.3477092568,-57.2321551655,0.0522148281407,-50.6889829106,-0.0157448744829,-68.3658927452,-58.8610412885,4.32609464936,0.0162136
0.00150264454061,0.0276702176259,0.0275907,13.0335,-17.4293914039,0.0977943657635,-0.0177061,9.51227e-06,-69.8213951408,21.2243,0.0331102740132,0.189020984023,0.999817,33,3.3097245439,-55.6208437839,-66.2134127296,0.0226528926306,-60.3388203161,-0.0177031306939,-72.2471233366,-64.7402900837,3.66876273118,0.0174537
0.00159815973632,0.0292244113582,0.0291446,13.2373,-18.0673085721,0.0916106976046,-0.0188995,1.10426e-05,-70.0829628019,21.3205,0.0393181514688,0.169686054895,0.999159,34,3.94430515912,-57.4710591683,-62.4576441127,-0.0207989898759,-56.1118747689,-0.0189003645831,-76.5866777227,-65.3075538839,4.98519451794,0.0181473
0.00158806605098,0.0311033385807,0.0310317,13.3867,-17.7224471747,0.0926638132756,-0.020771,1.0688e-05,-73.0759559994,21.3139,0.0464079768938,0.217939847335,0.997767,35,4.64164766779,-52.551877402,-66.5123790093,-0.000133969475915,-59.3760106281,-0.020769716362,-74.376349072,-65.0977054861,5.89370759827,0.0210328
0.00163125458562,0.033428225693,0.0333503,13.5532,-17.6780400264,0.0880097964866,-0.0227806,1.12687e-05,-62.3623130393,21.5887,0.0456114517847,0.221494258179,0.990755,36,4.5193658833,-51.6834189565,-60.4687561059,-0.0024366525157,-57.7270645151,-0.0227817174148,-73.9787157221,-64.9451172629,1.7002461982,0.0233233
0.00165017264126,0.0356230831682,0.0355514,13.7213,-14.0406503457,0.177209574867,-0.0251378,1.15674e-05,-67.9288073567,21.8177,0.0379057751345,0.252882978386,0.989875,37,3.70692674984,-48.3967305853,-57.9462331165,0.0604244858138,-44.6934130086,-0.0251361575275,-67.1282569937,-56.0134560692,8.37995935439,0.0250365
0.00170734970539,0.0373641770301,0.0372907,13.9051,-18.1445979049,0.0665512256168,-0.0265056,1.29153e-05,-73.5419502613,22.1136,0.0432384381866,0.166365624042,0.976961,38,4.44921062097,-55.5675943924,-65.548998903,0.00489344434712,-59.8372038231,-0.0265027981569,-72.3672392804,-66.013794692,5.17534923733,0.0258758
0.00174359643379,0.0390915140994,0.0390298,14.0779,-16.3127623789,0.0984977162797,-0.0278595,1.26234e-05,-72.1307389112,22.1634,0.0486940881102,0.219479543496,0.97435,39,5.0887086556,-50.0944481255,-66.6782179825,-0.0244772592253,-58.3218139251,-0.0278595836799,-75.4641358203,-62.5602733408,5.09508643785,0.0276348
0.00175207196786,0.0397054223289,0.0396295,14.2267,-17.2407647378,0.113902028888,-0.0286268,1.29871e-05,-67.9953390404,22.3876,0.0456567631094,0.215629429339,0.983094,40,4.25655628837,-52.1029423407,-63.0387060662,0.0313790145506,-56.3367290202,-0.0286275177799,-69.3088411163,-61.5156335212,4.25131336643,0.0269422
0.00180307003721,0.0404750326726,0.0403977,14.4434,-15.7541714337,0.152589885076,-0.0287794,1.44742e-05,-63.1624814514,22.5535,0.0437866532683,0.244587450491,0.994104,41,4.2937020739,-49.6515889039,-57.9019909784,0.0689993679843,-51.3251446616,-0.0287831975869,-66.9720829338,-58.6189619624,4.8348680918,0.0272205
0.00186744537173,0.0413889551293,0.0413082,14.6017,-15.0370060077,0.168794952147,-0.0293352,1.55129e-05,-68.3299395393,22.6403,0.0445396440144,0.269832145976,0.99447,42,4.40036047595,-46.999447584,-57.3642004227,0.07756922101,-51.5645105402,-0.02933743743,-66.089965932,-57.09049796,6.63690321749,0.0279641
0.00191484274483,0.0422244855657,0.0421702,14.7226,-15.6772949219,0.160661091992,-0.029213,1.70686e-05,-61.5892994112,22.8352,0.0394303727531,0.23991755409,0.992483,43,3.84103752354,-49.9338221231,-56.8876558457,0.0817415327225,-52.5286468475,-0.0292113791521,-65.3761002406,-57.7691564771,3.98116268824,0.0275392
0.00207109445018,0.0442191847788,0.0441164,14.8653,-14.7443154297,0.175234341229,-0.0299377,2.04863e-05,-54.2033478601,22.927,0.0381571013618,0.270741167836,0.995661,44,3.81631084753,-46.9740441965,-45.6382680199,0.0965543074241,-39.0062168172,-0.0299458893534,-64.4228594284,-56.6244384038,5.60432002258,0.028688
0.0020827929295,0.0471731028034,0.0470804,14.9857,-15.4377271084,0.168236654459,-0.0296884,2.16503e-05,-61.6853051973,22.9063,0.0441135621874,0.274469343963,0.990115,45,4.49273588898,-46.0951985553,-52.661530054,0.0702621788803,-46.331768402,-0.0296864492479,-66.8586599014,-56.8306605821,5.67968191592,0.0272933
0.00224888068366,0.0501518397557,0.0500354,15.0776,-14.1916110326,0.182323211483,-0.0297086,2.59218e-05,-56.2555840668,23.0251,0.0339982343336,0.266307450377,0.999559,46,3.39447430066,-47.8328948199,-51.9707566784,0.110377594666,-49.7449897749,-0.029716722849,-63.3533774224,-56.1999254087,2.52239985253,0.0286351
0.00216529337694,0.0526653736148,0.0525517,15.1802,-15.0315265353,0.174278984332,-0.0316039,2.64385e-05,-59.881709749,23.1501,0.0469802510077,0.280696104458,0.99951,47,4.69379163936,-46.3653697438,-54.6194482916,0.0637652127175,-47.2822992379,-0.0316096274388,-68.0532700883,-57.0063593167,4.62301192547,0.0313405
0.00219549364978,0.0539269291433,0.0538138,15.304,-13.9616118494,0.185145587461,-0.0329059,2.75727e-05,-59.1314875253,23.1949,0.0453794452276,0.316268541822,0.999479,48,4.54259064379,-42.7890186307,-57.5388230688,0.0893886834149,-54.3402484206,-0.0329032151127,-65.5243071956,-55.9182834512,1.88862126002,0.0329128
0.00227300295776,0.0553592758071,0.0552181,15.4016,-15.098604225,0.170095099388,-0.0350226,2.92419e-05,-62.38979943,23.293,0.0462946886881,0.278402637529,0.998532,49,4.61887976517,-46.4869687319,-55.6649932779,0.083680655559,-45.5625389176,-0.0350282347276,-65.9966265333,-57.3594356506,6.42509727911,0.0347541
0.00232143529403,0.0566656186695,0.0565109,15.5168,-16.0848489023,0.155217084269,-0.0364694,3.34745e-05,-58.160327374,23.4033,0.0358382857916,0.245316089229,0.997935,50,3.58953430503,-49.7666995994,-54.8338063984,0.0912126715989,-51.1799253122,-0.0364698608064,-65.2452347596,-58.8152327956,2.47337779406,0.0359118
0.00231313391539,0.0581514271514,0.0579806,15.5754,-15.3333533964,0.160439146208,-0.0370952,3.5301e-05,-61.7421048346,23.4995,0.034538822795,0.23121713255,0.997702,51,3.45328723892,-51.211437602,-57.2339049461,0.0845814194851,-51.8668054117,-0.0370969262229,-65.8625749533,-58.2625512148,3.57606236528,0.0361528
0.00236622254269,0.0596045893059,0.0594299,15.6763,-15.4359988974,0.157511513942,-0.0373942,3.65212e-05,-59.9243908639,23.5606,0.0426277774013,0.236624642403,0.997554,52,4.25796106763,-50.6938420991,-55.3049529674,0.0770797633201,-51.6888173598,-0.0373935151099,-66.6223498951,-58.5507361815,2.98159247563,0.0363287
0.0023690305615,0.060751767097,0.0605767,15.789,-14.9453143629,0.165102573661,-0.0387142,3.66264e-05,-58.1869464998,23.6223,0.0344749600429,0.27267484805,0.997629,53,3.45171139524,-47.0188778255,-53.7894572846,0.102765702868,-48.1086036267,-0.0387162349762,-64.0347157416,-57.7892513544,3.7482525779,0.037982
0.00237411576236,0.0622958355687,0.0621054,15.9375,-17.4210073669,0.0941715634522,-0.0402117,3.86932e-05,-67.1548971072,23.6277,0.0429796139015,0.171770729335,0.997728,54,4.30282042606,-57.2016969449,-62.0793448381,-0.0118366745685,-55.6452258531,-0.0402188179908,-75.5457156694,-64.9621037668,4.22557401489,0.039548
0.00239255087823,0.0632452928033,0.0630651,16.0778,-15.000953646,0.169015140394,-0.0412317,3.87211e-05,-72.6219033512,23.7827,0.0386108842793,0.248034150534,0.992936,55,3.85376000065,-49.3213785885,-62.2420379631,0.082273326242,-58.5876827712,-0.0412337401674,-65.6551679955,-57.124500368,5.99437727273,0.0405015
0.00253950176054,0.064637437189,0.0644263,16.2125,-14.8777112996,0.168620951965,-0.0418652,4.2871e-05,-62.1045157542,23.8436,0.0434995996082,0.260924237786,0.997864,56,4.38133927785,-48.1428675149,-57.9627743617,0.0834685993984,-51.1918883812,-0.0418688327779,-66.0102916578,-57.4527199759,4.22941126582,0.0407053
0.00239422050894,0.0656890688417,0.0655042,16.288,-15.1265902975,0.165499657466,-0.0432028,4.11849e-05,-58.9104727191,23.9273,0.0320611967234,0.246423196418,0.997342,57,3.22732028234,-49.5520384627,-54.0273228976,0.0951486343047,-51.6348635943,-0.0432044766453,-64.7544136267,-57.7313920497,2.89982332282,0.042546
0.0024676637304,0.0667158030397,0.0665166,16.424,-16.007459073,0.155704555006,-0.0440348,4.12481e-05,-61.9848156135,23.9932,0.0363350156691,0.234316045164,0.998529,58,3.64087193986,-50.9274875328,-59.7114056443,0.0853428566152,-56.6914315529,-0.0440321870784,-65.8500266061,-58.7957895229,1.93858674018,0.043113
0.00258145027814,0.0671589455924,0.0669581,16.5179,-14.2646165959,0.177832349551,-0.0450483,4.43304e-05,-57.6208747334,24.0618,0.0343341727379,0.262888079586,0.99758,59,3.42689191927,-48.0193386656,-54.0706797042,0.0891306171207,-49.8560450459,-0.0450544331544,-65.4406026112,-56.5296254443,3.55441141192,0.0445138
0.00247221164991,0.0681081939558,0.0678963,16.6218,-16.3791124758,0.14906315192,-0.0462338,4.15757e-05,-60.1504040278,24.0841,0.0538475353304,0.324103907145,0.976651,60,5.32104676439,-40.7236505457,-56.4719398434,0.0510142876005,-53.0893540151,-0.0462368292994,-67.469514661,-57.7858224303,2.51469071522,0.0443983
0.00237873430097,0.0681209624126,0.0679248,16.7496,-14.7556684998,0.170536026674,-0.0467627,3.97553e-05,-70.3969314604,24.2378,0.0436019407223,0.25771151514,0.989624,61,4.33781961335,-47.9479909547,-63.8977509771,0.0942555644627,-61.2975309976,-0.0467607465923,-64.268176828,-56.6997538196,3.76186368484,0.0459169
0.00250050667122,0.0682824400325,0.0680634,16.8469,-14.1081130573,0.176166066502,-0.0474964,4.24607e-05,-62.767013216,24.4595,0.0454083818225,0.250785581615,0.989968,62,4.52859467509,-48.5927624959,-57.7452404324,0.0500294420025,-55.3300551588,-0.047503124038,-68.6549736086,-56.1466667348,2.97979990666,0.0463873
0.00244967840097,0.0684467557917,0.068253,16.976,-19.7091625683,0.0549143754431,-0.0485023,4.06164e-05,-74.2365744725,24.6949,0.123175602554,0.330025288694,0.995261,63,12.4651696197,-41.0581278168,-69.5476295854,-0.0516985335187,-61.3867624575,-0.0484990577527,-79.5456825612,-68.7938145212,4.89821609281,0.0477086
0.00251714901589,0.0687377688148,0.0685338,17.0997,-16.3182262116,0.154519819437,-0.0493764,4.19619e-05,-72.0356000673,24.7306,0.0386329445446,0.254421049678,0.997065,64,3.83290225317,-48.9220840554,-61.4336085648,0.0610415994435,-52.9262195325,-0.0493810181654,-68.043131825,-58.7822141151,7.11736736708,0.0489974
0.0025633335087,0.0695856770282,0.0693582,17.1916,-13.8311191204,0.183993741968,-0.0504165,4.69341e-05,-57.763111493,24.7677,0.0458251189684,0.287802729979,0.999288,65,4.58486384488,-45.6811839254,-53.9896661349,0.0915273274985,-44.0705149688,-0.0504157720809,-65.2589791412,-56.0199848121,5.74935249009,0.0494864
0.00240122549116,0.0707108953915,0.0705259,17.2776,-14.4108045711,0.175567233723,-0.0514333,3.89398e-05,-59.4196519744,24.7748,0.0429526150908,0.261539379785,0.994961,66,4.2903524499,-48.009521135,-55.9035554406,0.0636308443609,-53.2880756565,-0.0514370266481,-67.8717222027,-56.6160072708,2.63197099222,0.0506545
0.00251616979111,0.0711172623786,0.0709243,17.3906,-14.1662607974,0.176943082774,-0.0521898,4.14532e-05,-59.2616297521,24.7955,0.0342466913481,0.260978502108,0.996085,67,3.40598940209,-48.1357825887,-56.9876125032,0.120338113106,-54.3951132568,-0.0521877561187,-62.1707190994,-56.5494372206,1.80588484362,0.0517664
0.00253869983635,0.0720234215064,0.0718293,17.4959,-15.1307596422,0.169255729248,-0.0536552,4.46374e-05,-59.0510499693,24.919,0.0416461829775,0.250446349077,0.992402,68,4.16243079167,-48.825239684,-55.5885001467,0.0804224331864,-50.9854349695,-0.0536541116184,-65.9694992189,-57.0718842799,3.16326474115,0.0531465
0.00259002867446,0.0728790004036,0.0726726,17.6321,-9.43274582547,0.311789697205,-0.0550074,4.58998e-05,-56.3414355336,25.044,0.0386517937076,0.439512789792,0.997785,69,3.84432879292,-30.6092448404,-44.814644651,0.24195722066,-38.612591233,-0.0550123813706,-50.1415866197,-43.2786886185,6.94148643595,0.0544625
0.00270695793912,0.0736834951267,0.0734358,17.7292,-12.9576914382,0.195278583354,-0.0553607,5.09634e-05,-48.9538081071,25.0256,0.0366330275959,0.267782093324,0.98322,70,3.53703182812,-46.6437104011,-41.9860889584,0.0944903643755,-34.4054447681,-0.0553605356763,-63.5180100923,-53.7849400635,5.27834349926,0.0549469
0.00261347597468,0.0746521981312,0.0744401,17.8566,-14.9189659913,0.175894840356,-0.0562355,4.69439e-05,-60.9288575122,25.1372,0.0398801856265,0.259383505916,0.996253,71,4.00182339514,-48.3774239613,-55.5834204541,0.0911968595787,-44.9613649519,-0.0562340628368,-65.1874662625,-56.6996821138,6.2378767161,0.0557406
0.00274431128351,0.0760866095995,0.0758378,17.9683,-17.0684692698,0.101186743689,-0.0581862,5.47277e-05,-70.1712882694,25.1697,0.0335896462046,0.16107405282,0.995259,72,3.34777306263,-58.024424201,-62.1331745605,-0.0184323838217,-56.6114766944,-0.0581876768229,-75.9669378727,-64.015924804,5.10046145846,0.0573189
0.00268214348392,0.0772184492547,0.0769906,18.0901,-12.423146871,0.215530061876,-0.0593784,4.90784e-05,-61.6664010798,25.3286,0.0460483435057,0.294021202984,0.994019,73,4.7088102139,-44.3581086208,-48.6060243453,0.0969264165928,-36.7939414276,-0.0593819860142,-64.5125689642,-52.5880068052,9.41127446465,0.0587989
0.00267794804963,0.0782831461393,0.0780558,18.2185,-7.71919192535,0.272217947572,-0.0607258,5.29409e-05,-49.2153390254,25.4168,0.0368100052726,0.346080378075,0.957196,74,3.65484656287,-36.9286034019,-46.2197964574,0.156633337519,-42.0388240175,-0.0607222477712,-55.4038965261,-44.1435272876,2.62336969628,0.0599524
0.00280326088574,0.0782584705641,0.0780068,18.3216,-16.3986651964,0.0974935575662,-0.0613462,5.61064e-05,-67.8880899778,25.4436,0.0436585487709,0.19127969371,0.948141,75,4.40417711287,-51.4503424648,-57.9033906964,0.0115068435819,-44.3472328991,-0.0613516528797,-69.4718098154,-60.7714814206,8.80338122481,0.0603216
0.00288350818641,0.0782083368375,0.0779586,18.4894,-14.7663593773,0.170018914294,-0.0621733,5.7016e-05,-67.1140103968,25.5589,0.0294710520196,0.264158351157,0.988837,76,2.94482664631,-47.2942555593,-57.218826448,0.123635256848,-47.9609130999,-0.0621698138786,-61.2917181491,-56.68226227,6.96016644709,0.0606738
0.00256014168896,0.0786004817448,0.0784038,18.6177,-15.3632225928,0.162896126427,-0.0631902,4.39127e-05,-75.9208542683,25.5583,0.0438671514235,0.277917768412,0.991725,77,4.35185493295,-46.247382126,-62.5505642284,0.0643140140586,-52.8127959753,-0.0631939157202,-67.520816587,-57.5992924184,8.93859044421,0.0626366
0.00265429923468,0.0786880338425,0.0784907,18.7555,-15.6531417591,0.157827166543,-0.0642555,4.63289e-05,-67.6508986505,25.5945,0.0455085062545,0.241925678391,0.994966,78,4.53566736319,-49.9041546424,-59.5262618598,0.0669237957033,-49.5212424249,-0.06425052159,-67.4111330584,-58.3383461362,7.54669218903,0.0639214
0.00270814056327,0.0786797952963,0.078475,18.9017,-17.2601344821,0.0994454254417,-0.0656908,4.53704e-05,-69.9937288687,25.5958,0.0428701271396,0.178390732045,0.997279,79,4.2742838025,-56.4596190979,-61.7448721316,-0.00135712620155,-50.4588180743,-0.0656939592875,-74.4186907664,-64.3332315305,7.76990865828,0.0651492
0.0027586554443,0.0788271578508,0.0786503,19.0848,-17.9179250931,0.091956821693,-0.0668625,4.58566e-05,-69.9752927822,25.6373,0.0399159221563,0.169448843845,0.999869,80,3.9924348804,-57.5357645914,-67.5302921839,0.0181426613298,-65.0416054756,-0.0668620976346,-72.6779614067,-65.2678662389,1.98059777982,0.0663243
0.00279391072001,0.0787443449012,0.0785516,19.1956,-9.22418598063,0.315718567691,-0.0674394,5.01035e-05,-70.1518965154,25.7065,0.0361618785634,0.404115734609,0.991331,81,3.64634850319,-33.2716859103,-60.3150910684,0.247476977018,-40.527666085,-0.0674350354501,-49.6635195044,-42.3355040605,11.8113883836,0.0668405
0.00282481816464,0.0788603387533,0.0786733,19.3154,-11.6922846849,0.216462059492,-0.0682459,4.87379e-05,-47.4162795745,25.752,0.0464878894483,0.32949710299,0.992329,82,4.63293853762,-40.8990791346,-44.9157424575,0.109135619162,-41.6859624143,-0.0682518367545,-62.994038321,-52.279052674,2.53716565926,0.0675937
0.00277552782304,0.07939726022,0.0792314,19.455,-11.1229491589,0.227918740369,-0.0695339,4.47835e-05,-63.0091636026,25.9891,0.0351255726822,0.320487690831,0.975616,83,3.42070750513,-40.7501548565,-56.6266710071,0.140454502269,-47.817580408,-0.0695363080698,-58.0515230486,-49.6612776124,5.52585541671,0.068559
0.00270719520188,0.0791586173645,0.0790168,19.6011,-7.77626744894,0.281776724716,-0.0701177,4.25756e-05,-62.5832171896,26.0632,0.0488675553956,0.374955158119,0.985306,84,4.70697616565,-35.5965530495,-56.1192030732,0.143802243715,-49.928471097,-0.070115635736,-58.8082535327,-44.8848430135,4.54453765455,0.0698668
0.00277331172107,0.079494874404,0.0793425,19.7218,-8.70627614148,0.262634741844,-0.071128,4.51808e-05,-66.5206782961,26.1985,0.0425897184829,0.393522052013,0.967115,85,4.14563067678,-32.7056443713,-61.1390078064,0.181836486311,-56.830738723,-0.0711244874128,-53.4028026232,-45.3121696147,3.91045782294,0.0701016
0.00275631016554,0.079504060096,0.0793725,19.841,-7.20340494488,0.288362409015,-0.0717639,4.10559e-05,-56.6120600967,26.2534,0.0399257473737,0.369040195085,0.961551,86,3.91235807746,-34.5100604124,-45.6027834521,0.208929071106,-38.743632844,-0.0717668692605,-49.7893356871,-42.2467269747,6.65392956921,0.0709769
0.0028680650576,0.0798970776861,0.0797458,19.9529,-13.8596422206,0.185270093765,-0.0726558,4.56842e-05,-65.4300495246,26.3217,0.0425533380792,0.279568524142,0.988172,87,4.34875434056,-45.5501080649,-54.6855334507,0.100038838783,-40.7440021193,-0.0726627874648,-63.81583697,-55.1655954608,8.87307068017,0.0721716
0.00269023473254,0.0808995676724,0.0807765,20.0606,-9.99580273699,0.246355363583,-0.0739461,3.97884e-05,-63.1403713958,26.4068,0.0419433361986,0.332813672764,0.988004,88,4.25519247913,-40.3217286752,-58.5791113157,0.162634777243,-50.5974452025,-0.0739462691668,-57.4863738313,-49.0511689998,4.96481590921,0.0736261
0.00276705509849,0.0816956991128,0.0815738,20.1555,-8.91666887306,0.281073532285,-0.0753735,4.40258e-05,-59.3940962194,26.4616,0.0355177500686,0.356003253054,0.993827,89,3.57055993866,-38.3138568277,-53.4163797549,0.210431968629,-47.4154160272,-0.0753755830999,-53.1044820441,-46.0177591014,5.73522481866,0.0751154
0.00273568539687,0.0822910838232,0.0821794,20.3129,-8.77504725207,0.278579483774,-0.0761864,4.01644e-05,-45.6695909085,26.5236,0.0578921749735,0.391909097724,0.994957,90,5.75368752594,-35.0925898339,-42.3055171929,0.177359852681,-39.0796551468,-0.0761898531787,-56.3979889272,-46.3207496416,2.33332256852,0.0758253
0.00286538881178,0.0837324850413,0.0836211,20.4128,-17.4486552721,0.094566562249,-0.0780934,4.52831e-05,-66.904694264,26.5662,0.0349931183288,0.179878736751,0.997839,91,3.49490485243,-56.3446552639,-60.1256256217,0.0429957600084,-44.7071208764,-0.0780917435391,-70.0166535002,-64.8439166742,9.08937231993,0.0798629
0.00277714439598,0.0874255583199,0.0873298,20.5771,-17.5953651955,0.0944942087318,-0.0822147,4.32431e-05,-64.9533606751,26.5771,0.0382237159593,0.165831485691,0.998295,92,3.84227477518,-57.6394636018,-62.9704526701,0.00282206756181,-60.563250553,-0.0822139895492,-74.0684717255,-64.8497035285,1.64153566074,0.0836883
0.00271858357035,0.0889785079747,0.0889035,20.6489,-8.69287648747,0.279510933323,-0.0838884,4.07802e-05,-61.7378477696,26.6817,0.0378724394276,0.36549767791,0.992762,93,3.78114521006,-37.278993563,-53.5696492524,0.186675620565,-45.999599251,-0.0838818063795,-55.1279151764,-45.9913029259,6.94480151467,0.0832732
0.00271474465643,0.0887423971003,0.0886525,20.7636,-8.1234436506,0.287727178196,-0.0837603,4.15381e-05,-59.387764133,26.8285,0.0435087680095,0.374353150628,0.995457,94,4.37073841114,-36.6997043006,-47.1884501552,0.224896229444,-38.7431606612,-0.0837647222637,-51.7418774788,-45.4065162832,8.83078398077,0.0830096
0.00282760635795,0.0894861844992,0.0894051,20.8504,-8.69906563672,0.281227207675,-0.0844171,4.37111e-05,-55.1902146937,26.8799,0.0504242070877,0.430992504562,0.994479,95,5.07337170085,-30.9402496022,-47.2869638077,0.191168555253,-37.4600691236,-0.0844209729208,-55.1424918478,-46.0278078648,6.80837420416,0.0838151
0.00281598367123,0.0900813507894,0.0899946,20.9121,-9.35614457752,0.275208202108,-0.0852042,4.56166e-05,-49.5695108771,26.9058,0.0401277026835,0.35729343367,0.996343,96,4.02109554007,-38.5069317033,-47.2658894638,0.208204632482,-44.2632425678,-0.0852049463478,-53.4843717518,-46.7685717964,2.12488365442,0.0847614
0.00278591127703,0.0902416526343,0.0901632,21.0164,-13.3399854581,0.230248468074,-0.0854168,4.23783e-05,-68.1711842257,26.8721,0.0509548551037,0.36587056499,0.995905,97,5.09430051104,-37.5967410712,-54.2753617682,0.144619989244,-43.9381698318,-0.0854125565808,-59.6391989708,-51.1495172427,8.83573909348,0.0852903
0.00292922472323,0.0915960188251,0.0915062,21.0967,-17.5193134414,0.0970116749552,-0.0870793,4.76096e-05,-70.7086881409,26.9151,0.0470195421057,0.203064078875,0.999487,98,4.71004514449,-54.0218912139,-61.6495600369,0.00521016112069,-53.0748150171,-0.0870805084158,-74.0133560542,-64.7909698323,6.57216330371,0.0881689
0.00293251976323,0.0943774494122,0.0943037,21.1826,-17.0564729483,0.101834275569,-0.0901449,4.70568e-05,-72.1658962895,26.9377,0.0400994330916,0.189404719063,0.996918,99,4.01957477467,-55.3511815929,-67.6352262282,0.0244213078787,-61.7493914533,-0.0901463751344,-71.7574830314,-64.1124149957,3.82143381614,0.0910183
0.0030448361807,0.0963261839545,0.0962412,21.2727,-9.01750658453,0.283188585714,-0.0920073,5.25439e-05,-63.9141533201,27.0993,0.0427757919121,0.389322750174,0.988414,100,4.26286948687,-34.790196098,-44.940831461,0.16539784879,-33.9102791219,-0.0920062804231,-56.8374998385,-45.2553392212,11.9338439219,0.0916463
0.00285567664203,0.0959445414589,0.0958529,21.3565,-8.68945847022,0.285790996844,-0.0918175,4.69892e-05,-49.9326257716,27.1678,0.0450861906337,0.395079863912,0.994942,101,4.49268262369,-34.6797261877,-45.7833263477,0.179204085902,-43.486069305,-0.0918186296446,-56.1820714441,-45.4984690562,2.49680359056,0.0912582
0.00298980933632,0.0968649010518,0.0967573,21.3944,-9.19914883893,0.279807297163,-0.092615,5.1245e-05,-55.1464900816,27.2492,0.0493048471154,0.351271299355,0.997213,102,4.92961488531,-39.0888474197,-47.3074155209,0.164965952128,-41.4358029641,-0.0926109300124,-57.8457753082,-46.3749188039,5.27300468729,0.091876
0.00305597242379,0.0967372411882,0.0966324,21.4251,-9.58402084402,0.275870234734,-0.0922865,5.60548e-05,-47.4017704802,27.2957,0.0449857950901,0.374121743229,0.997173,103,4.47149457774,-36.983791893,-46.0642593214,0.0984256753281,-44.8589792529,-0.0922841006004,-64.4045371136,-46.7630999475,1.17362398687,0.0913107
0.00296358252954,0.0967769393969,0.0966705,21.4881,-8.71038935811,0.283809019528,-0.0922595,5.24653e-05,-54.0637377798,27.3706,0.0524403554752,0.405930999931,0.996308,104,5.25954671607,-33.7061262262,-46.4936109199,0.183345496132,-42.4246191705,-0.0922660842827,-55.9568783995,-45.909366912,4.5200571817,0.091711
0.00302018441441,0.0970116719822,0.0969065,21.5389,-8.21120922551,0.291157297651,-0.0923543,5.25637e-05,-52.8076892371,27.4036,0.0371169258728,0.392839502775,0.99626,105,3.71177957069,-35.0244787563,-45.5021849714,0.196251978894,-36.1603831818,-0.0923471125521,-54.6578510081,-45.1625659637,6.11372730166,0.0916723
0.00308129188577,0.0982165840344,0.0980831,21.5684,-8.47392324329,0.287381935542,-0.093333,5.63108e-05,-46.4666158468,27.4478,0.0419873950736,0.399033659844,0.995906,106,4.20764968105,-34.2631354931,-44.5257181158,0.209503765872,-41.7017466396,-0.0933363544158,-53.3885109142,-45.5199549558,1.74154790822,0.0925418
0.00302814481914,0.098532277098,0.0984085,21.6585,-9.32462744129,0.277835035156,-0.0932872,5.46137e-05,-47.1128189456,27.4385,0.0529853299097,0.397252689359,0.994833,107,5.31579505489,-34.4962223185,-43.6223874635,0.15551950902,-41.2616733496,-0.0932877189723,-58.6486596373,-46.3804691396,2.47405849695,0.0926229
0.00324008678804,0.0994310842655,0.0992896,21.7408,-9.11240028243,0.276223899854,-0.0937261,6.1161e-05,-56.7255674705,27.4735,0.0522491963227,0.381759368311,0.99348,108,5.20756630282,-35.8187436806,-47.9059937401,0.171410458613,-40.5600862776,-0.0937258235884,-56.9209639264,-46.4379464752,5.99295427946,0.0932909
0.00309496849889,0.100459429467,0.100298,21.8066,-9.22653369731,0.273282742358,-0.0943647,5.75579e-05,-51.1551905768,27.4788,0.0552129482143,0.366723305364,0.990732,109,5.42350391431,-36.5251441512,-47.4843406039,0.154219332221,-44.332476969,-0.0943711732201,-57.5759459627,-46.5358484726,2.42690411274,0.0939354
0.00313896147897,0.101310187017,0.101153,21.8779,-9.47641731382,0.276210214868,-0.0949369,5.97943e-05,-50.7218762518,27.5153,0.0445609035313,0.352488422604,0.994449,110,4.46679065707,-38.8736562759,-46.3756133458,0.131362354869,-41.0248545236,-0.0949441973608,-60.9896365154,-46.5173327069,3.47051095956,0.0944146
0.0030660934561,0.101799407633,0.10164,21.9375,-8.22514204313,0.291672840075,-0.0949454,5.94564e-05,-47.1476878093,27.5562,0.0338360439208,0.35754918853,0.994357,111,3.36501491374,-38.4753456833,-43.8920228153,0.220847110905,-40.5182097817,-0.0949416613724,-51.9601059365,-44.9750268834,2.97222388022,0.0942242
0.00309290172878,0.102461409319,0.102322,22.0581,-7.31636821176,0.304997021858,-0.094907,5.62816e-05,-43.0868690755,27.5515,0.0416282357326,0.395625075572,0.994924,112,4.14893943192,-34.5620940322,-42.291961483,0.224546998205,-41.7742061713,-0.094906842511,-51.6401838758,-43.6840021687,0.486956008222,0.0940179
0.0031554355941,0.103384505159,0.103229,22.137,-8.34870598375,0.28974728176,-0.0955962,5.98172e-05,-56.2947214062,27.6228,0.0363174924661,0.365363647063,0.993523,113,3.56628374574,-37.5316915595,-44.3789690172,0.203832991465,-35.2869926982,-0.0955980690536,-53.2992887239,-45.0452548459,7.6010066342,0.0944856
0.00326445989969,0.103882170235,0.103735,22.1742,-8.16675070865,0.295532454576,-0.0960484,6.98687e-05,-54.737843791,27.6482,0.0483312743511,0.368253668122,0.996342,114,4.80830623422,-37.4972277761,-44.6506269253,0.164519196358,-35.2395609685,-0.096046327781,-57.6703408595,-44.7362453257,8.10649565752,0.0952163
0.00321765032583,0.104382580615,0.104237,22.2502,-13.6748310916,0.234055920712,-0.0959248,6.3983e-05,-73.6986401681,27.6849,0.0365147197841,0.305523065876,0.996025,115,3.65075974486,-43.7056295979,-56.6074399235,0.154238204158,-49.8081747265,-0.0959230344226,-58.8305209583,-50.8457372817,9.94489410477,0.0951389
0.00313679939123,0.105222144043,0.10507,22.2977,-11.7404932356,0.254509784524,-0.0966458,6.52177e-05,-52.8826048467,27.716,0.0427734066248,0.339338321128,0.994153,116,4.22750441561,-40.2045011121,-49.0801919747,0.140356019826,-42.7633919652,-0.0966543757177,-59.7582531959,-48.6022925801,4.11443494832,0.0961771
0.00317822469709,0.105601938197,0.105452,22.3301,-12.6464218017,0.244046618368,-0.096665,6.46513e-05,-53.8672751431,27.7243,0.033870985801,0.329922195034,0.99284,117,3.36032929665,-41.039864766,-48.4427421503,0.166504080711,-42.346104463,-0.0966655561353,-57.2282068047,-49.5496163696,4.09346297541,0.0958339
0.00336616250929,0.107032552459,0.106871,22.402,-12.9326713973,0.229846461529,-0.0973241,6.95287e-05,-57.580139947,27.7884,0.0484646633238,0.351631290732,0.98392,118,4.78776302407,-38.3942782154,-48.3759354273,0.134909510775,-42.203726156,-0.0973215614468,-59.6029928758,-50.3127496939,5.71940690742,0.0970972
0.00327030749128,0.108009776476,0.107859,22.4127,-13.9947955174,0.224041274791,-0.0981706,6.47213e-05,-52.9728744664,27.8194,0.0293885101014,0.285730283342,0.992948,119,2.94972879491,-45.4392959278,-50.4104802841,0.153084326349,-48.0679010678,-0.0981670735031,-58.6998923025,-51.5943746192,2.34504508341,0.0977651
0.00332635047379,0.108932866934,0.108753,22.4302,-12.4595540105,0.23914937914,-0.0984015,7.11704e-05,-56.1292740104,27.8223,0.0471183174515,0.356983156062,0.991206,120,4.71655105921,-38.0398112123,-48.7811318263,0.148943749007,-41.9268690308,-0.0984070005183,-58.9272163576,-49.9197676856,5.05658618722,0.0976203
0.00360524349354,0.10951695655,0.10931,22.4723,-9.341404331,0.276297876624,-0.0983166,8.76058e-05,-60.729792842,27.8981,0.0448162288706,0.368252990551,0.996471,121,4.48417873084,-37.4861154353,-50.8941961945,0.170080062869,-41.8416387144,-0.0983199323828,-57.3700988405,-46.684335664,6.98560844514,0.0972727
0.00361105728797,0.110602473909,0.110361,22.5262,-8.46172892485,0.284680225151,-0.0987169,8.69705e-05,-52.9345923246,27.9356,0.0466618342852,0.367464157897,0.98628,122,4.62490483009,-36.8976677362,-44.3997414621,0.193444447866,-36.8430417143,-0.0987261582223,-54.0801695765,-45.0734741549,5.81463808946,0.0978234
0.00350824864767,0.110726022137,0.110485,22.6348,-9.06623278768,0.276241548343,-0.0990019,9.10995e-05,-49.7753195406,28.009,0.0483859990909,0.388826182134,0.986866,123,4.79358705709,-34.7270584489,-45.9022673003,0.1927090102,-43.3179147414,-0.0990013674833,-54.2080822283,-45.9053692537,2.37230842892,0.0980626
0.00365047563404,0.11142792722,0.111167,22.7166,-9.06769686018,0.281747686557,-0.0993966,9.51484e-05,-47.6375508665,28.0542,0.0517107864108,0.399298782133,0.998184,124,5.16144567113,-34.5191361686,-42.8697045433,0.142366131741,-35.4409819233,-0.0994044815465,-60.1793332173,-46.23866214,4.86596747856,0.0987044
0.00365359475955,0.111764050209,0.111493,22.7895,-7.56829682441,0.297158488936,-0.0993271,9.8605e-05,-45.650224497,28.0779,0.0498824608979,0.419137409735,0.998527,125,4.9908017956,-32.4958926581,-44.1166630605,0.193425109075,-39.9617898304,-0.0993266228512,-55.0242673365,-44.6991450167,2.40544631464,0.0986959
0.00374166334337,0.112757063041,0.11247,22.8735,-9.55809209925,0.269172737439,-0.100199,9.74025e-05,-56.4235406371,28.1365,0.0394555932669,0.361390775935,0.993301,126,3.95853714332,-37.8815504743,-53.2212625105,0.178453545635,-46.1079062457,-0.100191251231,-56.1492484256,-47.0074314152,4.14013528275,0.0987742
0.00364473825429,0.112735676475,0.112442,23.0093,-9.72366114422,0.242744431043,-0.100347,9.40716e-05,-64.0989700302,28.1375,0.0393327624241,0.336217017992,0.991598,127,3.99563163035,-39.8736484294,-49.5775409589,0.130509252174,-39.2481008079,-0.100351373721,-60.7877498342,-49.443345147,9.55313571495,0.0992093
0.00366020256987,0.112378616647,0.112087,23.0784,-7.87377724968,0.306542870181,-0.10006,9.62115e-05,-44.2142832776,28.1336,0.053016141907,0.422259398106,0.984425,128,5.26401317617,-30.8486670767,-41.1579503289,0.171969365951,-33.2644000742,-0.10006413849,-56.2470638778,-42.4643438996,4.5768888882,0.0988401
0.00368114228971,0.112411689973,0.112124,23.1853,-10.5625938104,0.288341759397,-0.10043,9.91695e-05,-46.7811095965,28.1337,0.12021175059,0.407732256901,0.978854,129,12.1969494668,-32.047066283,-39.8479855154,0.00223603365817,-36.3796430784,-0.100434390337,-74.2199178591,-43.8802154923,4.24388917298,0.0994947
0.00371244502249,0.112138393299,0.111842,23.2339,-14.2815357837,0.2033037576,-0.0996104,9.81134e-05,-75.2579303871,28.1115,0.140540827912,0.407010788658,0.999529,130,14.0765287873,-33.8302985699,-61.3818070029,0.00682768955298,-33.9072500839,-0.0996119105461,-73.8714786339,-54.2451566667,16.2104106865,0.0985375
0.00367518502092,0.112765023853,0.112423,23.2885,-17.9876794999,0.103887694462,-0.0996529,0.000103251,-63.9653057215,28.0822,0.105842499117,0.417305896234,0.971449,131,10.3623349499,-31.5770324049,-45.4422706005,-0.0199553261342,-36.6720100569,-0.0996664214909,-74.7494991626,-62.0446427942,10.8730691823,0.0990487
0.00350066505086,0.112340425919,0.112005,23.3253,-20.6012283072,0.0653075521176,-0.0986877,9.79942e-05,-71.9388236056,28.0513,0.0678636040958,0.349936171091,0.979187,132,6.493908004,-39.346006922,-68.933820272,-0.0077267464095,-65.3596316965,-0.0986898793893,-73.4569070253,-66.4362817207,2.36181133926,0.0972826
0.00384511096804,0.112590807156,0.112227,23.4197,-18.1249971673,0.096327291198,-0.0990223,0.000112309,-72.4200856598,28.0611,0.109809905895,0.399577385375,0.98597,133,10.6541823197,-34.3849140718,-68.335487245,-0.0217489848615,-64.5739671763,-0.0990217209873,-75.4695577611,-63.8522078045,2.78664153319,0.0983917
0.00361990299434,0.112908326606,0.112553,23.4562,-18.533061068,0.0863407194829,-0.0995207,0.000102884,-70.7252952804,28.0023,0.068508027086,0.336582546419,0.969324,134,6.73949961799,-40.7156193285,-67.1610826758,-0.037210836627,-63.0480912797,-0.0995252849324,-75.6874650369,-63.5758669373,2.80325188805,0.0984983
0.00373860814101,0.112270192273,0.111886,23.5394,-14.0203438881,0.278786756011,-0.0990588,0.000115462,-67.0302017831,27.9657,0.103201982918,0.392726178548,0.972398,135,10.1489993378,-33.6461394836,-54.6230626772,-0.0544164192943,-42.0672562753,-0.0990579638475,-77.9375837264,-44.585658519,11.1900077411,0.0986022
0.00367581818116,0.111833423096,0.11144,23.6426,-15.3729103326,0.229454294811,-0.099659,0.000110731,-68.6867583279,27.9748,0.0998964284222,0.415263879807,0.971409,136,10.5377336489,-30.5779458421,-60.1603984906,0.0154585772417,-41.7840530691,-0.0996637926696,-72.9354945273,-49.4756424275,10.7475595758,0.0994886
0.00345991628306,0.111174430938,0.110864,23.7862,-21.7145709135,0.0599006301842,-0.100172,9.41289e-05,-70.0156184347,27.9377,0.0849291779089,0.253327138852,0.964958,137,8.49992490061,-47.3356203648,-64.6918624358,-0.0474507447086,-55.949538753,-0.100170532332,-76.635352968,-65.957374354,5.66215214502,0.100642
0.00350829285505,0.110782307178,0.110514,23.867,-22.520618655,0.0213421024355,-0.100723,9.33432e-05,-78.2903336162,27.9339,0.0515904865973,0.303705389096,0.962057,138,4.71670969965,-43.9749269108,-73.8603814672,-0.0276645584898,-69.9829628469,-0.100721167908,-74.1715362138,-69.6300212903,3.03736907696,0.100621
0.00340675131472,0.110242085837,0.110018,23.8912,-18.004364735,0.085847741454,-0.101398,8.42287e-05,-75.3742166206,27.9703,0.0880735694088,0.367641002949,0.970223,139,8.26999748234,-37.2020565892,-70.7400225801,0.00907432468261,-64.8226811049,-0.10139127198,-71.7820421084,-63.768568537,3.79612640371,0.100818
0.00332033473338,0.109146099927,0.108966,24.0008,-18.139464939,0.0973041197947,-0.101218,7.45738e-05,-75.5834458993,28.0449,0.110271261455,0.386013783548,0.988137,140,10.7930081176,-35.6878128913,-71.0852618811,-0.0220353518597,-67.7048785177,-0.10120572927,-76.7318651188,-63.9431580817,2.98121559858,0.100762
0.00343586359604,0.107897736554,0.107738,24.0554,-17.4619174804,0.112063638161,-0.100983,8.23462e-05,-74.969298662,28.1046,0.0937038152164,0.365033986855,0.992273,141,9.22484795392,-37.8368809297,-72.6598280685,0.0102758801467,-68.2811819559,-0.100976775763,-72.3673921616,-62.8192448316,2.69917895582,0.100441
0.00335001180323,0.107092901632,0.106961,24.1463,-16.7129928015,0.140533528444,-0.101155,7.25169e-05,-75.0486793169,28.1267,0.103583722331,0.392514242209,0.999969,142,10.37176365,-35.3649978065,-59.1503161049,0.0249879162297,-36.1483461648,-0.101143744332,-72.1149697471,-60.5583100178,14.209675161,0.100286
0.00328399812062,0.107035564747,0.106904,24.2374,-16.1968795611,0.157567399986,-0.101915,6.87158e-05,-71.1509007783,28.1576,0.12185082996,0.470057789986,0.999915,143,12.1871615473,-27.6133913276,-66.0430022467,0.0342745321571,-62.4859244163,-0.1019125784,-71.2166986019,-58.8756314367,3.20384306064,0.101512
0.00316078178906,0.106778446858,0.106662,24.2792,-13.0330568162,0.246823234004,-0.10267,6.15415e-05,-67.6662183491,28.3035,0.126287398871,0.397984506966,1.0,144,12.63678814,-34.8651717259,-45.8507890979,0.0173844607127,-35.843546927,-0.102667776882,-72.8809116534,-49.9404969635,12.7226983011,0.102651
0.00323507735505,0.10752039065,0.107405,24.3146,-13.9971533266,0.227991891156,-0.10416,6.1387e-05,-68.9098926645,28.2933,0.121808807648,0.397246876057,1.0,145,12.2005967012,-34.8865411607,-54.2583150762,0.00280148415716,-40.239719573,-0.10415663151,-74.3815826561,-51.8250087118,11.0997930839,0.103943
0.0030836766964,0.108093257584,0.107968,24.3929,-14.5452295358,0.223040885946,-0.104955,5.65003e-05,-72.213895865,28.3539,0.124749841752,0.379967544255,1.0,146,12.4863121944,-36.5859648777,-69.0224921992,0.0137999951623,-65.2759010745,-0.104956657244,-73.2957496566,-52.3305716472,2.64955919678,0.105083
0.00327780009437,0.108624620464,0.108504,24.4615,-15.9317993321,0.153726748561,-0.105556,6.3735e-05,-77.8020140672,28.3133,0.145889093016,0.39906495668,0.981036,147,14.3070653031,-33.2576481435,-65.5640708758,0.00241376622379,-38.5252099308,-0.10555661835,-72.6354395932,-57.5500203247,15.763402895,0.105342
0.00322395116003,0.109191007637,0.109089,24.4687,-16.3228224426,0.170398269268,-0.106246,6.28921e-05,-74.4777969334,28.3773,0.128332903142,0.367336019516,0.999799,148,12.8544247373,-37.8631918067,-63.2346078601,-0.000438864240357,-43.6141098308,-0.106240957236,-74.6742122944,-57.5719526723,11.771491846,0.105926
0.0033862253366,0.110243463946,0.110132,24.5222,-25.4339355134,0.00401986185781,-0.107439,6.41784e-05,-78.766711436,28.3617,0.02850108133,0.0681222026004,0.998867,149,2.85386567955,-67.6832018399,-73.4838112087,-0.0495479338774,-66.1744524985,-0.107437217619,-79.4368186355,-74.1180677372,4.56689183693,0.107279
0.00335587767494,0.11032232131,0.110215,24.5927,-25.5106428116,0.0061932619613,-0.107643,6.51395e-05,-79.6089807025,28.4485,0.0335418597917,0.0815712899356,0.999776,150,3.34831113068,-66.4276796312,-74.212137513,-0.0664203720589,-70.7260122348,-0.107635671319,-81.2353160081,-73.9777855298,3.37273881799,0.107441
0.00344364977906,0.110637795807,0.1105,24.6695,-25.755326283,0.00352424822233,-0.107948,6.96133e-05,-80.2110950054,28.4202,0.0312535244151,0.0812680018455,0.999996,151,3.12329326079,-66.5023231271,-75.5862733278,-0.0471663714809,-72.9134637365,-0.10794438477,-79.3478302501,-74.2663374873,2.82160766564,0.10779
0.00336089045968,0.110760212572,0.110625,24.7843,-16.001772829,0.168449173653,-0.10834,6.36767e-05,-77.4785921328,28.4884,0.136730222055,0.393510380497,0.99998,152,13.687583358,-35.2335201082,-66.0545759868,0.0170460967309,-45.9928242748,-0.108336514306,-72.958600635,-57.7836629522,12.0455057043,0.10811
0.00326431118489,0.111587407061,0.111478,24.8721,-12.2998737243,0.261874548493,-0.109349,6.57899e-05,-69.0869909299,28.4724,0.131889491382,0.4262942511,0.999701,153,13.200051673,-32.015273819,-49.6369261718,-0.0160699644713,-39.1870880924,-0.109349294044,-76.2129603722,-48.4156985175,11.641887792,0.109259
0.0032478926984,0.112239832881,0.112128,24.9719,-10.3748458516,0.247817711963,-0.110254,6.23764e-05,-55.7810694469,28.5634,0.0418320293387,0.319526590325,0.998067,154,4.17833422353,-42.3651131879,-50.0888840355,0.167881315592,-35.6307873302,-0.110251330935,-57.5972326107,-49.6356245733,8.40075082774,0.110192
0.00340886708395,0.11278036839,0.112646,25.1332,-8.37948009943,0.289227417496,-0.110879,6.8869e-05,-52.7127805369,28.6009,0.0478125540133,0.369556964207,0.997843,155,4.77978329306,-37.559796536,-48.712210506,0.198002986214,-39.6286521649,-0.110885425892,-54.627097387,-45.4806901858,5.35804257286,0.110532
0.0036030931622,0.112972802651,0.11284,25.2013,-12.093905114,0.273991642285,-0.111209,7.60201e-05,-50.8781007932,28.6278,0.0839011001754,0.372246560122,0.997131,156,8.29699053028,-37.4067835496,-45.6246809032,0.0195457651945,-37.211077058,-0.111205633783,-72.4978324719,-47.0080619251,5.16940783868,0.110789
0.00325755198283,0.113343522571,0.113227,25.2546,-13.817005455,0.227364493058,-0.111699,6.66494e-05,-47.743052694,28.6863,0.129194749468,0.40720452093,0.999023,157,12.8775084863,-33.8435020767,-43.7533853846,0.0342505924352,-39.7625074222,-0.11170370962,-71.0075275623,-51.8186219285,2.99238694991,0.111221
0.003267462661,0.11398313751,0.113875,25.3297,-17.6091408236,0.140505030542,-0.112565,6.60094e-05,-73.7890111276,28.756,0.119735823352,0.364439805346,0.996926,158,11.8854568575,-38.2359734197,-66.83931198,0.00614222450145,-62.1706203776,-0.112564688324,-74.0223511716,-60.3651134215,4.73438887903,0.112633
0.00329315154877,0.115319529197,0.115216,25.4101,-16.3601972865,0.172184752149,-0.113992,6.62564e-05,-57.9522033186,28.8116,0.133816592018,0.42735243618,0.999145,159,13.357587431,-31.8636913856,-46.4253836868,0.015263002099,-34.8518250975,-0.113996460655,-72.9874104999,-57.3605066255,8.90728829074,0.114434
0.00327084969391,0.116989561151,0.116906,25.4848,-14.4461191611,0.140486319416,-0.115836,6.91167e-05,-67.0385814464,28.882,0.0443685184084,0.238785461222,0.99911,160,4.43923977055,-50.5714144989,-65.0292570628,0.0572824143722,-60.1512537907,-0.115836105827,-68.7750320407,-60.4107941519,2.8261346462,0.116773
0.00332949633873,0.11865406075,0.118568,25.5635,-15.7217769525,0.186864703018,-0.117662,6.9076e-05,-62.444560846,28.8364,0.130343261813,0.371917724776,1.0,161,13.0445798979,-37.4147646961,-56.0772182723,0.0123276731253,-46.6396538733,-0.117659714072,-73.4112606791,-55.9588769192,6.65703418299,0.11753
0.00335204603364,0.118184467391,0.118097,25.5967,-11.6632372854,0.241536236322,-0.117269,6.98488e-05,-71.8548856508,28.9089,0.0400898409897,0.33181952724,0.978369,162,4.06383222527,-39.0267934134,-50.3528138385,0.181182182862,-39.6012336401,-0.117276232397,-54.9746372414,-48.8410191123,13.0587322312,0.116582
0.00327843912389,0.119595166947,0.119514,25.6319,-9.82900759762,0.236443110796,-0.118838,6.76776e-05,-64.5861044178,28.9987,0.0327456562351,0.31003572806,0.99412,163,3.26355961222,-43.1603366964,-59.6547260749,0.174091307657,-54.065599588,-0.118839126002,-56.7608040756,-50.5069126057,4.36730950501,0.118213
0.00340032694976,0.119830608081,0.119736,25.722,-9.65301639446,0.270570819541,-0.11915,7.35258e-05,-50.6416758459,29.0581,0.0534772921648,0.377260919555,0.978979,164,5.17531950979,-35.8514963583,-48.0602919065,0.156994789474,-43.0900056989,-0.119152323505,-57.4445207564,-45.9505884426,2.95333773633,0.118657
0.00345352630208,0.120071201832,0.119975,25.7797,-10.0882973254,0.244397871765,-0.119403,8.4678e-05,-50.5559019626,29.1285,0.0541835857446,0.342851663115,0.976511,165,5.27537518046,-38.6353178009,-45.813991978,0.131921297224,-38.9787194799,-0.119408814385,-59.1797986982,-48.3775101857,4.4739344779,0.118837
0.00325999987698,0.120268836865,0.12018,25.8598,-12.8248606914,0.183381083258,-0.119681,6.97512e-05,-55.6746248756,29.2188,0.0476256598942,0.382816753774,0.990269,166,4.72870010168,-35.5999171522,-51.0915360265,0.104674271258,-48.2020712342,-0.119686986616,-63.2279826778,-55.5037478441,2.88873125272,0.118755
0.00325922268788,0.119859432096,0.119788,25.9035,-12.0754941804,0.19022933471,-0.119316,7.41765e-05,-59.7643467283,29.2958,0.035429110128,0.250187466081,0.988855,167,3.5126688759,-48.8130344316,-53.4006129046,0.112773138252,-49.4834676034,-0.119320177833,-62.6155958478,-54.7189797746,3.89477304787,0.118428
0.00317125055039,0.120258702999,0.120193,26.0057,-10.5272566102,0.264183984556,-0.119798,6.90787e-05,-61.1161844297,29.313,0.02931056751,0.344648149195,0.991372,168,2.88496138512,-39.5762503857,-49.0447989078,0.211915069393,-41.6359766651,-0.119794994736,-52.9414009934,-47.4991864685,7.2742278408,0.119198
0.00322250441791,0.12025602461,0.120202,26.0744,-11.0428684883,0.214852982223,-0.11984,6.60483e-05,-54.8182314256,29.3448,0.0310786630412,0.277972812078,0.993854,169,3.09942808865,-46.3933465277,-52.2133878226,0.138164230773,-50.9896337764,-0.119838727457,-60.2926178849,-52.6386532061,1.53078461088,0.119145
0.00318547141382,0.120660427888,0.120617,26.1643,-11.4470422146,0.244515332226,-0.120327,6.16593e-05,-72.3670833471,29.359,0.0484134201819,0.366170021044,0.99507,170,4.81172157162,-37.5472919692,-58.0772578325,0.150769578468,-43.3405730622,-0.120330349451,-58.8491735315,-49.7138950031,11.254106348,0.119935
0.00311983665708,0.121263236876,0.121239,26.2567,-12.2777240612,0.235476066812,-0.121011,6.34631e-05,-69.053481806,29.381,0.0802894485395,0.35686252136,0.998133,171,8.11005789892,-38.8099222283,-59.6131519063,-0.000383162278424,-50.7972409377,-0.121003034487,-74.6853763086,-50.8630131971,6.48718197808,0.121118
0.00308063928646,0.12205135472,0.122023,26.3636,-11.0661852288,0.245725076917,-0.121821,6.00409e-05,-63.2692056301,29.4271,0.0364265855064,0.322086216839,0.995295,172,3.61730163153,-42.0923271737,-51.7359844465,0.145722132572,-45.7522343663,-0.121824309472,-59.6055964003,-49.6107714846,6.81596187724,0.121756
0.00311172464035,0.122758026244,0.122728,26.447,-9.67397231882,0.28378483468,-0.122541,5.58888e-05,-51.9237501126,29.4531,0.0251922918187,0.334675168556,0.989527,173,2.41626914723,-40.5992344237,-49.2061316762,0.215701239092,-44.3551798891,-0.122544123631,-52.0667248405,-45.4210726883,2.88610840241,0.122095
0.00301741517428,0.123130433619,0.123098,26.5662,-10.3453187595,0.267957795716,-0.122935,5.33421e-05,-51.7169774026,29.4872,0.0696573941996,0.339706831321,0.989798,174,7.13592395839,-39.5788036683,-45.0579067096,-0.00363774797602,-40.6888333026,-0.122936072146,-75.0183341455,-47.0295367244,4.24876970083,0.122384
0.00302864372385,0.123450512001,0.123422,26.6273,-11.3343565773,0.2414584135,-0.123269,5.35625e-05,-67.6142232199,29.4977,0.0943671956848,0.368652559547,0.995563,175,9.59147853368,-37.4550173862,-58.0032498537,0.00691379232878,-36.2608197749,-0.123271617203,-73.8814582754,-50.1146696093,12.7469574506,0.122978
0.00301859609123,0.124041448414,0.124013,26.7116,-10.5112085265,0.261164871661,-0.123856,5.59925e-05,-69.5247161208,29.5202,0.0336915204865,0.354762038099,0.997976,176,3.37165320808,-38.6634799491,-49.2589637458,0.191674175951,-35.2189999391,-0.123858148047,-55.2543572441,-48.1223532576,12.5322064614,0.123476
0.00310101262508,0.124244540866,0.124218,26.7719,-14.6317077683,0.206909683128,-0.124064,5.74975e-05,-69.5370007672,29.6247,0.134246354834,0.366977984835,1.0,177,13.4434684431,-37.972536658,-51.7561302552,0.0212958548304,-43.3065240178,-0.124068989399,-72.5149309209,-53.9409519988,10.5866321833,0.1238
0.00294764917907,0.124946243804,0.124919,26.8532,-15.4496070308,0.188901066575,-0.124779,5.18231e-05,-70.6835938221,29.5935,0.134404594877,0.373083239686,0.999495,178,13.4940182678,-37.3963963051,-63.4478222863,0.019122071899,-47.2815007582,-0.124786416801,-72.7380688811,-55.7016510846,9.4102852146,0.124604
0.00289508769328,0.125634581625,0.125612,26.9642,-9.99852600234,0.279826581778,-0.125481,4.98362e-05,-73.8613481175,29.5583,0.0498475348823,0.383080304396,0.99764,179,4.99670458918,-36.166891906,-53.2825585187,0.181209722533,-42.6415222098,-0.125485437152,-56.2607264447,-46.3484015382,12.2204166232,0.12513
0.00292137277284,0.126097132767,0.126083,27.0965,-10.6888707711,0.271784303737,-0.125961,5.16788e-05,-53.0866568687,29.5881,0.0432594677807,0.347798545249,0.997996,180,4.30955923426,-39.5540228265,-48.6252534951,0.173565223503,-41.147469051,-0.125959664714,-56.8627797244,-47.1954669548,4.60845214103,0.125751
0.00281128317776,0.127053059991,0.127037,27.2209,-8.26959092218,0.286557912199,-0.12693,4.35429e-05,-51.4597846019,29.8075,0.0351806516866,0.375408376045,0.96836,181,3.63068219801,-34.4755445397,-47.678534118,0.217539041294,-39.1966603334,-0.126934511512,-50.4557179143,-43.3712066485,4.96289245205,0.126373
0.00296656768391,0.127179265517,0.127172,27.3197,-10.7301823187,0.270689852317,-0.127081,4.99729e-05,-49.8203152139,29.8777,0.0805609433046,0.384101125928,0.995198,182,7.99249773858,-35.9636490545,-46.3866909476,-0.0552943113553,-41.7132877522,-0.12708293454,-79.5354184129,-47.1146113262,2.98069177803,0.126718
0.00291489109547,0.128155869708,0.12814,27.3862,-12.4594414765,0.175951504066,-0.128067,4.8888e-05,-58.3975311737,29.9022,0.0383160305174,0.25631481084,0.982291,183,3.74523971462,-47.740044453,-52.8732488304,0.106070531641,-47.4598214056,-0.128067855453,-62.3820001329,-55.5801264068,4.69580454263,0.127271
0.0029135228764,0.127989116987,0.127971,27.4322,-7.56180965947,0.302641358686,-0.127917,4.90172e-05,-52.775255542,30.0647,0.0390881255731,0.402179432679,0.959801,184,4.04173345882,-31.03052603,-45.979352704,0.213883435379,-41.8113195294,-0.127919847786,-50.1626700675,-41.1491585907,4.44210246385,0.127445
0.00277236272158,0.128988659521,0.128977,27.4915,-10.7164918715,0.281939145209,-0.128935,4.46303e-05,-68.3338427646,30.116,0.0480306527565,0.378521879308,0.964833,185,4.69397471251,-34.3470587778,-45.7240713873,0.0226398929055,-33.3201126477,-0.128934115726,-69.0170274687,-43.4411065071,13.3992326198,0.128568
0.00279814777452,0.128859774791,0.128851,27.5823,-9.2520841336,0.289221510741,-0.12881,4.43912e-05,-50.1968600909,30.1717,0.0302955782518,0.356906454536,0.96755,186,3.20258886657,-35.9158206112,-46.6849215592,0.22284289986,-40.9875701064,-0.128809708503,-50.0426319289,-43.0479932558,3.43882985215,0.128258
0.00288349610112,0.129204764387,0.129185,27.6801,-14.9010101978,0.20687547022,-0.129143,4.71886e-05,-77.2871578013,30.2381,0.104956989366,0.326952513618,0.996527,187,10.5787282205,-41.511931258,-55.68991025,-0.0731987811543,-43.5658180214,-0.129151727951,-81.7374081709,-53.582701615,12.8302524629,0.128494
0.00286636216003,0.129404611905,0.129405,27.8218,-9.89320364638,0.283934101566,-0.129367,4.51636e-05,-45.6769381995,30.252,0.039911236083,0.372444147965,0.992832,188,3.90351829141,-36.9388843344,-43.2963605874,0.179799689847,-40.1757331996,-0.129359358533,-55.921936692,-45.6245271953,2.34828279811,0.128912
0.00276940346318,0.13000252835,0.129992,27.934,-10.5492982995,0.261695909448,-0.129953,4.22905e-05,-46.7510652689,30.3155,0.0590612394599,0.369301262402,0.991056,189,5.97236637186,-36.8686663556,-43.0571910758,0.00953774532689,-40.4639881432,-0.129957442891,-73.6560891318,-47.6092880311,2.3775802594,0.129461
0.00267301694685,0.130586224566,0.130578,28.0013,-10.2848992698,0.264705158711,-0.130548,4.0976e-05,-49.4535560697,30.3965,0.0397190150176,0.357243639498,0.995809,190,4.00405510672,-38.4765759548,-45.1585777578,0.192201039551,-39.8463867279,-0.130547753276,-55.0379885483,-47.7943975523,3.58375935612,0.13025
0.00286660003486,0.131029112662,0.131019,28.0803,-10.0228230394,0.262645751432,-0.130988,4.66357e-05,-48.4641303273,30.4357,0.0340632659816,0.343951583364,0.994131,191,3.42305447862,-39.6792637119,-45.6289739395,0.202573520545,-40.2072955027,-0.130990851468,-53.9466399216,-47.8712343559,3.19291685984,0.130618
0.00279774167596,0.131856313767,0.13185,28.1634,-10.0890661582,0.261127460543,-0.131824,4.74867e-05,-56.7517679035,30.4849,0.0464299459819,0.362639029846,0.995901,192,4.6943781359,-37.8779525387,-48.96622568,0.121313898264,-39.3959979984,-0.131824585542,-62.1669729836,-48.1409019698,6.61612934618,0.131504
0.0028157950357,0.132362124658,0.132354,28.2436,-11.8437780671,0.157918205038,-0.132325,4.41291e-05,-59.306907859,30.5624,0.0444717847071,0.224078144192,0.981837,193,4.46949027359,-50.5197750243,-52.681750813,0.0563617769766,-44.7188580083,-0.132322747308,-67.3694140615,-57.2666425904,5.27536615386,0.131762
0.00285536245271,0.132403115909,0.132397,28.3344,-12.2269673708,0.189027156213,-0.132367,4.32066e-05,-60.7429449158,30.6789,0.0421455545749,0.294815693351,0.994101,194,4.18903667762,-44.4550875189,-57.7150249878,0.0970767397345,-55.7914030559,-0.132366776096,-64.2880343649,-55.1313827768,1.9191813333,0.131676
0.00285737048911,0.133197486725,0.13319,28.4702,-12.9867455611,0.129921992735,-0.133161,4.74587e-05,-62.1291467971,30.6603,0.0392428484462,0.222908198292,0.991403,195,3.87813934487,-51.5367885373,-54.7165733032,0.0458826552737,-42.0538610248,-0.133162525372,-69.0781661825,-60.7895689509,7.57523761598,0.13284
0.00280353215818,0.132872280514,0.132868,28.534,-11.3589146521,0.157073435161,-0.132838,4.28791e-05,-61.9244494011,30.6977,0.0483110545168,0.240741599165,0.990868,196,4.81923058339,-49.6610023252,-54.2127852891,0.0468895211107,-47.3943057724,-0.132838673636,-69.0368868899,-58.0479733075,5.90617612121,0.132265
0.00287506283977,0.133474457387,0.133466,28.5835,-9.80751354352,0.218050737636,-0.133432,4.51487e-05,-61.5008081421,30.6958,0.0406178925484,0.325367211488,0.984444,197,3.96448455703,-41.0588014059,-59.275387588,0.157479744604,-56.1001105402,-0.133432630219,-57.7378039178,-51.5245689164,2.29494357922,0.132825
0.00274135140444,0.133613635142,0.133606,28.6814,-9.62660789602,0.264551155778,-0.133565,4.36682e-05,-55.2087516769,30.7249,0.0412021677173,0.374574468853,0.98683,198,4.04578020383,-36.2304410945,-44.8238954233,0.181567947059,-38.5673992808,-0.133564088209,-55.0286803116,-47.080504243,6.57446732691,0.132841
0.00283191785817,0.133747368766,0.133739,28.784,-8.98336532156,0.27833865389,-0.133691,4.4139e-05,-51.3702785976,30.7349,0.0439647496816,0.38303157885,0.998298,199,4.43798835013,-36.0054425763,-49.4807081157,0.196952788894,-46.3899017448,-0.133692097297,-54.7531891003,-46.6242945506,1.96804767012,0.13295
0.00280366288946,0.133960358948,0.133951,28.8562,-9.51798241464,0.256648650707,-0.133903,4.40806e-05,-56.7300828811,30.7418,0.0248396585829,0.304772250591,0.987569,200,2.47758946808,-43.1281499813,-52.6318028902,0.190883694177,-49.0335555831,-0.13390851053,-54.5450841226,-47.9232890196,2.7436578573,0.133509
0.00277952790261,0.134342901215,0.134338,28.919,-7.5005706899,0.293067965704,-0.134283,4.04297e-05,-56.6766190515,30.6941,0.038085992472,0.354764211037,0.995337,201,3.9453215955,-38.4365784552,-50.4104454339,0.209150837096,-45.1056982533,-0.134279104956,-53.3127202451,-44.8529070877,5.13555364123,0.133426
0.00269011981677,0.133959174996,0.133947,29.0516,-10.1641343342,0.265818174756,-0.133895,3.93283e-05,-55.6688764001,30.7695,0.0325522066403,0.336045689722,0.996589,202,3.2680794646,-40.7646554267,-49.5471749983,0.204669907697,-40.2008917835,-0.133895344306,-53.8656468458,-47.7135416848,5.80113591806,0.133468
0.00273295311041,0.13472308001,0.134715,29.1377,-10.4830538435,0.230626543604,-0.134653,4.16718e-05,-55.3797039997,30.7449,0.0586625315308,0.359658712506,0.988736,203,5.65787140089,-38.0591020156,-47.1569411774,0.132178737111,-35.1104278772,-0.134655933624,-60.1374176503,-50.4105563208,7.43367303354,0.13414
0.00276676243283,0.134731341598,0.134725,29.2345,-10.0774997994,0.250494101748,-0.134659,3.90406e-05,-54.0902038568,30.7767,0.0323068141949,0.300201930402,0.992148,204,3.54248732343,-43.1998777547,-51.5972813892,0.156766926605,-48.0133929159,-0.134660335031,-58.6928614332,-48.8397997423,2.44181353731,0.134364
0.0027428744994,0.135371654163,0.135373,29.2553,-11.6279983652,0.241689617663,-0.135308,3.87348e-05,-51.3953635979,30.8277,0.0398427484509,0.306512884877,0.99818,205,4.04910810482,-43.4363551851,-48.8215353988,0.137265439292,-43.5591816554,-0.135304243928,-60.7460538359,-50.2281738209,3.1876329003,0.135016
0.00276851534177,0.136380114358,0.136378,29.3594,-10.067869039,0.257452867673,-0.136314,4.13624e-05,-53.6848431635,30.8307,0.0379532644573,0.364651863333,0.99158,206,4.15482266057,-36.5136676158,-47.9135261083,0.18262821509,-44.5777418911,-0.136310790335,-56.1073710595,-48.1421471888,3.47658674847,0.135966
0.00284462039474,0.135993587486,0.135974,29.4542,-9.29621556322,0.270841625413,-0.13591,4.48647e-05,-50.6589821393,30.8391,0.0470938604676,0.380666119664,0.986267,207,5.0835624702,-35.0291271609,-48.0505706752,0.179383440557,-46.8903458231,-0.135914114577,-56.3226582865,-46.2523775794,1.51797803991,0.135321
0.00281841344436,0.136178260725,0.136162,29.5531,-10.0031813105,0.259139663819,-0.1361,4.27851e-05,-54.7627422425,30.844,0.0470143556298,0.342169319994,0.997877,208,4.80337049168,-39.8644112793,-44.7118219944,0.146128549183,-35.995877159,-0.1361043906,-59.8675767026,-48.452412337,6.72227483916,0.135494
0.00275286618729,0.136922321561,0.136905,29.5775,-9.39155022801,0.264808594749,-0.136834,4.04949e-05,-62.5412321764,30.8759,0.0442295585489,0.372843608551,0.997522,209,4.56625923646,-36.4355648837,-52.0472490581,0.177830614284,-44.8442827301,-0.136837274095,-56.7483240753,-47.8614374858,6.47548940803,0.136054
0.00275443865923,0.136837892204,0.13682,29.6658,-9.29740706769,0.270426656052,-0.136733,3.99693e-05,-60.5297453208,30.8763,0.0431588974073,0.375574164526,0.994598,210,4.47943353154,-36.1946389692,-53.318223012,0.152863857598,-50.5738184068,-0.136731621157,-59.0652819257,-47.1119697825,4.16950260195,0.135808
0.002829273443,0.136652723485,0.136641,29.7342,-9.72602222331,0.263722639085,-0.136546,4.24153e-05,-52.3728061372,30.893,0.0555244187176,0.382041286942,0.992273,211,5.94465948114,-35.1484737794,-50.1973996003,0.108882786836,-46.2701923255,-0.136548003803,-63.5482885221,-47.5409316409,2.33880215705,0.13574
0.00285633897973,0.137242381836,0.137231,29.8475,-11.0117896896,0.221220391996,-0.137125,4.32194e-05,-62.1893019191,30.9618,0.0268096129062,0.279853982395,0.990486,212,2.80575661717,-45.9370975783,-53.0030466226,0.167214319059,-36.8414974514,-0.137127292189,-57.490987856,-51.6681567537,9.79270597141,0.13649
0.00321807545154,0.138441587935,0.138433,29.9534,-9.28824818294,0.269292760114,-0.138324,5.35317e-05,-55.3988996742,30.9463,0.0458569377796,0.352048882975,0.998548,213,4.63859409405,-39.0617788661,-48.3610764486,0.15947671261,-39.1569965325,-0.138325976293,-58.5085614261,-47.4890447016,6.0661882474,0.137588
0.00277196157209,0.1392644555,0.139262,30.0663,-8.07500259159,0.223361212978,-0.139148,4.81793e-05,-56.6400688976,30.991,0.0415316335463,0.290269802156,0.985273,214,4.24019306952,-44.0197671432,-54.9339529788,0.116865037353,-52.6985353053,-0.139146930202,-61.5304086987,-50.9441797385,1.58436706095,0.13845
0.00273293175318,0.139540163303,0.139533,30.117,-7.66991209991,0.286178313452,-0.139413,4.71318e-05,-57.9856851292,30.997,0.0400692092164,0.375605909259,0.986587,215,3.98992937828,-35.8675553739,-53.9283900559,0.220803953968,-50.3933552136,-0.139414903217,-51.1809539784,-44.593961285,2.69788853981,0.138839
0.00272617286253,0.139885264755,0.139872,30.1823,-8.54803221031,0.270833382556,-0.139737,4.64255e-05,-54.9940729013,31.0292,0.0446752939556,0.372903124016,0.99253,216,4.48064353413,-36.5269035074,-47.2459175491,0.182814528139,-40.5653563668,-0.139733881889,-55.5205908903,-46.7461601533,6.47427235128,0.138947
0.0027276226809,0.139667773502,0.139653,30.2545,-8.56317418441,0.278084013608,-0.13951,4.69722e-05,-65.7931892255,31.1598,0.0440295712564,0.375653116833,0.997012,217,4.37763229313,-36.6840402592,-54.4106597816,0.200770087278,-42.8836035513,-0.139509860953,-54.0616269644,-46.4554883918,11.3047369464,0.138739
0.00267937144264,0.139702121922,0.139687,30.3047,-8.29198401522,0.278533732217,-0.139502,4.49128e-05,-50.9472488964,31.1612,0.0501429798896,0.355867131519,0.994909,218,4.98267908737,-38.3425935945,-45.7215078245,0.166992846818,-42.6698301287,-0.139503981307,-57.3816918061,-46.2601531907,3.17958074769,0.138475
0.00275777267768,0.139200533926,0.139181,30.348,-8.48039222302,0.276774772829,-0.139001,4.99004e-05,-48.4009550453,31.1928,0.0446220331335,0.374081951116,0.995682,219,4.41817079311,-36.7784322582,-43.7733349757,0.168681646265,-40.1267721775,-0.139006284889,-57.1078683873,-46.4853144591,2.97903104364,0.138508
0.00276607860108,0.139855653498,0.139839,30.3896,-10.1635482964,0.262857746492,-0.13964,4.92925e-05,-59.9157255951,31.2969,0.0425696586837,0.351790734315,0.989672,220,4.19630992977,-38.6854406887,-49.5547624505,0.183010331151,-42.2406922874,-0.139640182872,-55.123540957,-47.4838115504,6.43288393456,0.13915
0.00267820546442,0.140282425869,0.140274,30.4423,-8.57995314258,0.277115324025,-0.140069,4.79975e-05,-58.257856572,31.3548,0.0363092414174,0.344281900375,0.994943,221,3.59436928908,-39.8549338457,-51.1633388432,0.196275731792,-44.3648611651,-0.140065589974,-54.4861342158,-46.3972268365,5.21431408771,0.139279
0.00267872814148,0.140327873838,0.140313,30.4972,-9.43894792403,0.265735044078,-0.140124,4.60708e-05,-51.8834864935,31.3365,0.0457768718295,0.388444716264,0.997289,222,4.5828969871,-35.3802697899,-47.0472289203,0.170590637326,-42.2462016581,-0.140124098274,-57.2126898433,-47.7109316542,3.4734962658,0.139906
0.00267710311604,0.1406316231,0.140612,30.5339,-8.40304769809,0.282320418644,-0.140413,4.72079e-05,-46.7785342469,31.3413,0.0424308283522,0.397088130439,0.992825,223,4.26496169358,-34.0575486133,-44.6796411566,0.175136515406,-42.6985680809,-0.140414271958,-56.5413774175,-45.7750004996,1.78406750567,0.14014
0.00274708765956,0.141212637038,0.141191,30.6009,-11.1004750309,0.196287019107,-0.140979,4.94985e-05,-62.1876283484,31.3684,0.0484457587913,0.317197591038,0.996666,224,4.8419208783,-42.6329772336,-52.5067759437,0.134642531087,-37.8241524666,-0.140982785646,-60.804568416,-54.63631682,8.96997844843,0.14004
0.00275200214487,0.140742773516,0.140723,30.6761,-10.3516127297,0.208738979026,-0.140503,4.9566e-05,-69.7338375804,31.4519,0.0369555366664,0.295444456513,0.996404,225,3.72059151258,-44.7164271558,-61.4363188358,0.139990016397,-51.6619021913,-0.140504887879,-60.4699244494,-53.3752731576,6.78717433276,0.140031
0.00261014381097,0.142345036489,0.14233,30.7199,-14.8756088346,0.205184937942,-0.142112,4.58539e-05,-70.7842367667,31.6757,0.136660009634,0.373616644066,1.0,226,13.6754888279,-37.2585839651,-59.1001999586,0.00733945079981,-42.573009527,-0.142113783497,-73.8955434946,-54.1117052067,12.0025356401,0.142028
0.00285952784214,0.142195875001,0.142181,30.7901,-14.7091953248,0.196942197036,-0.141947,5.08172e-05,-72.3017421789,31.6785,0.131523401513,0.392658972314,1.0,227,13.1718890015,-35.3587119098,-70.6271664553,0.00677724883999,-68.0766594519,-0.141941919453,-73.970748565,-54.9271580602,1.64371213531,0.141536
0.00279282767162,0.14234992207,0.142331,30.8006,-16.9407053141,0.144727770866,-0.14208,4.89114e-05,-72.7647635771,31.6796,0.123796981848,0.397564894816,1.0,228,12.3956597849,-34.9006503941,-62.0808754256,0.0121795810282,-40.1115151817,-0.142076775511,-73.4253451663,-60.1677799639,13.1440779697,0.141759
0.0027109275664,0.142374347776,0.142357,30.8663,-14.8860302821,0.203727193767,-0.14208,4.95005e-05,-75.3499316467,31.6749,0.139426658466,0.380405697979,1.0,229,13.9736353354,-36.55762032,-48.6370639202,-0.00393990596837,-38.647958928,-0.142074890883,-75.0509135851,-54.2548138675,15.4465901518,0.141774
0.00282066757344,0.142282192697,0.142252,30.8676,-14.1121884231,0.214567161618,-0.141979,5.3657e-05,-65.6986600408,31.6794,0.127353711944,0.370702420694,1.0,230,12.7489293373,-37.5207204015,-52.4271432248,0.0139953845299,-37.5121801292,-0.141980415378,-73.2431566782,-53.1688057252,12.3880771581,0.141575
