Gather_AverageReturn,StdEsReturn,PolicyRegParamNorm,Gather_MedianReturn,AverageAbsY,MinEsReturn,MaxEsReturn,wrapped_AverageForwardProgress,AverageY,Gather_MaxReturn,QFunRegParamNorm,AverageQLoss,AverageEsReturn,Epoch,wrapped_StdForwardProgress,wrapped_AverageReturn,StdReturn,MinReturn,AverageAction,AverageDiscountedReturn,AverageAbsQYDiff,AverageReturn,Gather_MinReturn,MaxReturn,AverageAbsQ,wrapped_MaxForwardProgress,AverageQ,Gather_StdReturn,wrapped_MinForwardProgress,AveragePolicySurr
0.0,0.0,17.0789,0.0,0.00185425470761,0.0,0.0,0.0118666304608,-0.000883815761822,0,14.9581,1.48739e-06,0.0,10,0.19382223377,-4.76876845517,0.0,0.0,0.999979,0.0,0.000604116567424,0.0,0,0.0,0.00180226,0.365011791975,-0.0008748,0.0,-0.333051173424,-0.000729792
0.0,0.0,17.199,0.0,0.00156984993874,0.0,0.0,0.0121052697084,0.00066983500988,0,15.042,2.52779e-07,0.0,11,0.239652177231,-4.75446360385,0.0,0.0,0.999999,0.0,0.000259959748115,0.0,0,0.0,0.00155192,0.404520967818,0.000670552,0.0,-0.309142711002,-0.000262305
0.0,0.0,17.2114,0.0,0.00159021837662,0.0,0.0,-0.349282720412,0.000411745211652,0,15.1071,2.06343e-07,0.0,12,0.105642074567,-11.9976920945,0.0,0.0,0.99952,0.0,0.000215046920302,0.0,0,0.0,0.00156611,-0.117461868355,0.000411494,0.0,-0.52483698637,-0.000716955
0.0,0.0,17.3612,0.0,0.00146378542214,0.0,0.0,0.00187929490915,0.000769079458304,0,15.1458,1.87783e-07,0.0,13,0.229464425822,-4.96254514056,0.0,0.0,1.0,0.0,0.000202586553113,0.0,0,0.0,0.00144771,0.353023273328,0.000769033,0.0,-0.39002141932,-0.00167418
0.0,0.0,17.3787,0.0,0.00163463252659,0.0,0.0,0.0811554908048,0.00117390064858,0,15.2307,2.59706e-07,0.0,14,0.225030888417,-3.38803456544,0.0,0.0,0.999997,0.0,0.000229042518739,0.0,0,0.0,0.001623,0.403030002484,0.00117428,0.0,-0.415172624875,-0.00111246
0.0,0.0,17.4353,0.0,0.00174845829374,0.0,0.0,-0.0574992572303,0.00137606504957,0,15.2891,2.33928e-07,0.0,15,0.263439276804,-6.14243261618,0.0,0.0,0.999657,0.0,0.000202509681943,0.0,0,0.0,0.00174039,0.529525736343,0.00137579,0.0,-0.491655954746,-0.00171641
0.0,0.0,17.6608,0.0,0.00184135309629,0.0,0.0,-0.160463740708,0.00152130903428,0,15.3795,2.92778e-07,0.0,16,0.199897570517,-6.97277985688,0.0,0.0,0.753298,0.0,0.000242837191431,0.0,0,0.0,0.00183219,0.305534539862,0.00152147,0.0,-0.492690898502,-0.00178591
0.0,0.0,18.0218,0.0,0.00208411619567,0.0,0.0,0.0202444863421,0.00189264072453,0,15.4299,3.70333e-07,0.0,17,0.24216083329,-4.58802389416,0.0,0.0,0.998218,0.0,0.000231244107441,0.0,0,0.0,0.00207718,0.43110826521,0.00189262,0.0,-0.4901743509,-0.00206577
0.0,0.0,18.0394,0.0,0.00214940801345,0.0,0.0,0.0248038032328,0.00203510436541,0,15.4919,3.06722e-07,0.0,18,0.216926410788,-4.50443235821,0.0,0.0,0.998887,0.0,0.000217871163218,0.0,0,0.0,0.00214714,0.353698143374,0.00203519,0.0,-0.275918055552,-0.00204143
0.0,0.0,18.1143,0.0,0.00215384571695,0.0,0.0,-0.099162470549,0.00205663174118,0,15.5447,2.56241e-07,0.0,19,0.177065556347,-6.9578432763,0.0,0.0,0.998568,0.0,0.000192952354077,0.0,0,0.0,0.00215242,0.233327338359,0.00205669,0.0,-0.426712242095,-0.00204973
0.0,0.0,18.1991,0.0,0.00217003322935,0.0,0.0,-0.0961355930117,0.00208113493999,0,15.5995,2.83943e-07,0.0,20,0.221354103583,-6.90087475559,0.0,0.0,0.998661,0.0,0.000193820557446,0.0,0,0.0,0.00217,0.374762094802,0.00208109,0.0,-0.415802614595,-0.00207308
0.0,0.0,18.2131,0.0,0.00216070491704,0.0,0.0,-0.0210667473055,0.00208738120004,0,15.6648,1.83989e-07,0.0,21,0.209688236178,-5.41035109286,0.0,0.0,0.998815,0.0,0.000165569191611,0.0,0,0.0,0.00215855,0.376942168137,0.00208739,0.0,-0.409239174296,-0.00209335
0.0,0.0,17.9833,0.0,0.00212900704481,0.0,0.0,0.0401205738463,0.0020749552679,0,15.7074,1.49407e-07,0.0,22,0.244670234174,-4.19199880458,0.0,0.0,0.997065,0.0,0.000161223714978,0.0,0,0.0,0.00212695,0.446761080512,0.00207496,0.0,-0.326612921122,-0.00211883
0.0,0.0,17.9267,0.0,0.00213005864077,0.0,0.0,0.00520166074683,0.00208630398868,0,15.7462,1.38691e-07,0.0,23,0.185737763887,-4.88739273211,0.0,0.0,0.998725,0.0,0.000153804178113,0.0,0,0.0,0.00212852,0.401672169296,0.00208626,0.0,-0.227596165742,-0.00210915
0.0,0.0,17.8291,0.0,0.00214314590169,0.0,0.0,0.0298218653181,0.00209895487085,0,15.7779,9.03329e-08,0.0,24,0.169089461261,-4.34474639668,0.0,0.0,0.986433,0.0,0.000136733872419,0.0,0,0.0,0.00214204,0.417849496009,0.00209901,0.0,-0.324454880145,-0.002118
0.0,0.0,17.5868,0.0,0.00216152889594,0.0,0.0,-0.013341448457,0.00211864937007,0,15.8103,1.08404e-07,0.0,25,0.0920999350065,-4.34207482558,0.0,0.0,0.81751,0.0,0.000140308813724,0.0,0,0.0,0.00216133,0.133931302684,0.00211883,0.0,-0.192034877924,-0.0021631
0.0,0.0,17.6309,0.0,0.00222554296711,0.0,0.0,-0.00761691154226,0.00218788302735,0,15.834,1.03126e-07,0.0,26,0.126468414393,-3.31330684555,0.0,0.0,0.633335,0.0,0.000136230858162,0.0,0,0.0,0.00222427,0.245241406008,0.00218775,0.0,-0.21200310235,-0.00227064
0.0,0.0,17.6503,0.0,0.00231171360003,0.0,0.0,0.0826853638428,0.00228984861104,0,15.8664,1.28515e-07,0.0,27,0.0717511618406,-3.1617357943,0.0,0.0,0.964989,0.0,0.000149849050676,0.0,0,0.0,0.00231189,0.301824401451,0.00228975,0.0,-0.050795194666,-0.00240831
0.0,0.0,17.6048,0.0,0.00240871511769,0.0,0.0,0.00903967572935,0.00240392607635,0,15.8995,1.07146e-07,0.0,28,0.125967984101,-4.64651445642,0.0,0.0,0.966439,0.0,0.000136076729574,0.0,0,0.0,0.00240964,0.201897853408,0.002404,0.0,-0.37791712747,-0.00246999
0.0,0.0,17.5499,0.0,0.0024380224159,0.0,0.0,-0.0617790019506,0.00243783048844,0,15.9399,1.03006e-07,0.0,29,0.213169210897,-4.41409484287,0.0,0.0,0.634612,0.0,0.000133251270165,0.0,0,0.0,0.00243829,0.463352264609,0.00243773,0.0,-0.509270051894,-0.00250794
0.0,0.0,17.5555,0.0,0.00242759627061,0.0,0.0,0.0889447498931,0.00242751880664,0,15.9818,9.82987e-08,0.0,30,0.252870806902,-2.26171382471,0.0,0.0,0.80136,0.0,0.000128613489619,0.0,0,0.0,0.00242779,0.508603192104,0.00242735,0.0,-0.488099215994,-0.00248513
0.0,0.0,17.6714,0.0,0.00245835432624,0.0,0.0,-0.0117592023531,0.00245835432624,0,16.0265,1.33359e-07,0.0,31,0.134092503517,-4.81472615865,0.0,0.0,0.911739,0.0,0.000153098339177,0.0,0,0.0,0.00245905,0.247430061539,0.00245876,0.0,-0.273077367408,-0.00255163
0.0,0.0,17.7569,0.0,0.00253817487689,0.0,0.0,0.000625865728029,0.0025381706343,0,16.059,1.36809e-07,0.0,32,0.249736200697,-4.6146995004,0.0,0.0,0.922197,0.0,0.000149982987219,0.0,0,0.0,0.00253835,0.46538184893,0.00253782,0.0,-0.413813297035,-0.00267291
0.0,0.0,17.7271,0.0,0.00256730654749,0.0,0.0,-0.000427609957007,0.00256715632826,0,16.1164,1.31569e-07,0.0,33,0.19536676533,-2.78801190479,0.0,0.0,0.559112,0.0,0.000150657132072,0.0,0,0.0,0.0025679,0.31630874787,0.00256755,0.0,-0.409553880325,-0.00267278
0.0,0.0,17.7753,0.0,0.00258351456273,0.0,0.0,-0.0879387983302,0.00258321638261,0,16.1973,1.38741e-07,0.0,34,0.229017241021,-5.20562752567,0.0,0.0,0.68993,0.0,0.000164452235185,0.0,0,0.0,0.00258334,0.416782344919,0.00258301,0.0,-0.354810204068,-0.00274191
0.0,0.0,17.8422,0.0,0.00265458510824,0.0,0.0,-0.0800445260663,0.00265453009799,0,16.2951,1.51618e-07,0.0,35,0.183770603982,-5.15346863135,0.0,0.0,0.708945,0.0,0.000174552549095,0.0,0,0.0,0.00265501,0.294028468889,0.00265455,0.0,-0.380260645021,-0.00281209
0.0,0.0,18.0004,0.0,0.00278894250605,0.0,0.0,-0.0913837207124,0.00278869979223,0,16.3963,1.39133e-07,0.0,36,0.111609732153,-5.92753115769,0.0,0.0,0.788157,0.0,0.00017445919705,0.0,0,0.0,0.00278919,0.0840526190805,0.00278879,0.0,-0.285493756992,-0.00300648
0.0,0.0,17.947,0.0,0.00287633120944,0.0,0.0,-0.135798998252,0.00287631113317,0,16.4703,1.59906e-07,0.0,37,0.110025977009,-6.99101646019,0.0,0.0,0.813421,0.0,0.000184437430622,0.0,0,0.0,0.00287648,0.0796087367551,0.00287621,0.0,-0.332177293123,-0.00301263
0.0,0.0,17.9352,0.0,0.00290138039083,0.0,0.0,-0.153846916761,0.00290138039083,0,16.5243,1.55335e-07,0.0,38,0.18098531322,-6.08998594951,0.0,0.0,0.584174,0.0,0.000178396388446,0.0,0,0.0,0.00290159,0.127815505322,0.00290134,0.0,-0.494082988956,-0.00299853
0.0,0.0,17.9167,0.0,0.00289209881142,0.0,0.0,0.0216797695561,0.00289209881142,0,16.5674,1.35004e-07,0.0,39,0.248759364607,-3.43288732829,0.0,0.0,0.772812,0.0,0.000170742700941,0.0,0,0.0,0.00289242,0.409120234425,0.00289209,0.0,-0.384230030844,-0.00294648
0.0,0.0,17.8812,0.0,0.00288759717132,0.0,0.0,0.121148537923,0.00288759717132,0,16.6425,1.53649e-07,0.0,40,0.158455397901,0.267979848788,0.0,0.0,0.432019,0.0,0.000177318902855,0.0,0,0.0,0.00288818,0.488333246234,0.00288762,0.0,-0.229875225166,-0.00292633
0.0,0.0,17.8982,0.0,0.00286307918563,0.0,0.0,0.117691309912,0.00286307918563,0,16.7052,1.27626e-07,0.0,41,0.203480640884,1.07049007612,0.0,0.0,0.254806,0.0,0.000157102720473,0.0,0,0.0,0.00286327,0.450031644331,0.002863,0.0,-0.220286049346,-0.00289034
0.0,0.0,18.0448,0.0,0.00278856781041,0.0,0.0,0.216814571854,0.00278856781041,0,16.7403,1.33695e-07,0.0,42,0.347480038046,0.799215703118,0.0,0.0,0.710964,0.0,0.000161099354084,0.0,0,0.0,0.002789,1.04930936525,0.00278886,0.0,-0.246477032937,-0.00285174
0.0,0.0,18.042,0.0,0.00276183656793,0.0,0.0,0.255666264337,0.00276183656793,0,16.8022,1.25374e-07,0.0,43,0.204188214039,0.532151375622,0.0,0.0,0.914663,0.0,0.000162138538915,0.0,0,0.0,0.00276188,0.646590236609,0.00276158,0.0,-0.247914638658,-0.0028031
0.0,0.0,18.0657,0.0,0.00272331625079,0.0,0.0,-0.0830340382275,0.00272331625079,0,16.8489,9.8922e-08,0.0,44,0.359287830466,-4.95068115793,0.0,0.0,0.646204,0.0,0.000140699350687,0.0,0,0.0,0.00272339,0.38083738589,0.00272331,0.0,-0.627719354405,-0.00273385
0.0,0.0,18.183,0.0,0.00269031723935,0.0,0.0,0.302458720825,0.00269031723935,0,16.9076,1.07859e-07,0.0,45,0.212212977674,3.03782530407,0.0,0.0,0.601272,0.0,0.000148004373337,0.0,0,0.0,0.00269057,0.790976556087,0.00269036,0.0,-0.0337479651069,-0.00273792
0.0,0.0,18.2723,0.0,0.00271503629638,0.0,0.0,0.343868166821,0.00271503629638,0,16.9689,9.99996e-08,0.0,46,0.139999163522,4.05362090941,0.0,0.0,0.565825,0.0,0.000144745405493,0.0,0,0.0,0.00271514,0.580136240974,0.00271508,0.0,0.0910063913263,-0.00279034
0.0,0.0,18.3352,0.0,0.00276398653842,0.0,0.0,0.142560182511,0.00276398653842,0,17.0094,9.33289e-08,0.0,47,0.08517794678,-1.22102722869,0.0,0.0,0.811837,0.0,0.000143818470442,0.0,0,0.0,0.00276407,0.277718993717,0.00276403,0.0,-0.011602813738,-0.00283314
0.0,0.0,18.5578,0.0,0.00281565901289,0.0,0.0,-0.0966593177667,0.00281565901289,0,17.0573,9.47529e-08,0.0,48,0.232520595988,-6.86940465152,0.0,0.0,0.990957,0.0,0.000143751434578,0.0,0,0.0,0.0028157,0.491720362553,0.00281562,0.0,-0.448641320038,-0.00293076
0.0,0.0,18.7881,0.0,0.00287142246377,0.0,0.0,0.0180474001691,0.00287142246377,0,17.1129,1.04556e-07,0.0,49,0.249574619336,-4.56727935811,0.0,0.0,0.985186,0.0,0.000145977372316,0.0,0,0.0,0.00287171,0.402952893048,0.00287156,0.0,-0.404718163439,-0.00293595
0.0,0.0,18.7949,0.0,0.00288527818273,0.0,0.0,-0.00313543833236,0.00288527818273,0,17.1494,1.02328e-07,0.0,50,0.252816629825,-4.72289525527,0.0,0.0,0.930518,0.0,0.000148195258844,0.0,0,0.0,0.00288512,0.427418294806,0.0028851,0.0,-0.412774750345,-0.00295367
0.0,0.0,18.7121,0.0,0.0028988792088,0.0,0.0,-0.0392031531533,0.0028988792088,0,17.207,9.03386e-08,0.0,51,0.174452660063,-5.16089261254,0.0,0.0,0.868485,0.0,0.000143770544782,0.0,0,0.0,0.0028991,0.306771538725,0.00289892,0.0,-0.289360869541,-0.00294499
0.0,0.0,18.7183,0.0,0.00294882743661,0.0,0.0,-0.147083687395,0.00294882743661,0,17.2482,1.04292e-07,0.0,52,0.10934291148,-6.69892990851,0.0,0.0,0.740472,0.0,0.000145036185733,0.0,0,0.0,0.00294866,0.0273724743702,0.00294863,0.0,-0.411816853464,-0.00302396
0.0,0.0,18.7221,0.0,0.00294240078621,0.0,0.0,-0.221742274837,0.00294182265185,0,17.3143,9.75499e-08,0.0,53,0.12170134571,-8.76282078506,0.0,0.0,0.832166,0.0,0.000148022097397,0.0,0,0.0,0.00294242,0.0748088563148,0.00294219,0.0,-0.444767529401,-0.00300767
0.0,0.0,18.7348,0.0,0.00295750412896,0.0,0.0,-0.172633973973,0.00295688819367,0,17.3672,9.5026e-08,0.0,54,0.221902543736,-8.40881912619,0.0,0.0,0.989924,0.0,0.000143243415155,0.0,0,0.0,0.0029567,0.336639964152,0.00295666,0.0,-0.528213930224,-0.00299851
0.0,0.0,18.7324,0.0,0.00295038709151,0.0,0.0,0.20033602909,0.00295038709151,0,17.4277,1.01417e-07,0.0,55,0.230428387333,-0.956489620984,0.0,0.0,0.989479,0.0,0.00014371282181,0.0,0,0.0,0.00295035,0.631763709861,0.00295032,0.0,-0.274325947449,-0.00299606
0.0,0.0,18.8287,0.0,0.00295711131598,0.0,0.0,-0.162790527684,0.00295711131598,0,17.4758,8.41917e-08,0.0,56,0.231152545384,-8.24493820662,0.0,0.0,0.995505,0.0,0.000133251453563,0.0,0,0.0,0.00295744,0.288745775407,0.00295738,0.0,-0.595297547189,-0.00300907
0.0,0.0,18.9412,0.0,0.00302829110745,0.0,0.0,-0.0711998557687,0.00302829110745,0,17.5305,9.8538e-08,0.0,57,0.227959953012,-6.43007235566,0.0,0.0,0.997115,0.0,0.000147694814183,0.0,0,0.0,0.00302834,0.510530564442,0.00302814,0.0,-0.397279959767,-0.0031259
0.0,0.0,18.9913,0.0,0.00298716217401,0.0,0.0,-0.141115154008,0.00298716217401,0,17.5867,1.0501e-07,0.0,58,0.19049697096,-6.21626833294,0.0,0.0,0.678183,0.0,0.000141535271681,0.0,0,0.0,0.00298727,0.280105055097,0.00298727,0.0,-0.505604564703,-0.00298736
0.0,0.0,18.9477,0.0,0.00301042396934,0.0,0.0,0.119388992906,0.00301042396934,0,17.6277,9.86488e-08,0.0,59,0.223599443651,-2.60256620067,0.0,0.0,0.994998,0.0,0.00013644401482,0.0,0,0.0,0.00301044,0.557603419386,0.00301042,0.0,-0.353707163841,-0.00304464
0.0,0.0,18.9893,0.0,0.00301396810932,0.0,0.0,0.0485945732851,0.00301396810932,0,17.6882,8.17778e-08,0.0,60,0.141168264457,-4.0018919051,0.0,0.0,0.995713,0.0,0.000130907952235,0.0,0,0.0,0.00301399,0.282389513943,0.00301397,0.0,-0.178015446584,-0.00304642
0.0,0.0,18.9995,0.0,0.00300918494515,0.0,0.0,-0.295510082981,0.00300918494515,0,17.7325,1.02149e-07,0.0,61,0.159137639559,-10.837282912,0.0,0.0,0.983789,0.0,0.000142545788417,0.0,0,0.0,0.00300926,-0.0255180391811,0.00300924,0.0,-0.578037376448,-0.00304005
0.0,0.0,19.0527,0.0,0.00305269199086,0.0,0.0,-0.104455365436,0.00305269199086,0,17.7941,9.46496e-08,0.0,62,0.187008999184,-6.97000772448,0.0,0.0,0.972416,0.0,0.000137803562465,0.0,0,0.0,0.00305266,0.336691761156,0.00305259,0.0,-0.520455160322,-0.00311084
0.0,0.0,19.1244,0.0,0.00303706489744,0.0,0.0,0.0418025207207,0.00303706489744,0,17.8502,8.28214e-08,0.0,63,0.234865006252,-4.14577693822,0.0,0.0,0.99689,0.0,0.000130579175395,0.0,0,0.0,0.00303718,0.453645926001,0.00303715,0.0,-0.344300272021,-0.00307962
0.0,0.0,19.2227,0.0,0.00306596831346,0.0,0.0,0.0497010954724,0.00306596831346,0,17.9001,1.05581e-07,0.0,64,0.141838612854,-3.91895119774,0.0,0.0,0.98452,0.0,0.000135140999744,0.0,0,0.0,0.00306577,0.327092702571,0.00306577,0.0,-0.313694430532,-0.00309576
0.0,0.0,19.2725,0.0,0.0030871624766,0.0,0.0,-0.13238458706,0.0030871624766,0,17.9731,1.02409e-07,0.0,65,0.251190967498,-7.6194834496,0.0,0.0,0.995798,0.0,0.000148122537187,0.0,0,0.0,0.0030872,0.440080350615,0.00308719,0.0,-0.547763776386,-0.00315059
0.0,0.0,19.2484,0.0,0.00311294307819,0.0,0.0,-0.102275334735,0.00311294307819,0,18.0262,1.10255e-07,0.0,66,0.235071171249,-7.03257099364,0.0,0.0,0.996195,0.0,0.000148351373634,0.0,0,0.0,0.003113,0.300038011783,0.00311295,0.0,-0.598543727846,-0.00319346
0.0,0.0,19.2249,0.0,0.00312285154686,0.0,0.0,0.105774128975,0.00312285154686,0,18.0934,1.09213e-07,0.0,67,0.220414045023,-2.79839075749,0.0,0.0,0.983999,0.0,0.000141226514111,0.0,0,0.0,0.00312303,0.558587681312,0.003123,0.0,-0.229921527202,-0.00315233
0.0,0.0,19.2212,0.0,0.00311151714776,0.0,0.0,0.107507487225,0.00311151714776,0,18.1621,1.19907e-07,0.0,68,0.267714651928,-2.83216083129,0.0,0.0,0.994988,0.0,0.000150177057495,0.0,0,0.0,0.00311144,0.704821069417,0.00311144,0.0,-0.384409321056,-0.00313184
0.0,0.0,19.2886,0.0,0.00308041117184,0.0,0.0,0.165436593142,0.00308041117184,0,18.2193,9.84172e-08,0.0,69,0.194320457778,-1.68258864292,0.0,0.0,0.997203,0.0,0.000130993221034,0.0,0,0.0,0.00308031,0.563017523907,0.00308031,0.0,-0.18906435249,-0.00310792
0.0,0.0,19.3198,0.0,0.00310296140043,0.0,0.0,0.0943124514648,0.00310296140043,0,18.2785,8.88992e-08,0.0,70,0.282493360896,-3.11861058646,0.0,0.0,0.998645,0.0,0.000130607648083,0.0,0,0.0,0.00310316,0.639228029687,0.00310315,0.0,-0.320715463179,-0.00315963
0.0,0.0,19.2599,0.0,0.00309862937966,0.0,0.0,-0.0661748182374,0.00309862937966,0,18.3516,1.13155e-07,0.0,71,0.154162977995,-6.24726747883,0.0,0.0,0.982773,0.0,0.000141003779625,0.0,0,0.0,0.00309865,0.239591028434,0.00309855,0.0,-0.335484997677,-0.00311013
0.0,0.0,19.3082,0.0,0.00307611285696,0.0,0.0,-0.233943310105,0.00307611285696,0,18.4124,9.97542e-08,0.0,72,0.27937586444,-8.80034384077,0.0,0.0,0.822429,0.0,0.000135199954831,0.0,0,0.0,0.00307608,0.190416256404,0.00307608,0.0,-0.860424725107,-0.00309524
0.0,0.0,19.4335,0.0,0.0030643271418,0.0,0.0,-0.229701614755,0.0030643271418,0,18.4687,9.4034e-08,0.0,73,0.304396798332,-9.28408477364,0.0,0.0,0.938465,0.0,0.000123819731828,0.0,0,0.0,0.00306432,0.267647953522,0.0030643,0.0,-0.847050412355,-0.00310061
0.0,0.0,19.5083,0.0,0.00304920695057,0.0,0.0,0.229599837017,0.00304920695057,0,18.5331,1.11916e-07,0.0,74,0.170277343007,-0.406574675457,0.0,0.0,0.998723,0.0,0.000139579611911,0.0,0,0.0,0.0030497,0.434192454923,0.00304953,0.0,-0.294296224344,-0.00308756
0.0,0.0,19.5504,0.0,0.00306129695128,0.0,0.0,0.0767338774789,0.00306129695128,0,18.5729,1.08293e-07,0.0,75,0.204589759706,-3.46567131417,0.0,0.0,0.998765,0.0,0.00013275234882,0.0,0,0.0,0.00306112,0.474856039751,0.00306112,0.0,-0.365335028428,-0.0030958
0.0,0.0,19.5817,0.0,0.00310098385631,0.0,0.0,0.133630401242,0.00310098385631,0,18.6411,1.05824e-07,0.0,76,0.237485349778,-2.33544192997,0.0,0.0,0.998246,0.0,0.000127350520159,0.0,0,0.0,0.00310085,0.691378283616,0.00310084,0.0,-0.1745598516,-0.00315205
0.0,0.0,19.5832,0.0,0.00311940415155,0.0,0.0,-0.0815371293292,0.00311940415155,0,18.7041,9.88907e-08,0.0,77,0.207214983112,-6.64725565742,0.0,0.0,0.998809,0.0,0.000138854395878,0.0,0,0.0,0.00311944,0.262059958793,0.00311944,0.0,-0.478290034496,-0.00315238
0.0,0.0,19.5855,0.0,0.00309325302633,0.0,0.0,0.253321951677,0.00309325302633,0,18.7591,8.39645e-08,0.0,78,0.176460163402,0.0753210602566,0.0,0.0,0.99596,0.0,0.000123542031556,0.0,0,0.0,0.00309321,0.514535265016,0.00309321,0.0,-0.196558172278,-0.00310689
0.0,0.0,19.6727,0.0,0.00307011755653,0.0,0.0,0.0704103003399,0.00307011755653,0,18.8217,1.01557e-07,0.0,79,0.267006010692,-3.58564244427,0.0,0.0,0.999239,0.0,0.000132022765399,0.0,0,0.0,0.00307015,0.484758041254,0.00307015,0.0,-0.357629466834,-0.00310601
0.0,0.0,19.6801,0.0,0.00309984750526,0.0,0.0,0.0736266654999,0.00309984750526,0,18.8862,9.8559e-08,0.0,80,0.170603754167,-3.51354807491,0.0,0.0,0.99856,0.0,0.000128874261214,0.0,0,0.0,0.0030998,0.340531899122,0.0030998,0.0,-0.270427919604,-0.00317472
0.0,0.0,19.6797,0.0,0.00311155523573,0.0,0.0,-0.0143900522766,0.00311155523573,0,18.9724,1.01496e-07,0.0,81,0.239358247222,-5.271597926,0.0,0.0,0.996471,0.0,0.000142836602804,0.0,0,0.0,0.00311164,0.424942428985,0.00311161,0.0,-0.471943095435,-0.00313642
0.0,0.0,19.7475,0.0,0.00311279616967,0.0,0.0,0.201853039025,0.00311279616967,0,19.0433,9.75531e-08,0.0,82,0.177413706407,-0.95482860646,0.0,0.0,0.999489,0.0,0.000127779246398,0.0,0,0.0,0.00311268,0.527105484771,0.00311267,0.0,-0.159128619575,-0.00316505
0.0,0.0,19.7839,0.0,0.00311067475475,0.0,0.0,0.226167263322,0.00311067475475,0,19.1264,1.04999e-07,0.0,83,0.215863328454,-0.4885483014,0.0,0.0,0.999224,0.0,0.000134968950808,0.0,0,0.0,0.00311103,0.526873562379,0.00311103,0.0,-0.256757330326,-0.00312319
0.0,0.0,19.8687,0.0,0.00309567214094,0.0,0.0,-0.0424816581523,0.00309567214094,0,19.1921,1.23551e-07,0.0,84,0.212111674084,-5.82595746078,0.0,0.0,0.997777,0.0,0.000142035950217,0.0,0,0.0,0.00309534,0.284341027493,0.00309534,0.0,-0.406806709592,-0.00316936
0.0,0.0,19.9084,0.0,0.0031496550146,0.0,0.0,0.0842902161108,0.0031496550146,0,19.2552,1.16097e-07,0.0,85,0.21666056243,-3.32087381951,0.0,0.0,0.999352,0.0,0.000137007632284,0.0,0,0.0,0.00314998,0.331509586302,0.00314998,0.0,-0.391365098548,-0.00323226
0.0,0.0,19.8528,0.0,0.00313818605273,0.0,0.0,0.0822585318233,0.00313818605273,0,19.3038,9.78723e-08,0.0,86,0.214901689586,-3.34548162365,0.0,0.0,0.999215,0.0,0.000137234455067,0.0,0,0.0,0.00313798,0.420744099554,0.00313793,0.0,-0.319420392396,-0.00321278
0.0,0.0,19.8362,0.0,0.00312159617748,0.0,0.0,-0.0670316980196,0.00312159617748,0,19.3673,9.80267e-08,0.0,87,0.232938828625,-6.33505357778,0.0,0.0,0.999957,0.0,0.000132204318891,0.0,0,0.0,0.00312152,0.401820432834,0.00312152,0.0,-0.433850112361,-0.00315509
0.0,0.0,19.8268,0.0,0.00308757032538,0.0,0.0,0.0246483716023,0.00308757032538,0,19.4309,9.89148e-08,0.0,88,0.250591154125,-4.48618334756,0.0,0.0,0.994999,0.0,0.000130728673165,0.0,0,0.0,0.00308776,0.492911816034,0.00308776,0.0,-0.374222163505,-0.00310383
0.0,0.0,20.0573,0.0,0.00307189607103,0.0,0.0,-0.183265908477,0.00307189607103,0,19.4924,1.13052e-07,0.0,89,0.183360879061,-8.56417907998,0.0,0.0,0.981937,0.0,0.000138110366037,0.0,0,0.0,0.00307177,0.163253432821,0.00307177,0.0,-0.518424412701,-0.00311783
0.0,0.0,20.1166,0.0,0.00308027712943,0.0,0.0,-0.0329542119449,0.00308027712943,0,19.5434,9.66999e-08,0.0,90,0.172781011261,-5.57601800276,0.0,0.0,0.98238,0.0,0.000131260675246,0.0,0,0.0,0.00308042,0.375495838937,0.00308037,0.0,-0.364773857461,-0.00314043
0.0,0.0,20.2223,0.0,0.00309624764186,0.0,0.0,-0.0103757668973,0.00309624764186,0,19.6164,1.01006e-07,0.0,91,0.247041375465,-5.07594949569,0.0,0.0,0.974655,0.0,0.000133138012984,0.0,0,0.0,0.00309624,0.446850838095,0.00309619,0.0,-0.36676121146,-0.003142
0.0,0.0,20.2833,0.0,0.00306587575568,0.0,0.0,-0.0982411175214,0.00306587575568,0,19.6905,1.20361e-07,0.0,92,0.172198193016,-6.91981507799,0.0,0.0,0.989868,0.0,0.000149964105751,0.0,0,0.0,0.00306586,0.154130036508,0.00306586,0.0,-0.371845993376,-0.00310642
0.0,0.0,20.3456,0.0,0.00307078283018,0.0,0.0,-0.0088743896081,0.00307078283018,0,19.7459,1.03522e-07,0.0,93,0.243474069664,-5.07370047012,0.0,0.0,0.980486,0.0,0.000134399913075,0.0,0,0.0,0.00307091,0.363720984042,0.00307085,0.0,-0.505336778657,-0.0030827
0.0,0.0,20.3517,0.0,0.0030018177739,0.0,0.0,-0.423388332799,0.0030018177739,0,19.7961,1.03823e-07,0.0,94,0.181823549781,-12.5006468722,0.0,0.0,0.796541,0.0,0.000124834275716,0.0,0,0.0,0.00300165,0.135951071929,0.00300165,0.0,-0.705228033152,-0.00301477
0.0,0.0,20.4079,0.0,0.00301957846133,0.0,0.0,0.364149801286,0.00301957846133,0,19.8534,1.06778e-07,0.0,95,0.114863112431,4.48393929274,0.0,0.0,0.55972,0.0,0.000145666270065,0.0,0,0.0,0.00301956,0.57397362858,0.00301956,0.0,0.19465928889,-0.00313747
0.0,0.0,20.3711,0.0,0.00306866740519,0.0,0.0,0.319055366222,0.00306866740519,0,19.9232,1.47379e-07,0.0,96,0.119669196844,3.54987591746,0.0,0.0,0.568747,0.0,0.000156195642824,0.0,0,0.0,0.00306887,0.510791710422,0.00306887,0.0,0.0517552033059,-0.00311059
0.0,0.0,20.4159,0.0,0.00301226029504,0.0,0.0,0.163007894258,0.00301226029504,0,19.9856,9.97142e-08,0.0,97,0.207422997237,0.616032111684,0.0,0.0,0.529644,0.0,0.000135219396376,0.0,0,0.0,0.00301226,0.666199392031,0.00301226,0.0,-0.118968358977,-0.00299407
0.0,0.0,20.3292,0.0,0.00295167008034,0.0,0.0,0.535011176675,0.00295167008034,0,20.0376,8.04578e-08,0.0,98,0.192288500719,8.03312021534,0.0,0.0,0.529273,0.0,0.000128792614675,0.0,0,0.0,0.00295158,0.879350921537,0.00295158,0.0,0.17787723132,-0.00291218
0.0,0.0,20.4003,0.0,0.00291639134485,0.0,0.0,-0.272778012686,0.00291639134485,0,20.105,1.26525e-07,0.0,99,0.152630713429,-8.31003196417,0.0,0.0,0.561521,0.0,0.00014996178979,0.0,0,0.0,0.00291647,-0.034759402613,0.00291647,0.0,-0.580949910484,-0.00298331
0.0,0.0,20.4855,0.0,0.00299705981945,0.0,0.0,-0.0578767478913,0.00299705981945,0,20.1734,1.69001e-07,0.0,100,0.22432315679,-6.15127866564,0.0,0.0,0.99974,0.0,0.000170499339999,0.0,0,0.0,0.00299704,0.348617507806,0.00299704,0.0,-0.425485819744,-0.0031827
0.0,0.0,20.5037,0.0,0.00311113586377,0.0,0.0,-0.0497935196866,0.00311113586377,0,20.223,1.44619e-07,0.0,101,0.224742077428,-5.98858322799,0.0,0.0,0.999978,0.0,0.000157679171041,0.0,0,0.0,0.0031112,0.33288926985,0.00311116,0.0,-0.431255268001,-0.00348813
0.0,0.0,20.3482,0.0,0.00320473224849,0.0,0.0,-0.131743937564,0.00320472643666,0,20.3162,1.53607e-07,0.0,102,0.227188790123,-6.00409501957,0.0,0.0,0.667336,0.0,0.000164071098723,0.0,0,0.0,0.00320478,0.314823912248,0.00320475,0.0,-0.536445835373,-0.00327374
0.0,0.0,20.4056,0.0,0.00328089486661,0.0,0.0,-0.02158710998,0.00328088381347,0,20.3824,1.49932e-07,0.0,103,0.223701298095,-5.42043478031,0.0,0.0,0.999881,0.0,0.00015779938812,0.0,0,0.0,0.00328086,0.311538798123,0.00328086,0.0,-0.393178453802,-0.00340235
0.0,0.0,20.4317,0.0,0.00337535058703,0.0,0.0,0.0100365625807,0.00337535058703,0,20.4393,1.53742e-07,0.0,104,0.181197844625,-4.80307442644,0.0,0.0,0.999997,0.0,0.000156611449838,0.0,0,0.0,0.00337532,0.376691878411,0.00337529,0.0,-0.258128426445,-0.00357707
0.0,0.0,20.4482,0.0,0.0034906786112,0.0,0.0,0.0583515172579,0.0034906786112,0,20.495,1.70404e-07,0.0,105,0.234726751598,-3.84286057507,0.0,0.0,1.0,0.0,0.000166970153498,0.0,0,0.0,0.00349073,0.445199996679,0.00349054,0.0,-0.314048399136,-0.00360417
0.0,0.0,20.4385,0.0,0.00352400023873,0.0,0.0,0.00776012375443,0.00352400023873,0,20.5582,1.79359e-07,0.0,106,0.163523404009,-4.84718863181,0.0,0.0,0.999998,0.0,0.000177355436706,0.0,0,0.0,0.00352443,0.351895019745,0.00352399,0.0,-0.249724580736,-0.0035884
0.0,0.0,20.432,0.0,0.00357845500034,0.0,0.0,0.00181093869098,0.00357845500034,0,20.626,1.80596e-07,0.0,107,0.210127778609,-4.96295751369,0.0,0.0,0.999996,0.0,0.000161618875587,0.0,0,0.0,0.00357864,0.411235241444,0.00357857,0.0,-0.328490339176,-0.00371141
0.0,0.0,20.3968,0.0,0.00367823718453,0.0,0.0,0.0659851638579,0.00367823718453,0,20.6839,2.04928e-07,0.0,108,0.220303823806,-3.54218214912,0.0,0.0,0.971309,0.0,0.000171266300865,0.0,0,0.0,0.00367843,0.341487110831,0.00367834,0.0,-0.296097111635,-0.00379524
0.0,0.0,20.3811,0.0,0.00369940166643,0.0,0.0,0.0168714967248,0.00369940166643,0,20.7397,1.62896e-07,0.0,109,0.26916249571,-4.66170088952,0.0,0.0,0.998983,0.0,0.000163376386131,0.0,0,0.0,0.00369958,0.460272495853,0.00369926,0.0,-0.403216605711,-0.00379106
0.0,0.0,20.3352,0.0,0.00370957399274,0.0,0.0,-0.00948563190519,0.00370957399274,0,20.7877,2.03309e-07,0.0,110,0.189988921169,-4.93602840122,0.0,0.0,0.950205,0.0,0.000169546016736,0.0,0,0.0,0.00371001,0.289712495776,0.00370973,0.0,-0.381052734284,-0.00377032
0.0,0.0,20.3412,0.0,0.00376757168106,0.0,0.0,0.0641834273044,0.00376757168106,0,20.8674,2.02641e-07,0.0,111,0.191739329996,-3.71321780663,0.0,0.0,0.997259,0.0,0.00016806568619,0.0,0,0.0,0.00376762,0.34200540325,0.00376751,0.0,-0.213149390818,-0.00381887
0.0,0.0,20.401,0.0,0.00375103303286,0.0,0.0,-0.229599168454,0.00375103303286,0,20.9278,1.99193e-07,0.0,112,0.137946321464,-8.44108543059,0.0,0.0,0.771891,0.0,0.00017014963172,0.0,0,0.0,0.00375116,0.045902000799,0.00375114,0.0,-0.498939317626,-0.00381802
0.0,0.0,20.4359,0.0,0.00371324680045,0.0,0.0,-0.0443105766263,0.00371324680045,0,20.9762,1.68992e-07,0.0,113,0.250263666063,-4.69992169979,0.0,0.0,0.76376,0.0,0.000152578175175,0.0,0,0.0,0.00371338,0.354199177383,0.00371319,0.0,-0.432339018237,-0.00375147
0.0,0.0,20.4522,0.0,0.0037033903922,0.0,0.0,4.26203727491e-05,0.0037033903922,0,21.0429,1.69281e-07,0.0,114,0.233023799461,-4.98018433322,0.0,0.0,0.998438,0.0,0.000160335979933,0.0,0,0.0,0.00370353,0.47005641915,0.00370328,0.0,-0.310128689765,-0.00375268
0.0,0.0,20.531,0.0,0.00371996039275,0.0,0.0,0.0422114432709,0.00371996039275,0,21.1094,1.50346e-07,0.0,115,0.219710673641,-4.15407466956,0.0,0.0,0.99903,0.0,0.000148245095364,0.0,0,0.0,0.00372062,0.336273463533,0.00372022,0.0,-0.301147611501,-0.00375891
0.0,0.0,20.5481,0.0,0.00368206871961,0.0,0.0,-0.00901300235127,0.00368206871961,0,21.1791,2.06814e-07,0.0,116,0.219012033544,-5.17147996218,0.0,0.0,0.999556,0.0,0.000163709276688,0.0,0,0.0,0.00368192,0.353321982684,0.00368192,0.0,-0.386825881534,-0.00373009
0.0,0.0,20.5957,0.0,0.00368286799291,0.0,0.0,0.0836140114502,0.00368286799291,0,21.2403,1.70883e-07,0.0,117,0.246113235518,-3.34714744637,0.0,0.0,0.999993,0.0,0.000156435924553,0.0,0,0.0,0.00368286,0.554691213353,0.00368285,0.0,-0.3102725684,-0.0037176
0.0,0.0,20.596,0.0,0.00361337022341,0.0,0.0,-0.0487366210599,0.00361337022341,0,21.2943,1.546e-07,0.0,118,0.265483759532,-5.96286003081,0.0,0.0,0.999983,0.0,0.000154530537792,0.0,0,0.0,0.0036132,0.41508155678,0.00361313,0.0,-0.477483731596,-0.00361805
0.0,0.0,20.5313,0.0,0.00361871584821,0.0,0.0,-0.0601798490636,0.00361871584821,0,21.3264,1.21617e-07,0.0,119,0.229815799038,-6.19547448116,0.0,0.0,0.999197,0.0,0.000143282006518,0.0,0,0.0,0.00361913,0.401221987858,0.00361899,0.0,-0.39170021891,-0.00367138
0.0,0.0,20.5381,0.0,0.00361872793821,0.0,0.0,-0.0414512418008,0.00361872793821,0,21.3728,9.57771e-08,0.0,120,0.221069864436,-5.80757505505,0.0,0.0,0.999971,0.0,0.000121240526986,0.0,0,0.0,0.00361886,0.446193769785,0.00361882,0.0,-0.387415471828,-0.00371131
0.0,0.0,20.5564,0.0,0.00365819609332,0.0,0.0,-0.0718428373504,0.00365819609332,0,21.3998,1.45721e-07,0.0,121,0.200280334363,-6.42222538637,0.0,0.0,0.999998,0.0,0.000154561273944,0.0,0,0.0,0.00365806,0.437861743851,0.00365806,0.0,-0.356048886937,-0.00369299
0.0,0.0,20.5555,0.0,0.00361197678336,0.0,0.0,-0.0516005010407,0.00361197678336,0,21.4463,1.68911e-07,0.0,122,0.254861206759,-6.02099085785,0.0,0.0,0.999999,0.0,0.000147693591962,0.0,0,0.0,0.00361205,0.416668692176,0.00361205,0.0,-0.378642452257,-0.00361586
0.0,0.0,20.5325,0.0,0.00357509717477,0.0,0.0,0.00357011863103,0.00357509717477,0,21.4777,9.89128e-08,0.0,123,0.248070035121,-4.9371130155,0.0,0.0,0.999889,0.0,0.000123127437576,0.0,0,0.0,0.00357501,0.408992922113,0.00357501,0.0,-0.352009410503,-0.0035959
0.0,0.0,20.5616,0.0,0.00356806523543,0.0,0.0,0.000446138647257,0.00356806523543,0,21.523,1.49811e-07,0.0,124,0.274873510414,-4.99177143606,0.0,0.0,0.999741,0.0,0.000149417449495,0.0,0,0.0,0.00356811,0.495004588718,0.00356807,0.0,-0.427125502048,-0.00359839
0.0,0.0,20.6017,0.0,0.00354739661622,0.0,0.0,-0.0162031553319,0.00354739661622,0,21.5494,1.11614e-07,0.0,125,0.24818039799,-5.32055449957,0.0,0.0,0.999559,0.0,0.000131977505914,0.0,0,0.0,0.00354745,0.371469841535,0.00354745,0.0,-0.315312817653,-0.00358252
0.0,0.0,20.6172,0.0,0.00348616602226,0.0,0.0,-0.00107239505575,0.00348616602226,0,21.5812,1.12789e-07,0.0,126,0.203905588869,-5.01420341115,0.0,0.0,0.999434,0.0,0.000134435164611,0.0,0,0.0,0.00348605,0.377955671673,0.00348605,0.0,-0.356075365026,-0.00346295
0.0,0.0,20.6683,0.0,0.00343388677544,0.0,0.0,-0.0332088779059,0.00343388677544,0,21.6325,7.54826e-08,0.0,127,0.231452563458,-5.65227697534,0.0,0.0,0.999685,0.0,0.00011812910615,0.0,0,0.0,0.00343396,0.397931580624,0.00343396,0.0,-0.416719147335,-0.0034295
0.0,0.0,20.7455,0.0,0.00340206719345,0.0,0.0,0.0471072055819,0.00340206719345,0,21.6833,1.50998e-07,0.0,128,0.220463891107,-4.04044839202,0.0,0.0,0.998758,0.0,0.000150819037512,0.0,0,0.0,0.00340218,0.415316818449,0.00340206,0.0,-0.379417210561,-0.00340521
0.0,0.0,20.7302,0.0,0.0033225262052,0.0,0.0,0.188722728758,0.00332247025349,0,21.7248,1.43979e-07,0.0,129,0.168863071812,-1.20937073396,0.0,0.0,0.998428,0.0,0.000137380474064,0.0,0,0.0,0.00332264,0.457911289496,0.00332241,0.0,-0.0819354420137,-0.00332968
0.0,0.0,20.7626,0.0,0.00328589706338,0.0,0.0,0.182846784321,0.00328497030515,0,21.7595,1.23217e-07,0.0,130,0.230705811891,-1.33055642703,0.0,0.0,0.998393,0.0,0.000125094521157,0.0,0,0.0,0.00328611,0.518181296153,0.00328521,0.0,-0.268999562839,-0.00334668
0.0,0.0,20.7469,0.0,0.00329664171603,0.0,0.0,0.132457867897,0.00329664171603,0,21.8189,1.03619e-07,0.0,131,0.216775178378,-2.32972498311,0.0,0.0,0.998919,0.0,0.000126099804013,0.0,0,0.0,0.00329661,0.477248213886,0.00329653,0.0,-0.301192656181,-0.00332367
0.0,0.0,20.771,0.0,0.00333693436913,0.0,0.0,0.124020088296,0.00333692710914,0,21.8617,1.96e-07,0.0,132,0.246037188764,-2.51310158501,0.0,0.0,0.998925,0.0,0.000152632229028,0.0,0,0.0,0.00333691,0.507434435417,0.00333684,0.0,-0.287840265297,-0.00336658
