MaxEsReturn,StdForwardProgress,AverageAbsY,QFunRegParamNorm,MaxForwardProgress,StdReturn,AveragePolicySurr,AverageReturn,AverageEsReturn,PolicyRegParamNorm,AverageForwardProgress,MinReturn,AverageAbsQYDiff,MinForwardProgress,Epoch,MinEsReturn,MaxReturn,AverageDiscountedReturn,AverageAbsQ,StdEsReturn,AverageAction,AverageY,AverageQ,AverageQLoss
5.80954468243,0.109228454729,0.0299785520159,18.5896,0.135653672454,10.7563049998,-0.105355,-81.4970118053,-6.01621737891,18.6827,-0.173446100061,-99.393263506,0.016791748257,-0.353018444747,10,-94.8853692311,-51.5575556136,-35.6639413515,0.041922,21.6438007961,0.861802,0.0248048489522,0.0321089,0.00450142
-44.009485438,0.102745321179,0.0493971775897,19.0038,0.41657555785,10.8497848178,-0.0644867,-54.7350851763,-71.1714963853,18.7843,0.130168104008,-74.8683239087,0.00457617032638,-0.0658966754586,11,-83.7803114241,-27.0360026207,-17.8534689797,0.0493382,15.9084339521,0.906543,0.0367556874905,0.0368985,0.000106616
-51.8917908577,0.100047955975,0.0498758078655,19.3081,0.239519483239,10.0858822429,-0.0336552,-62.7684146106,-68.9446237276,18.9497,0.0488891649727,-80.0872528888,0.00440452069209,-0.122720115349,12,-75.818221158,-43.2280491566,-21.3269413464,0.0496502,9.92321862259,0.905517,0.0238863192391,0.0239383,9.18718e-05
-58.6144913581,0.216657150849,0.0690814042215,19.6778,0.327279749424,21.884753477,-0.0340317,-81.6510293077,-100.572506891,19.0652,-0.0833960418382,-114.653945012,0.00499024993058,-0.414767180087,13,-189.866317004,-40.0925112107,-36.6177557442,0.0687869,52.0930098647,0.977822,0.0184364324176,0.0184593,0.000127941
-58.7288089328,0.0334214527973,0.0721560615394,20.0491,0.170338843378,3.34805889015,0.00460451,-63.5878846529,-62.9328470139,19.2763,0.110453771502,-71.2885138126,0.004912774949,0.0342311421782,14,-65.3085153985,-57.6648295834,-19.5514291048,0.0718849,2.50551576863,0.9945,-0.00018310567785,-0.000158249,0.0001274
-58.251712903,0.220645708921,0.068777909583,20.484,0.323194352794,20.3304472711,0.0334091,-58.7589707439,-65.7638751553,19.3707,0.0432697009728,-108.569870073,0.00533408517768,-0.495623723979,15,-72.2511793091,-32.369845904,-20.9939850221,0.0684228,5.47328178161,0.850572,-0.0277035879515,-0.0277054,0.000143844
44.8450334777,0.393696428728,0.0774098332072,20.9271,1.15340705344,39.0590471147,0.0691202,-16.6094360938,-2.82920175303,19.686,0.509990650625,-106.505030931,0.00688366162314,-0.375722800071,16,-40.3230155615,47.524021677,-9.41410803365,0.076987,31.05955535,0.948093,-0.0594499240306,-0.0594349,0.000222345
-10.6577847814,0.0567772750979,0.116254935799,21.3716,0.353797445802,5.62585433195,0.109601,-48.2839945424,-33.5350618509,19.705,0.251824342312,-61.6241914353,0.00817449768316,0.117670429392,17,-56.1361457879,-38.1007549245,-11.2109721278,0.11579,16.5472181507,0.981635,-0.0937243408555,-0.0937039,0.000304921
-19.790510173,0.169891896279,0.140237285452,21.821,0.306714378925,16.5811308853,0.121499,-67.0170550156,-43.2688617968,19.8106,0.0482714938801,-110.934894287,0.00886591071555,-0.383233366779,18,-59.5857210822,-39.3913845669,-21.0169035203,0.139784,14.5216753122,0.966526,-0.111587567014,-0.111589,0.000366006
-66.8585426519,0.0998301295009,0.168234925664,22.2687,0.281996929644,10.1376738988,0.151304,-60.9700642287,-77.0250818733,19.8868,0.0885584223025,-78.829793427,0.00956061318808,-0.0902699797852,19,-87.9791462714,-41.1952427857,-23.0755379513,0.167719,7.88015442612,0.927012,-0.137290586721,-0.13729,0.000427823
-28.7296952213,0.139608595254,0.186000170353,22.7359,0.378904027841,12.9331664428,0.153115,-50.9701212856,-60.749561831,19.9755,0.192048701911,-104.812931514,0.01020202084,-0.357329477643,20,-80.1681660655,-33.7479108286,-11.3240223047,0.185466,19.3163563428,0.940745,-0.152116137034,-0.152132,0.000469906
-40.4234779106,0.134886872167,0.207086055046,23.2002,0.489970708349,13.6400281289,0.172545,-60.2530236252,-74.5274249934,20.1143,0.049631135049,-99.1279506349,0.0116908107349,-0.358261828541,21,-89.2484034484,-13.7427503254,-17.6611730356,0.206377,19.816872617,0.88758,-0.168444199939,-0.16846,0.000604454
-9.96351452727,0.103365217437,0.23712282366,23.7024,0.294147636894,10.3729614023,0.193339,-62.7457990291,-66.9783294675,20.3529,0.0839769412829,-87.587933833,0.0138122959218,-0.1729036408,22,-105.174976895,-41.4950893856,-18.4825916127,0.236212,35.2683388782,0.959682,-0.19042018957,-0.190463,0.000859327
-51.6854140514,0.0869666562683,0.259210022439,24.1841,0.242342269479,9.18319588976,0.212677,-58.592397462,-61.8656238523,20.5107,0.102567588908,-83.8844744326,0.01393355807,-0.139717203684,23,-77.9345864778,-44.591942153,-17.4144928547,0.258222,9.8881643289,0.93652,-0.209098697248,-0.209124,0.000864075
-56.6332292862,0.0873144870918,0.278249104649,24.6632,0.408437598889,8.81895700942,0.223912,-53.1223080238,-65.2992835219,20.6121,0.178453857516,-73.6958560194,0.0152358515458,-0.0270741872052,24,-72.0018399007,-30.0241514404,-11.8734166953,0.277226,5.90376481423,0.968177,-0.226072076226,-0.226083,0.00104383
-21.4443830867,0.0960823248754,0.291925768838,25.0737,0.595161229075,9.51594752088,0.220974,-25.1569271296,-36.5195587234,20.6932,0.483869940696,-57.2786622078,0.0155158799292,0.157660606776,25,-71.9488816536,-13.9775644597,-3.76467695474,0.290784,20.6135114562,0.982965,-0.23328173445,-0.233236,0.0010832
-29.4714638174,0.124507219368,0.291531959922,25.5371,0.275489649074,11.3789509112,0.204237,-63.9615044951,-52.2201370796,20.8712,0.0672637347132,-89.5510391282,0.0165842371519,-0.204926885593,26,-64.0907524841,-44.8762938413,-17.9644854097,0.290478,13.7365028156,0.948185,-0.228263728021,-0.228262,0.0011654
-53.0064407179,0.0639814728085,0.288763521453,25.9585,0.323138694152,6.41752384785,0.192536,-56.6517974197,-66.8739632095,20.9147,0.167316420014,-72.1671144,0.0170137414585,0.0114682405638,27,-90.2598247904,-40.8560764608,-13.8535442853,0.287526,14.262087236,0.98423,-0.220855095206,-0.220784,0.0012473
-29.8765089018,0.0942055304526,0.283172770181,26.3581,0.243845645624,9.49650055277,0.175728,-68.1119716767,-48.9753659135,20.9212,0.0568378160837,-85.628510283,0.0176352040136,-0.117708145954,28,-73.6891992834,-49.3383906498,-22.1496355327,0.281925,18.899865356,0.98797,-0.209139667281,-0.209101,0.00137103
-27.6368427417,0.0666711062637,0.283791600768,26.7853,0.329261897903,6.69194815134,0.176871,-58.9199591128,-61.387405238,21.0154,0.148648738785,-71.0722682176,0.0191405565516,0.0273196231802,29,-82.5153141198,-40.8376278559,-16.1289805199,0.28233,20.4354256499,0.988252,-0.200510910608,-0.200423,0.0017162
-39.5491043618,0.0642946044274,0.291379298344,27.1835,0.331711849575,6.41417984258,0.179407,-58.7570120655,-59.5491372345,21.1619,0.147376369824,-69.9639563085,0.0190809137009,0.0376062499008,30,-74.2228985821,-40.1423083898,-15.2282739816,0.289848,12.7068297212,0.985344,-0.200370353152,-0.200338,0.00173395
-50.3656025901,0.0591858704768,0.292521170172,27.6025,0.211756303056,5.92871225152,0.170082,-70.3883409659,-63.2253702226,21.3593,0.0374483462756,-81.9432618295,0.0201324250486,-0.0780457588336,31,-78.832873479,-52.8160389673,-23.5677762806,0.290933,10.9780370312,0.991297,-0.193541762907,-0.193403,0.00199902
-24.5923119867,0.0447872927735,0.303539175087,27.9841,0.603843170332,4.49050739249,0.17877,-22.4737627616,-40.8904946749,21.338,0.501150856675,-36.7298000746,0.020343280246,0.356319600997,32,-71.1959020837,-12.2587975632,3.66485556217,0.301837,18.1426485589,0.971671,-0.197257870446,-0.197252,0.00200241
-19.8194208705,0.0510624404045,0.31794153178,28.3387,0.630617838359,5.12509811243,0.180215,-23.4261080805,-32.1236751227,21.4386,0.486991005244,-38.366942763,0.0204903374732,0.337845049472,33,-47.4902253309,-8.91261952132,2.30930168696,0.316457,9.96333917384,0.966451,-0.199008848583,-0.198983,0.00210116
-1.9582093081,0.108191075403,0.329012013701,28.7238,0.66906137857,11.0479373935,0.169239,-22.1892981045,-22.2243187267,21.461,0.463494385796,-47.5060950458,0.0216445780448,0.216179416388,34,-55.9477145228,-1.43608426883,-0.455123244842,0.327161,21.0297305558,0.916583,-0.193689832084,-0.193677,0.00236362
-16.318321844,0.0605745050564,0.344091341126,29.1251,0.577281640494,5.95209226878,0.169405,-27.1073893009,-22.8524741172,21.61,0.449086284011,-38.1964283744,0.0227251433875,0.335742060417,35,-28.9721873623,-14.2217794454,1.84736189062,0.342263,4.61434555652,0.965131,-0.183992059829,-0.184001,0.00250335
-11.8584925124,0.278208438676,0.365452286925,29.4911,1.47919128235,26.725580988,0.157967,10.8892075112,-20.9378121303,21.7904,0.752969398686,-36.6694360816,0.0227234273963,0.240359022597,36,-28.4139607751,81.0178031013,4.62417326611,0.363606,6.7421222941,0.872955,-0.180547210533,-0.180539,0.0025261
112.701737582,0.100306919996,0.376249824951,29.9365,1.79461106974,10.0537128328,0.129377,88.1745506175,85.9993006003,21.9613,1.57114025505,73.4012276343,0.0253197642142,1.42226676388,37,70.7399225193,111.730066806,30.1828450251,0.374206,16.0472875366,0.932284,-0.161124401049,-0.161076,0.00323264
82.1906733519,0.219087987963,0.388634365136,30.2621,1.41165214913,22.0719569286,0.115139,33.6693213064,64.245534174,22.0553,1.01757462909,-4.25624182446,0.0278042172401,0.65196780612,38,30.9798056256,72.65185027,16.5731068278,0.386073,20.6335159479,0.926379,-0.145858667146,-0.14586,0.0038071
71.6425300166,0.194135000997,0.398325399491,30.6063,1.56511013126,19.4049757838,0.101213,28.3877613691,43.0013939355,22.2464,0.964692443347,0.587443133078,0.0286376433472,0.678836391773,39,23.8739238801,87.8536087898,7.25181286731,0.396302,19.5835989788,0.923883,-0.129192277412,-0.129174,0.00394764
79.0586439482,0.147130953586,0.409618971526,30.9174,0.853847509405,14.6556428842,0.0985986,-9.65353918379,24.8648698766,22.4571,0.611533590185,-52.1871129794,0.0294311618533,0.182475134918,40,-10.2345176842,14.8384546286,10.4163056107,0.407533,33.0085326081,0.962864,-0.126365948737,-0.126332,0.00403913
35.9735827444,0.242329528128,0.437961767618,31.2613,1.22646368289,24.1231640822,0.0971162,4.6439774386,9.93369729146,22.5786,0.759928583703,-57.806152237,0.0316722425139,0.136925868371,41,-0.120333992309,51.1683279618,18.100744748,0.435518,15.0702365073,0.967665,-0.117871488421,-0.117912,0.00478595
32.8966234261,0.476197138312,0.454684818268,31.6529,2.39412235154,47.1176238942,0.100551,46.4301255801,-23.0635332797,22.6791,1.14027489678,-42.0648348913,0.0325825654627,0.237193941738,42,-63.1339467508,168.748471363,17.2412230754,0.452281,35.4565254966,0.937927,-0.11938778477,-0.119363,0.00499263
36.2293497268,0.463860717565,0.458884757713,32.0311,1.76578228212,45.2708510109,0.103344,21.3529311843,-27.7799200539,22.752,0.89519383626,-96.5273158789,0.0327875416876,-0.307530382085,43,-77.3137983248,107.915472219,8.79874828319,0.456705,40.8071774037,0.93927,-0.121864957614,-0.12193,0.00490351
220.246064355,0.242916092985,0.470028209287,32.3245,1.6126875783,24.4206113035,0.0897245,57.648742299,55.1717605896,22.8523,1.28034018571,-16.7723375161,0.0356837644418,0.534602936108,44,-53.1520264713,90.6999613833,34.0214539628,0.467286,101.213360468,0.957409,-0.110680758204,-0.110636,0.00575594
108.341391938,0.318625874638,0.485016439317,32.6945,2.31133033922,31.5058032988,0.0548341,94.9269029575,48.5870632486,22.9845,1.65043278568,17.3159214764,0.036366096661,0.867093101106,45,-41.8765874178,162.221355424,42.8960996752,0.482767,59.3087592994,0.95428,-0.0817500649711,-0.0818653,0.00582729
77.5734987539,0.23048913423,0.507470823577,33.0484,2.20019571987,23.6569020758,0.032855,101.168546852,43.5857977147,23.0752,1.72189997403,35.6780978026,0.0437325597039,1.08242685627,46,19.6807979696,149.374468279,42.5447425129,0.504301,22.7063196924,0.960212,-0.065459120457,-0.0653741,0.00902242
126.914618705,0.387065123038,0.529262549268,33.3674,2.65295750022,39.0145268118,0.00817222,85.2216202597,86.3875834326,23.1725,1.56013579366,19.8372747097,0.042732331327,0.917134924006,47,36.5686558747,195.064680969,39.5640042534,0.526381,32.3455375619,0.956386,-0.0416997132932,-0.0415883,0.00880387
136.575518719,0.159750517289,0.539465316496,33.7347,1.19950463198,15.7227774939,-0.032117,11.8272947566,73.2136595165,23.1828,0.835949465066,-18.7832502688,0.0416016112002,0.527975759055,48,0.518537475111,47.5228308466,24.7130798211,0.5363,49.2642921858,0.974126,-0.0083113598208,-0.00840149,0.00807777
56.5864191623,0.164521756062,0.549463125076,34.0461,1.32747785628,16.645824689,-0.057283,9.13134369811,25.297180482,23.2321,0.812195684,-22.2012499929,0.0439959624973,0.500712168095,49,0.394316005734,61.5161598782,18.3176142703,0.546052,22.1127515773,0.977533,0.0160971832425,0.0160209,0.00875674
38.4228806296,0.564332391382,0.566231828564,34.3145,3.05668784568,56.5446918676,-0.0821263,39.5853230546,-15.2002425902,23.3168,1.11471082241,-14.2825076129,0.0443595300846,0.576928483674,50,-58.5921825536,233.91386233,30.8468713194,0.562995,37.3664963369,0.977468,0.0430396856882,0.0430072,0.00918515
154.095375318,0.642108424193,0.594673013383,34.598,2.8330324672,64.2264220952,-0.103592,64.9909564745,34.6969582791,23.4381,1.3760503311,-31.2181188356,0.0453735380891,0.416596289073,51,-54.5833225306,211.83094692,37.0738490294,0.590798,82.9726446372,0.987379,0.0671986992294,0.0672803,0.00981601
139.612174491,1.22603469534,0.61911860347,34.9208,4.78191377588,123.976937643,-0.145013,168.91084353,76.8447484347,23.538,2.39242930388,-50.6949826302,0.0469126189102,0.219298678475,52,37.2574228701,412.688611387,62.6090908606,0.614605,42.1696540127,0.967238,0.106830307396,0.106763,0.0102872
163.382732737,0.466100488389,0.646317359053,35.2351,2.12852379973,48.3440798868,-0.161137,20.78331643,89.7079316639,23.6463,0.915190241566,-29.713910713,0.0479552863464,0.418501635988,53,-6.02920879584,148.672237542,17.6497067295,0.641766,62.4938875861,0.964745,0.130329008475,0.130436,0.0109581
181.416030113,0.953616846022,0.687772324964,35.5422,2.79366565273,96.0325609462,-0.207997,-23.0618228784,89.7466933274,23.7936,0.45864880128,-200.498948805,0.04949406098,-1.33711751134,54,37.9596975943,214.393929727,-12.4237303828,0.682886,54.9893360284,0.945907,0.177795767289,0.177812,0.0116829
64.9264200517,1.08611911998,0.724097926941,35.8359,2.086443581,109.907320731,-0.241085,-23.8417174116,3.47827382991,23.9352,0.451739798695,-226.189859047,0.0499486989945,-1.59055250293,55,-28.7102294407,140.976504839,-30.2804126202,0.718925,36.2511074697,0.965244,0.2142508897,0.214255,0.0122697
410.597111538,0.356912454407,0.766595181696,36.2109,2.50240340663,36.8921962318,-0.281658,15.4847188317,88.3634414594,23.9924,0.8514254305,-13.5615533487,0.0569008427899,0.563360661695,56,-190.455614583,185.873154823,7.72291630846,0.760296,225.626256704,0.951357,0.255147290905,0.255049,0.0156298
334.028718012,0.591183447373,0.810555532622,36.5408,2.41741933855,60.5734142446,-0.326896,59.1018128923,177.659593836,24.1083,1.26921451663,-184.792834211,0.0582191587457,-1.1009633283,57,60.4463658721,172.932273647,10.8760817994,0.804349,99.1604379797,0.940331,0.295716829978,0.295865,0.0164956
113.801180808,0.237695490993,0.838398660648,36.8475,1.39358412728,24.2325861406,-0.362386,20.8683193343,13.2954788674,24.1998,0.877070406897,-29.1665739795,0.058160333575,0.407366978716,58,-35.2093491573,72.8775339927,6.75118875307,0.832525,60.1485453383,0.940144,0.333849315653,0.333916,0.0159245
240.086663527,1.05390797585,0.851912701893,37.1342,4.55215853381,106.953012487,-0.386719,201.061188439,108.220781601,24.3088,2.64056811412,-1.66472380233,0.0603752010968,0.621439231464,59,3.15762979329,392.155631912,52.0574405519,0.845401,102.128772618,0.960359,0.353091042935,0.353026,0.016685
255.618208146,0.918869913635,0.898336336488,37.4993,4.36272834479,92.4959218141,-0.437369,200.912121944,113.808241271,24.4127,2.66093146079,16.5936790754,0.0650658389249,0.847269149251,60,-42.2411151084,373.568231327,49.8605034396,0.891261,113.025116587,0.967286,0.401337303428,0.401412,0.019507
267.961967518,0.874221892403,0.935677883302,37.8333,4.18485284345,87.9390777555,-0.491938,142.696131371,184.211316033,24.5522,2.06797886962,-28.752493112,0.0669542349582,0.355674419412,61,51.7722666304,358.339162544,28.5813431551,0.928926,89.4239828043,0.956178,0.454820163356,0.454863,0.0199497
190.077832966,0.777609742885,0.976948871103,38.1169,3.04851503578,79.9673161015,-0.539281,46.7743120712,123.348879228,24.6732,1.16615291922,-182.707838754,0.0682940523752,-1.09815795971,62,79.5737212266,241.538116184,0.248380111288,0.969599,46.0414178445,0.969062,0.496904010902,0.496716,0.0209953
176.343897481,0.329955420586,1.01711235033,38.3999,2.64404675456,33.8723060649,-0.582694,133.061680113,113.875296812,24.7978,2.03427141064,65.2941918026,0.0713512694809,1.32362788501,63,54.0781710499,199.872491643,47.0699590752,1.0101,53.4396483747,0.970929,0.543495098579,0.543248,0.0230726
242.272756797,0.553974874955,1.05016189507,38.7468,3.11807586838,56.3385678293,-0.621701,123.410640823,124.911360975,24.8825,1.90940621852,19.5928098495,0.0714363289468,0.902544594806,64,51.1320799395,246.85735876,26.0849005762,1.04295,73.477893895,0.960427,0.583784650612,0.583885,0.0225739
156.559231953,0.257422419531,1.08092251297,39.0497,2.23993052478,26.1078950665,-0.672973,101.564939032,114.585654841,24.9703,1.71715343084,20.2564216911,0.0748066448103,0.926855095236,65,57.0748584027,153.256232391,38.362963837,1.0729,36.0770195429,0.970744,0.634627754602,0.634529,0.0249805
183.721327827,0.49067298664,1.11067646782,39.3362,3.22192587254,50.3922750766,-0.707607,82.7763379582,119.255205702,25.007,1.51798152746,10.2857695818,0.0770723435505,0.739114157561,66,9.8044987533,254.745117659,35.0469768149,1.10261,66.5718609669,0.971905,0.674513971101,0.674454,0.0250381
159.877381901,0.342800473676,1.14152137441,39.6365,2.23051712283,34.6022265696,-0.741669,36.9892583702,87.5695978695,25.1277,1.09675747438,1.23230458315,0.0767180002819,0.735673111647,67,40.2823259225,152.524454817,29.744058565,1.13345,44.1258028046,0.985067,0.708662935244,0.708324,0.0252309
190.016594971,0.135165621202,1.16696914124,39.9664,1.49655946089,13.581706981,-0.774612,50.2800391351,84.3135912305,25.2067,1.23535331251,11.5225946854,0.078459993245,0.850159978187,68,8.24676448688,76.5518718232,35.1781594514,1.15883,65.9884911025,0.985721,0.74092987055,0.740798,0.0269216
94.3717709214,0.19690905178,1.18121308649,40.2433,1.59876423641,19.681067943,-0.796647,67.1968942115,82.8565888269,25.3027,1.39901061333,5.78557710678,0.0803994590992,0.792648607035,69,64.2505282229,87.399573086,35.2565107877,1.17262,12.0338655463,0.97858,0.76319326577,0.762956,0.0275346
94.1795062389,0.547461076083,1.19468471464,40.4806,3.55776949452,54.9124525681,-0.82571,83.4403069802,68.9492519681,25.345,1.54723009463,-38.6101317242,0.0803412349296,0.317467289956,70,-5.15040874315,286.80627458,38.1139179986,1.1863,42.7862430336,0.966791,0.780239233479,0.779823,0.0270223
208.240221042,0.319721707226,1.22072272779,40.7743,3.33617733537,32.3030825081,-0.868,112.057114885,115.498688059,25.4218,1.8431051876,77.9526767094,0.0812234815377,1.50942922995,71,75.028747711,262.129289459,47.3062391609,1.21252,54.5623611549,0.975878,0.830273049492,0.830136,0.0270997
297.853778248,0.592989364971,1.24472758413,41.0315,3.58202753972,59.8550299347,-0.93042,176.703207111,187.215271446,25.4701,2.48628848499,35.8872354045,0.0818206915206,1.10848443384,72,88.2965270956,287.881155563,52.8865550045,1.23591,98.2185190679,0.977856,0.883433105191,0.883247,0.0277781
264.382769402,0.810647527865,1.2896612852,41.29,4.07988811308,80.6861769181,-1.00203,191.953252759,182.882317175,25.5476,2.63945569733,-42.4170259617,0.0836852447827,0.318607518691,73,126.181814055,333.662321876,63.268124837,1.28142,52.6997072053,0.971958,0.952131061652,0.951549,0.0292606
232.359959154,0.283644818938,1.34233161042,41.5615,2.24940663713,28.640863643,-1.07253,101.262565931,148.726275794,25.5839,1.73453981383,63.4818901655,0.0860815405079,1.36225594981,74,92.6128114932,153.895712566,40.0764044987,1.33443,52.4036558142,0.970684,1.02879770256,1.02862,0.0303477
89.1439707965,0.358126637976,1.36804756161,41.8691,3.1827086741,35.6745991438,-1.12922,187.36075423,74.1251784922,25.7059,2.58783591638,91.2964004572,0.0876123073785,1.63747127711,75,43.3601350877,246.860410517,60.8728245083,1.35919,18.5942952278,0.969347,1.08087690012,1.08079,0.0322187
161.610121007,0.508032408738,1.40501299179,42.1335,3.35368684363,51.0148815392,-1.19332,174.730569473,146.430066545,25.7658,2.46432638097,-13.4367895218,0.0894615008379,0.621877560505,76,125.44610068,262.86913842,56.3989595999,1.39737,14.2543535571,0.970157,1.14144907618,1.14113,0.0324568
211.707462584,0.569486412002,1.45951159426,42.4008,4.11438631716,56.7728595841,-1.27649,189.999336115,196.704821315,25.9053,2.59760820714,51.9248674263,0.0896509921887,1.20954595763,77,179.730220358,340.678715822,59.6326656679,1.45317,12.2804096299,0.967644,1.22257350095,1.22237,0.0321877
227.042090612,0.827800714559,1.51752731431,42.7293,4.15692235686,83.1015569648,-1.37015,210.166688607,175.818909093,25.9966,2.78038819632,47.8189892679,0.0934872554004,1.16698070827,78,104.484827109,344.600180158,58.6234736543,1.51159,51.6816570051,0.968894,1.30337768869,1.30308,0.0340148
221.088952682,0.513320443554,1.59149563485,43.0273,3.50352031564,52.5743626415,-1.46327,156.08688915,122.765655672,26.1236,2.24171863818,57.1780432836,0.095496762637,1.24788465874,79,25.482041895,286.43284147,51.2750500812,1.58593,70.9366476191,0.958462,1.39791171195,1.39775,0.0351827
184.181761076,0.534410102095,1.65407736202,43.3364,3.40038463693,53.7894585498,-1.5273,130.643742652,90.8567327447,26.2292,1.98190912865,43.8598627547,0.0962498585157,1.13322567828,80,-82.9897305562,275.259351609,22.1728247848,1.64828,104.162145703,0.963496,1.46789941722,1.46758,0.0351086
292.925628059,0.536269263867,1.71113099558,43.631,3.11332828905,54.8118931162,-1.59872,79.0843368092,211.815355937,26.3182,1.46009864112,-35.0603196792,0.0999315509992,0.351340586098,81,142.767612545,246.096064972,6.37356341987,1.70421,55.2079970552,0.96095,1.5378121789,1.53726,0.0386789
202.802646504,1.01668511113,1.78146023887,43.8384,4.49698669095,102.715326178,-1.67801,167.843481693,170.927009105,26.466,2.33868374402,-94.4673953114,0.102588978707,-0.233134067472,82,93.9112196224,383.922167945,32.4881502638,1.7745,44.6903661505,0.969873,1.61894136337,1.61865,0.0402945
303.853186248,0.947128098756,1.85139447661,44.1074,3.83176471788,96.3995609958,-1.76545,6.84604015285,145.699361866,26.5758,0.75854170925,-178.65496277,0.100634921891,-1.05253717707,83,55.8758554948,321.119950137,-3.53843605301,1.84535,97.1729791386,0.970684,1.70057825038,1.7006,0.0384844
68.9643298058,0.593009794208,1.92200707419,44.355,2.73885977769,60.5616778419,-1.84054,60.5617923297,47.5044990658,26.6488,1.28652972189,-23.0632439157,0.103612817907,0.459922307676,84,26.8018176037,205.975454825,7.33508239823,1.91571,18.7162293302,0.972254,1.78184173019,1.78134,0.042103
177.597663932,0.875510226793,1.9988046124,44.6439,2.49359896922,89.3141818267,-1.93316,43.5907597151,125.305067023,26.6936,1.12235980881,-273.519833974,0.106689070028,-1.97210425993,85,22.2403790709,185.244319131,-1.99149748144,1.99247,61.3641693935,0.969544,1.86268189013,1.86252,0.0444835
192.314459267,0.851822958191,2.06131230123,44.9218,3.25118465307,86.7239679569,-2.00503,108.744088198,83.3415814548,26.7963,1.75960794705,-148.327455057,0.106333918226,-0.729033246762,86,-10.3785335334,256.466498309,16.6191684281,2.05574,77.2755452019,0.967305,1.93119969748,1.93106,0.044019
257.415831325,0.897059274914,2.14759452945,45.1922,4.06846807396,88.499913389,-2.09926,157.221503755,192.52754054,26.876,2.20352388561,-11.3547663029,0.110626474835,0.504863123782,87,150.100192156,340.989899213,43.801747155,2.14169,39.6219941953,0.964098,2.02596565752,2.02557,0.0466266
282.055569023,0.898708934354,2.24645230833,45.424,3.89055058775,89.5884005691,-2.21162,168.62346151,222.242390088,26.8868,2.32278203362,-52.3379652343,0.11202673744,0.145551000963,88,149.979036529,323.021611666,42.9630349134,2.24056,49.4453442596,0.964408,2.13360499014,2.13339,0.0473552
233.049180989,0.91363139066,2.32416992623,45.6622,3.3269154954,90.4513858727,-2.29003,119.713616353,186.621336369,26.9284,1.82967569436,-103.867360194,0.109557476179,-0.427005991766,89,110.378734671,267.883749619,43.5779433757,2.31809,48.9024660263,0.966767,2.21935502658,2.21889,0.0450091
176.456616644,0.45575220972,2.37635998152,45.9064,2.47659453626,44.3621625065,-2.33717,86.8924277732,134.762624457,26.9714,1.52118630366,-5.19689052649,0.112825354006,0.539779023165,90,58.9668305922,180.098329751,38.4964637412,2.37064,46.4863368549,0.967662,2.2738194553,2.27322,0.0483798
58.070986236,0.329143766086,2.43775732456,46.1361,2.07099713917,33.6360846824,-2.40296,81.1315634516,-22.2537535969,27.0383,1.47585070922,9.89452670834,0.115112957523,0.791104215779,91,-184.732321488,139.738024425,29.708722205,2.43156,96.2346538285,0.972564,2.33767957125,2.33763,0.0507285
118.649299446,0.499147696882,2.49275592745,46.376,2.27614217413,50.2210023398,-2.4518,48.4178497383,72.6392093071,27.1067,1.16138037865,-79.873245625,0.117022457485,-0.192764705505,92,12.6404692977,158.131209532,28.6936820626,2.48662,46.4542271124,0.977976,2.40118731305,2.40099,0.0524385
200.783575444,0.804809826056,2.5223660686,46.6245,3.8898345364,80.6545526883,-2.47456,174.384062498,97.6671496422,27.1774,2.42020511013,16.8018792615,0.115419590453,0.855280233985,93,52.1687959961,324.479136591,56.1162130856,2.51701,59.9308493366,0.980895,2.43193254247,2.43169,0.0499714
208.951925815,0.996253753211,2.55691031783,46.8983,4.15850144686,101.485024026,-2.50049,59.0560298049,59.0490980733,27.2229,1.30296048072,-134.783760414,0.117158544967,-0.600906013447,94,-30.3120985569,347.369140962,32.5680989787,2.54999,95.3481520456,0.981863,2.46574314208,2.46562,0.0511337
199.02178948,1.16380643014,2.59126909148,47.1458,5.07115074871,119.613481284,-2.54337,147.449289274,55.3454858252,27.2858,2.15362537034,-131.194433463,0.119449464402,-0.568694120385,95,-198.361647076,446.614925338,53.8286561462,2.58447,154.225226394,0.981007,2.49411141222,2.49387,0.0534524
105.057270121,2.22149983804,2.63713141769,47.3245,5.79634033362,225.91207568,-2.5948,170.513889484,-32.6174854275,27.3445,2.39905909391,-169.010180943,0.122462223566,-0.93628295942,96,-178.490696397,513.186209101,40.7673849256,2.63022,128.04625767,0.977164,2.53276796352,2.53257,0.0568194
334.218710305,0.948084605521,2.68187085328,47.5528,5.93010266793,95.0859471467,-2.65306,363.878408273,282.712696576,27.4591,4.31460776118,175.276266402,0.120402832426,2.42895369798,97,154.664815685,527.080064093,90.5848556787,2.67527,74.5685433898,0.964695,2.58575370892,2.58571,0.0546096
280.03768092,1.16089725163,2.76518722792,47.7936,5.26828793824,116.713326312,-2.73251,241.937078718,177.863135633,27.5728,3.10651380331,24.7563792131,0.124061838384,0.943775601374,98,70.6705011918,458.187951102,71.665913537,2.75896,75.3792092095,0.962175,2.67285372319,2.67226,0.0561724
295.302160163,0.762856567219,2.81781178834,48.0838,2.52242890271,75.4762717936,-2.80018,93.6611799252,128.450901883,27.6448,1.62219234224,-222.173025818,0.133083996371,-1.55319229429,99,39.9216311191,183.812879835,45.4144582706,2.81043,102.455275859,0.961877,2.72808748766,2.72726,0.0674581
129.478729399,0.848595499353,2.88600537225,48.3133,3.46439281465,84.1433963547,-2.88067,115.778481501,97.2630319855,27.6806,1.83448076658,-74.3404591782,0.130519266056,-0.0854742242472,100,56.0616100971,281.509777497,46.8794250597,2.88025,26.3515572167,0.970314,2.80471192099,2.80444,0.0635174
132.764956711,0.590246162121,2.94238900894,48.51,3.5393368743,58.5931429999,-2.94067,178.962488243,75.7135518869,27.7808,2.47392147083,1.83116380219,0.130542897128,0.643629091695,101,-2.56101237499,283.321059752,65.476383131,2.93589,49.5326910293,0.970921,2.86282822491,2.86225,0.0641657
261.311702016,0.952494475749,3.01281616763,48.7468,4.04194053015,97.7022973412,-3.01583,203.039462461,174.624082393,27.8338,2.7061574656,-165.913156245,0.133479707775,-0.857153587029,102,59.4023285607,338.533770522,63.6985228961,3.006,73.5947989991,0.968187,2.94108948536,2.94085,0.0665869
364.511766062,0.836895661287,3.07841341967,48.9888,4.32427030384,83.491592306,-3.08395,181.741328033,219.052477397,27.9502,2.47660062015,3.79288876609,0.133924042084,0.68145196885,103,130.913577889,367.181622759,58.2035492852,3.07282,88.5645792525,0.968527,3.01179843535,3.011,0.068899
259.575943536,0.696678043835,3.13878549593,49.1555,4.17776586591,70.475582833,-3.153,174.601119832,110.679699533,28.0304,2.40494353197,-14.1288366276,0.134061925867,0.628219636418,104,-120.614187388,348.225517163,58.0171949538,3.13362,142.02777338,0.967445,3.07988818958,3.07919,0.0654776
184.191897711,0.530756054149,3.1913230408,49.373,3.07349559347,52.2428383698,-3.20773,124.792532993,70.7056824849,28.0858,1.91602491397,-10.1719779636,0.13285580628,0.594210827606,105,-138.961453355,236.884878413,51.9359730459,3.18641,130.812355329,0.954229,3.13647167813,3.1359,0.0638818
109.650392163,0.609270793438,3.27776789547,49.5896,4.0397143803,60.7041443278,-3.31086,143.899224899,66.826298631,28.1376,2.09360169961,38.8025007697,0.132834698171,1.018705184,106,37.065397943,338.753896577,55.4575984876,3.27323,28.0401057156,0.95682,3.23082293647,3.23041,0.0645371
164.824219572,0.852430255951,3.31253485476,49.8204,4.87638857522,85.5211581695,-3.34473,274.507162887,102.628989161,28.1848,3.38415804622,101.976926643,0.130752619794,1.68074074235,107,50.2632318517,425.805755996,79.5380815906,3.30702,41.5326811699,0.965647,3.26923450552,3.26844,0.0619793
488.052632249,0.787743253982,3.41305876886,50.0055,4.99804846264,78.7437509179,-3.4537,296.577267853,277.964829726,28.2308,3.60147029204,63.910796087,0.132082403629,1.29386743429,108,194.772416873,434.177293436,82.8109653158,3.40905,122.222356672,0.95612,3.37778619542,3.37781,0.0632411
342.811738601,0.636620526703,3.48812799629,50.1597,4.55506158112,63.7941048168,-3.52478,241.627583037,250.375640004,28.3072,3.0734286369,108.480167068,0.130945853704,1.81461746069,109,169.591484347,391.50670516,72.8081596375,3.48536,62.5051363585,0.957234,3.45551431633,3.45499,0.0605702
346.209295788,0.816454825149,3.53561532004,50.355,5.11954563155,82.5393040581,-3.57141,279.520061831,237.715388691,28.344,3.45537361008,-24.0682364219,0.130562593084,0.532906286831,110,147.612419624,444.328824831,77.2339144432,3.53315,81.2222908909,0.964758,3.50503811499,3.50482,0.061479
384.678404435,1.09683287813,3.61980432211,50.5659,4.5409922722,111.315774801,-3.65426,276.01743285,306.617118222,28.4237,3.42736425895,-76.5451695155,0.129843053876,-0.0145896632986,111,199.601858992,386.92840199,78.1027915705,3.61802,67.1548894026,0.968817,3.59388288307,3.59408,0.060275
294.565297568,1.0171993655,3.6732968072,50.7497,5.43199303448,103.583752689,-3.71015,292.183606132,218.961284771,28.4668,3.60254362199,-95.6337849833,0.129346440407,-0.201493528342,112,187.758642006,476.254896162,77.3575683995,3.67239,43.8471220902,0.975544,3.65079489406,3.65088,0.0612863
372.077743456,1.07669425097,3.76034590802,50.9142,4.56955857788,110.289307713,-3.79484,206.567882335,269.176108951,28.5222,2.76080345589,-118.633859247,0.130133319164,-0.401987925007,113,133.841842876,394.142347345,52.0984646262,3.75868,103.476775158,0.977689,3.73876407842,3.7385,0.0607589
364.312969495,1.17644635709,3.82601217067,51.1107,4.88613554421,119.666774472,-3.86589,224.748724446,294.947598256,28.5376,2.92992401494,-108.269933327,0.134368167453,-0.335231368591,114,233.166873952,418.38339611,60.773725719,3.82504,55.3155965934,0.974626,3.80834389279,3.80815,0.0670933
383.103038644,0.454148460868,3.90470162532,51.3331,4.76646318442,45.4280547699,-3.94645,301.62171097,359.166980198,28.5356,3.711180363,216.13034369,0.133370840245,2.8975591454,115,337.901106628,413.859236904,88.5902924237,3.90334,18.7948221683,0.970889,3.88670290168,3.88616,0.0654283
359.012481583,0.739617745379,3.97640390952,51.5774,4.93733597266,75.3206220446,-4.02303,289.823839432,290.003249914,28.5556,3.57620946655,-10.1359799093,0.136817415601,0.651632992173,116,229.846077659,426.519759958,75.2460716168,3.97516,49.5588306868,0.973715,3.95939967166,3.95888,0.0694704
311.291443648,0.727760603456,4.04066170218,51.7794,4.34391599236,74.4176079539,-4.08891,237.957920206,254.916149928,28.5671,3.06492188662,87.6859976941,0.135716295843,1.59334773125,117,150.902531359,380.112358419,61.8839912325,4.03991,65.3294995377,0.974342,4.02650553893,4.02642,0.0651757
205.908884257,0.858754780966,4.12263570892,51.9899,4.74994563563,87.5824792302,-4.17735,274.910242051,140.979354528,28.6349,3.41659866155,108.028158001,0.138158394145,1.79930062389,118,85.7951853154,417.297827598,66.8335721312,4.12174,51.3239815155,0.972821,4.1097006488,4.10918,0.0703662
336.505342161,0.649219822627,4.18328113097,52.181,5.66435036961,64.7031913275,-4.23615,356.225921989,254.725515515,28.6491,4.22602154188,180.060903772,0.134642563244,2.49559895914,119,196.73366602,499.609268827,92.2899431799,4.18258,55.729773429,0.974317,4.17090999604,4.17058,0.0637505
428.753203186,0.90113249135,4.28137605035,52.404,6.26414674623,88.7293182505,-4.33227,344.611434264,343.925547821,28.6792,4.07937325526,178.574943168,0.138912070129,2.3403740392,120,212.748800652,563.07499625,89.2705012693,4.28038,83.1561970107,0.971186,4.26843391824,4.26821,0.0667402
511.123976762,0.699130514197,4.37231821129,52.6621,5.23546663049,71.3569299767,-4.42901,332.435678424,359.635938349,28.7425,3.97889429164,152.617566195,0.143757760453,2.22381708792,121,271.410022233,459.021953552,83.7850818051,4.37113,90.6997722488,0.962024,4.36116836195,4.36051,0.0742065
425.791543039,0.830474207405,4.46036817054,52.8688,5.99994749659,82.8507766849,-4.51754,347.807446428,342.630394525,28.8042,4.10821394162,173.593345984,0.147217994179,2.36685750193,122,286.60050525,537.481798442,96.3989705299,4.45916,51.0473723134,0.964252,4.45137787575,4.45066,0.079332
521.477933296,1.11972969276,4.53035216486,53.0612,6.03672546361,111.802542696,-4.58886,363.026756649,377.355888472,28.8679,4.25602571052,69.7089589975,0.144744300101,1.3279943425,123,242.080561183,542.032091242,100.057669234,4.52927,109.769612507,0.959378,4.52068315374,4.51989,0.0753082
499.603676177,0.799018102941,4.6078201401,53.2365,5.26299988012,79.2103411617,-4.68425,314.598612009,310.898697935,28.9228,3.7486074267,96.5711625675,0.149518185327,1.57423542098,124,-1.04963246094,465.285903124,83.524479799,4.60704,193.605884958,0.954788,4.59998135536,4.59952,0.0798169
348.536545699,0.748657936171,4.7059507254,53.4552,5.10586461443,74.90772927,-4.79644,336.373630789,253.348182337,28.9659,4.01799161097,128.220137,0.152521433069,1.91327538786,125,133.472246725,446.513289139,88.6000509759,4.70573,79.3035499393,0.956573,4.69908600255,4.69893,0.0792413
389.108348754,0.918742893387,4.81056108898,53.6543,3.8947978381,93.801050777,-4.90652,167.808258889,331.376529237,29.0258,2.37867647644,-14.912334365,0.149420328284,0.633055035063,126,279.426044464,321.106153041,44.1589979063,4.80941,39.3290132295,0.960322,4.80538477932,4.80447,0.075399
347.952467051,0.803577506347,4.90081532594,53.8321,5.08453135038,81.2163599792,-4.99232,296.616382492,133.254242864,29.0815,3.63907422293,104.484535969,0.152667552873,1.72790877981,127,-88.6776343857,440.621821964,83.018829843,4.89993,199.329476594,0.960654,4.89612349308,4.89537,0.0783429
256.204350893,0.618228345212,4.990759536,53.9839,5.8681552109,62.70495612,-5.07153,327.204953001,209.013029631,29.1236,3.94915068862,229.69318081,0.154983316844,3.01654877939,128,131.882988444,525.241062561,94.3710923625,4.98967,46.9056132098,0.964115,4.98586531341,4.98493,0.0820721
343.730074812,1.10336082862,5.08837240394,54.1904,4.9224341739,110.542684137,-5.16431,240.861995998,270.663585871,29.1587,3.08491392248,-68.6884777544,0.160210820745,-0.0213551511798,129,161.493419049,425.375188073,69.9983674885,5.08728,67.0897643614,0.964969,5.08331749672,5.08253,0.0889908
396.911473625,0.78878758042,5.16170949978,54.3899,4.4891793875,79.5424394614,-5.23153,256.892117026,170.127538351,29.1516,3.23702082652,-70.6515722017,0.158099329843,0.0461372879332,130,-93.4659926037,381.27524784,71.574234611,5.1607,182.640971459,0.966806,5.15660582739,5.15587,0.0848563
398.575311956,0.84102024838,5.23167279731,54.5444,4.69891511664,85.9475616249,-5.30041,255.110133575,270.607010146,29.1814,3.23092027705,-13.858061759,0.160295337434,0.628835149719,131,210.032785587,405.334168731,70.7602153266,5.23074,75.3994535023,0.967148,5.22673176285,5.22599,0.087977
313.671165877,0.937018964505,5.32121089449,54.7187,4.50277798073,93.3584751703,-5.39359,259.446913529,216.145674619,29.238,3.26449629366,56.2968580157,0.160027142568,1.19462960715,132,113.095446156,381.485070259,74.6397917537,5.32004,70.9738528432,0.963532,5.31645053694,5.31572,0.0866998
339.028760266,0.845506729853,5.40394122769,54.8284,4.72114814216,85.6071571049,-5.47915,274.035627627,200.679125923,29.287,3.42280301392,-22.1423523269,0.164297132974,0.527177224202,133,82.3370450801,407.456013901,83.7309795832,5.40306,95.4036945759,0.962408,5.399630905,5.39874,0.0922785
311.472285571,0.751346776752,5.4773322981,54.9974,4.18807573131,75.4878841555,-5.54483,227.344420675,222.701430718,29.3245,2.95387366274,-118.68445954,0.161914810767,-0.457913854902,134,116.815820988,350.246946534,63.50722241,5.47626,84.5257814074,0.960422,5.47279175402,5.47183,0.0895745
265.807484091,0.86010866068,5.54862108997,55.1427,4.32050507607,87.3343054568,-5.61353,243.258175784,98.3503786011,29.3801,3.12195252222,-70.1762538337,0.167103480733,0.0147815885786,135,-103.41694205,365.794970267,73.9989151177,5.54784,143.416108669,0.96605,5.54471016306,5.54383,0.0954227
271.851046114,0.574253078293,5.61386621347,55.278,4.27253789121,58.0331972235,-5.68156,253.775217359,220.187038072,29.4297,3.22595097307,-3.79183860354,0.16418137889,0.703872650533,136,148.643670042,360.226581565,76.5304019238,5.61222,51.9772226629,0.961311,5.608906333,5.60754,0.0970263
268.417418754,0.673781050927,5.68395411694,55.428,4.59143147099,68.2549321937,-5.74525,272.562272106,176.916332766,29.4747,3.40893673163,-18.6797719485,0.162678329556,0.551117766549,137,-32.6031615219,391.291163323,79.0860918244,5.68332,123.310520948,0.963226,5.67934434323,5.67881,0.09021
283.011353454,0.342517806181,5.74923766908,55.5717,4.13058530909,34.7723149894,-5.80478,266.459116992,268.925794208,29.4858,3.34606255205,209.645727164,0.161143380739,2.78136229111,138,254.049516,347.020685646,83.0734243274,5.74837,12.2595304294,0.959167,5.74433542739,5.7434,0.0893221
337.588699617,0.366599905936,5.80704930644,55.7629,3.76010239941,36.7594194099,-5.85873,246.839404002,276.318897155,29.4941,3.15045201335,161.906499646,0.162981207545,2.31074626109,139,202.607042107,309.309380192,78.0731880249,5.80569,59.9465027231,0.961027,5.80046837532,5.79939,0.0908585
390.890636187,0.416878835167,5.85656481896,55.8956,5.20311930899,41.6767545987,-5.90177,329.889438504,318.324683188,29.5581,3.96345165417,266.775894118,0.161785607868,3.30337790328,140,272.455964817,457.18899605,102.359928612,5.85545,44.0719650082,0.961904,5.85059382409,5.8495,0.0894829
302.840846815,0.829011487721,5.90810350846,56.0517,5.52380661014,82.9740678601,-5.95806,339.232304207,216.79913994,29.5941,4.04915866161,169.695398134,0.163718833492,2.33105255431,141,125.904130838,491.690768872,97.1829341083,5.9071,67.1051126506,0.960184,5.90263913465,5.90187,0.0932726
388.989040288,0.80963686299,5.9539856961,56.2162,5.92098986723,81.2949899321,-6.00021,378.326519597,310.000656404,29.6371,4.43121641305,157.169729377,0.167161382907,2.17830009635,142,208.587552513,532.325504181,107.896589958,5.95283,77.2579613219,0.963359,5.94881856744,5.94776,0.0972247
395.263602375,1.07301994306,5.99614684286,56.3831,4.93869185839,106.325664169,-6.04764,281.670933669,253.576457398,29.672,3.44026310175,68.481490691,0.162363526998,1.28966937698,143,128.30835178,430.146857294,88.5875320267,5.99545,111.7483925,0.951841,5.99119118426,5.99067,0.093388
405.766764337,0.504864704773,6.08793863191,56.5932,5.07971440774,51.3291473508,-6.13415,329.697932396,297.433333748,29.7051,3.97476920996,238.184314279,0.16575062909,3.08146951882,144,201.073120076,440.360986858,97.0412020919,6.08667,84.3992000436,0.95923,6.0831732354,6.08228,0.0931393
398.764491603,0.641081123801,6.1533525286,56.7318,4.72646200091,64.9297331221,-6.19792,283.482552882,360.250670946,29.7417,3.51669076431,153.456343285,0.166205858065,2.23147248039,145,326.624778811,405.516270631,85.0697081025,6.15246,25.9637480986,0.957366,6.14881770261,6.14818,0.0929387
336.028423275,0.686294728644,6.19157988091,56.8877,5.42570156191,68.935559089,-6.24616,305.793239859,198.590750595,29.8087,3.73785551891,159.76471025,0.165777146735,2.29648239795,146,22.3486073902,476.997437933,90.4299543393,6.19113,123.364916458,0.960835,6.18801839587,6.18778,0.0917583
358.771402383,0.810018665667,6.23647837856,57.0371,5.9959268802,81.1679846017,-6.28781,350.483872328,260.28924595,29.8211,4.16318902147,177.890154636,0.165722539732,2.41296917904,147,82.9007122952,532.584850002,98.6605662028,6.23551,108.464652935,0.957324,6.23044020142,6.22973,0.0927701
432.752186681,1.02001402413,6.28855796702,57.1934,5.29815335217,101.931484502,-6.35796,298.116869828,255.256759468,29.9182,3.66804569087,37.2630699472,0.166126335817,1.04020411295,148,80.2149601343,462.884923375,85.4921818971,6.28741,128.640917509,0.961411,6.28465689155,6.284,0.0928862
369.745357491,0.642814815803,6.39101945311,57.3577,5.21764377237,64.9146981954,-6.45137,319.863671957,266.166577951,29.9748,3.88376732629,205.247125372,0.171781964011,2.74755456024,149,46.4580700783,454.12936988,95.5066643131,6.39034,128.655509215,0.96289,6.38762478788,6.38713,0.0977899
358.118753413,0.770163949806,6.42628328024,57.5722,5.97770201054,77.9180509659,-6.47652,367.475761865,281.468735943,30.0328,4.35357128799,222.78381025,0.174972995653,2.92871646626,150,187.504664206,530.518115891,99.9904219895,6.42518,60.9970932281,0.958718,6.4218451168,6.42099,0.102532
404.967839951,0.631663188612,6.5003519831,57.7208,5.81818254743,63.3791371023,-6.56423,396.577737668,328.478154952,30.0555,4.64704928867,226.362799057,0.172601456225,3.01118712587,151,218.206940173,513.216655832,110.335512488,6.49947,68.15692905,0.96375,6.49612694577,6.49557,0.0976891
321.853491474,1.03477298581,6.56723967502,57.8919,6.24367455423,101.10667968,-6.627,380.034550234,232.948680057,30.062,4.46040140239,118.056383798,0.175121484366,1.75150463064,152,120.673849217,557.032317548,107.566289597,6.56605,72.2319337775,0.964823,6.56361007978,6.56256,0.0981671
406.365822685,0.726856988364,6.59224099581,58.1458,5.68850606961,72.4114744233,-6.64565,354.167137954,308.764740657,30.1067,4.20716451469,210.589304948,0.174853418885,2.73434832573,153,188.774616523,502.375087413,90.9782056146,6.59096,97.2479672782,0.963983,6.58744922926,6.58661,0.101078
491.444325048,1.06578365287,6.67061070181,58.281,5.70461528019,107.837102187,-6.73563,349.110009433,391.797777463,30.1557,4.16793771968,90.6729830246,0.175989208918,1.63717110192,154,285.865408401,505.252001759,104.660453963,6.66974,97.8752492481,0.963491,6.66619980442,6.66545,0.104223
450.421385908,0.876470662255,6.74984067341,58.4192,5.96999273579,88.5488415361,-6.81319,363.693934624,267.307549342,30.2074,4.31106391659,144.612027761,0.178163849507,2.19954935684,155,53.5058916427,530.987731439,100.773003253,6.74895,143.998839481,0.961609,6.74536328925,6.7447,0.10639
420.861682675,0.651264271475,6.83257684256,58.5497,6.26183064015,64.4915244279,-6.89425,403.740422382,369.031919306,30.2429,4.69601875231,261.671454998,0.181714986797,3.19247607441,156,316.256158495,561.745103378,106.695838981,6.83149,39.9696052598,0.965289,6.82718790898,6.82626,0.110561
539.233944929,0.858596473347,6.88473870555,58.7347,5.1761414287,88.0325979191,-6.94582,305.566537918,408.365301389,30.2561,3.7410927314,-76.1138140139,0.182435643312,0.0211197901617,157,292.282379026,451.542875713,87.4848549257,6.88385,89.0840184145,0.957094,6.87961943199,6.87886,0.113548
388.112276993,0.906864615561,6.95892817068,58.9179,6.22836763649,90.211522109,-7.01602,403.607703346,256.233538898,30.269,4.67379310484,224.318440613,0.17947378847,2.84591586567,158,-28.4175418435,558.443236555,107.359533205,6.95824,166.102743267,0.958554,6.95425163105,6.95348,0.102926
441.707583113,0.958694668621,7.02504167641,59.0861,6.68698690506,95.4727393751,-7.08627,411.634964637,313.052703427,30.3352,4.74474682775,211.212411391,0.183760316927,2.79515939139,159,118.113760837,604.497122766,111.563970336,7.02346,130.446039989,0.956573,7.01935073935,7.01807,0.11119
357.089265911,1.34817623369,7.11277755699,59.225,6.37134599202,134.935768364,-7.17882,387.852521611,272.108816353,30.356,4.5147267492,20.2404113297,0.184412259581,0.946436979225,160,192.067590452,572.98765567,113.350323409,7.11208,58.5004419869,0.958249,7.1079705516,7.10759,0.110988
389.372938912,1.09023242024,7.15771036918,59.3803,5.97988612117,108.910996871,-7.22227,371.744419973,332.56273804,30.3934,4.34461651957,116.050657785,0.179974820912,1.80731331246,161,265.521536774,534.913397167,106.324425044,7.15632,44.1348060974,0.960737,7.15174725958,7.15069,0.104573
514.206876638,1.54303373361,7.23910023423,59.5321,5.69841330171,154.517824457,-7.30799,292.600326239,434.598162214,30.4272,3.52498109505,-74.6404360353,0.183805944288,-0.156653481558,162,401.726991314,508.94994283,87.5789514227,7.23827,46.2048061555,0.958266,7.23492761483,7.23427,0.107787
408.342907918,1.27590475321,7.29230592051,59.6673,6.24951343021,126.874000018,-7.35825,373.047531568,343.117402381,30.4465,4.35993517583,121.105777379,0.181486587684,1.7802593309,163,210.537698475,562.304704531,106.544369194,7.29133,79.9507427509,0.961458,7.28781564985,7.28688,0.105118
475.837850351,1.10181069298,7.38931061636,59.8642,5.73317980639,109.576392412,-7.45894,357.804112941,383.98091424,30.5015,4.20646699619,-97.4397746206,0.18342225582,-0.336211685457,164,331.037983799,507.055700297,101.433598107,7.38789,55.5726473475,0.960876,7.38432911578,7.38332,0.108357
372.16106858,1.0304840566,7.44982758231,59.989,6.28569467926,101.933722388,-7.52646,380.596186747,343.879880635,30.5296,4.43077919053,177.375744104,0.188588059172,2.35442815367,165,322.793555788,565.450146902,108.398041102,7.44908,21.2187966289,0.960899,7.44477481787,7.44414,0.115615
431.155518235,1.24548320271,7.54772278542,60.147,6.12620063952,123.922309203,-7.63051,360.479487562,367.529315515,30.5568,4.22231267233,-55.7172054732,0.184339916356,0.0519223392081,166,298.222162592,550.599617282,96.2840071509,7.54689,53.7717846348,0.95679,7.54268984518,7.54188,0.108735
419.212658568,1.2570172935,7.63321588972,60.2863,6.10207003475,125.414563098,-7.71503,312.873208374,316.562345918,30.5797,3.75192591545,-40.2338027324,0.186838103293,0.20516133781,167,215.009266334,546.731650045,92.8429238878,7.63192,74.0275281892,0.955875,7.6281725756,7.62721,0.112589
589.215157196,0.984511192266,7.71515001059,60.4506,5.10171518442,98.1776340809,-7.80095,288.004112178,355.290782522,30.6067,3.49748537565,3.36615311801,0.186693328001,0.620127384093,168,211.128976073,450.698684194,84.4751090826,7.71399,147.281193493,0.957504,7.7105836175,7.70973,0.108683
434.756205556,0.995693511565,7.80235189269,60.6453,6.18498182535,99.4170279933,-7.88398,376.451252577,321.712106866,30.6523,4.38044170326,117.934136399,0.185773516284,1.82233395709,169,117.342822731,555.842150674,98.4148064129,7.80129,126.040063202,0.94619,7.79870770418,7.79776,0.106487
364.381596104,0.864578570159,7.88644230105,60.8144,6.31404943136,86.3098931994,-7.96342,414.829766545,248.843873702,30.658,4.7851473598,229.460242236,0.187662011202,2.91212841064,170,141.384684701,567.970654687,105.051954665,7.88521,94.2958142844,0.931384,7.88324540562,7.88224,0.105985
483.528832443,0.736841196655,7.95443393219,60.9805,5.75901473722,73.113492985,-8.02654,362.305907189,433.353325376,30.7171,4.27212863001,145.845486851,0.183617091708,2.06118213916,171,366.913082346,509.943733879,93.7667725483,7.95356,50.0864726844,0.931913,7.95082296488,7.94997,0.104355
430.129501761,0.865162357634,8.02415788782,61.16,5.38078815992,86.2281160639,-8.09169,373.205548984,386.379230154,30.7657,4.3808947851,128.259735572,0.188774591622,1.99377021825,172,335.597308204,474.284560006,95.3186098774,8.02319,34.8514783197,0.933498,8.02064719465,8.01987,0.109869
519.092734064,1.10986551102,8.09143286287,61.3503,6.43010909627,110.592669779,-8.15736,378.723094886,419.356136514,30.8134,4.41164337559,-61.5956464276,0.188079670558,0.0793492413365,173,342.006798579,578.79098374,96.5880429496,8.08998,65.0164260229,0.932421,8.0878966154,8.0868,0.108777
481.760764446,0.489872265315,8.19487091651,61.5152,5.32496254449,49.5109130377,-8.26634,380.470447435,389.584820047,30.8415,4.44886221914,248.094854384,0.184900249482,3.124399135,174,278.757881942,468.941491672,93.9763351043,8.19418,72.4090122417,0.923989,8.19132227717,8.19069,0.103487
496.491379186,0.874227426125,8.24013717864,61.712,5.84913398427,87.4283543583,-8.30851,397.047293726,454.932764797,30.8763,4.58895320441,139.719372555,0.18377337581,2.06848009854,175,408.276499987,523.653695433,104.748860572,8.23931,31.5881107142,0.934572,8.23650218971,8.23581,0.103526
431.13224791,0.599962420679,8.32378530768,61.8773,5.68539585555,59.8718840816,-8.39189,404.996775625,355.028444216,30.9142,4.67489661543,183.864586437,0.191632549351,2.40304579679,176,286.486433455,507.18052199,102.167942621,8.32273,58.4430482228,0.931154,8.31985398026,8.31897,0.111763
528.41538124,0.877322171177,8.39099033144,62.0711,6.06905816343,86.8312764194,-8.4527,422.33576602,424.671365231,30.9969,4.84720510968,214.818355103,0.187948670663,2.76180547696,177,309.532016551,544.499066461,111.215744755,8.3902,77.6758809586,0.939323,8.38743020983,8.38668,0.106481
506.334871149,0.674924152819,8.42247935959,62.2808,5.02524985548,64.6129783199,-8.48558,336.637932965,393.995702601,31.0465,3.98386270571,157.318350013,0.186765988439,2.14762251998,178,332.908153941,434.911226064,97.3321891212,8.42164,66.807008856,0.931674,8.41828588368,8.41766,0.104838
445.561925529,0.957600579958,8.49314011768,62.5401,5.45984066291,93.7802707903,-8.55988,336.138346013,382.490833485,31.1091,3.97183318477,46.7393717561,0.190601076766,1.14806997858,179,317.528343524,481.073025201,96.69511728,8.49233,49.3496220744,0.938675,8.48954331643,8.48922,0.108833
407.243545037,0.870727218284,8.54234553366,62.6927,5.69771951909,86.2454744785,-8.61128,378.701392234,299.91588604,31.1758,4.39227936451,120.611820307,0.188039771845,1.82247138273,180,187.297470159,507.983079573,104.329631253,8.54172,87.9104340021,0.939105,8.53921653627,8.53853,0.104257
507.319313575,0.750576711051,8.63958618352,62.8593,5.29544483655,75.1219202744,-8.70678,324.724794832,362.955187117,31.231,3.83921875433,112.383406796,0.185391682959,1.72012868221,181,206.551843066,471.204711497,97.0536073594,8.63889,139.658646747,0.939742,8.63638046239,8.63571,0.100706
402.217017575,1.00420841044,8.69316269741,63.0777,5.4601812555,98.4324122127,-8.76161,331.414042955,305.664230384,31.2442,3.90761141403,74.3632323285,0.192320169541,1.32558386077,182,222.413834656,482.057468047,92.7944664072,8.6918,64.2842364754,0.935024,8.6902647335,8.68899,0.111714
397.551426712,0.836195024592,8.76098037042,63.2992,5.4283347346,83.1513657337,-8.83355,329.884016912,353.31017295,31.2874,3.90433841853,134.904156797,0.190118149717,1.90637956862,183,332.288753021,482.156247068,89.9515212955,8.7599,26.3685044348,0.929236,8.75833394461,8.7575,0.106569
405.866891418,0.712061105147,8.82675173244,63.4952,5.23965262254,70.9368007473,-8.89953,334.677144852,313.983186905,31.3222,3.93010508004,175.482475575,0.191320405388,2.34827335829,184,221.26654902,465.17328354,94.3807041382,8.82665,89.68310936,0.94356,8.82433666117,8.82406,0.108447
294.24709255,0.842034577061,8.85751738154,63.667,5.47375510854,84.1327970236,-8.93364,334.111013027,248.016899637,31.3617,3.9363701473,95.9213131696,0.191138887448,1.59054451195,185,192.53983196,486.778986204,94.6421480898,8.85658,40.3548623493,0.948981,8.85567651074,8.85479,0.107707
426.862467484,0.526188379268,8.95877507194,63.8696,5.20292664468,53.2611031532,-9.031,338.535078112,364.341887964,31.3934,3.97855810851,216.667650867,0.189335219667,2.760739907,186,335.38504992,460.959292897,96.4879433949,8.95835,36.9459269186,0.942791,8.95660964975,8.95622,0.105646
412.99236029,0.653378978901,9.0108962533,64.0839,5.08806480437,64.9261840289,-9.08812,349.676262675,362.099346361,31.4366,4.10072771677,146.917701809,0.192211958295,2.03528531257,187,303.975538952,453.254010795,96.1650203034,9.01003,42.0767630514,0.942046,9.00907642699,9.00819,0.107885
468.803706031,1.13717240625,9.06592415548,64.2418,5.78549158946,112.958758035,-9.1388,319.518051243,294.111414866,31.4541,3.78465080654,77.3676635969,0.191357883862,1.3449503059,188,132.373927258,518.076539628,94.7822647124,9.06514,134.361564895,0.942977,9.06441569856,9.06364,0.105945
451.518694216,0.523229334344,9.11545384444,64.4233,5.20160516436,51.5364015492,-9.18571,361.155178677,379.804416729,31.4966,4.21157304409,225.96453966,0.189572641668,2.81902145162,189,310.169583639,461.542229921,101.274243962,9.11451,49.9856255094,0.949848,9.11422917807,9.1134,0.103128
449.739683109,0.638249351984,9.19261805122,64.6273,5.37153411131,63.0456197841,-9.26293,339.766648637,309.845609098,31.5572,3.99306486814,138.211715998,0.188505953313,1.94682249027,190,234.891603545,478.222439092,97.5005383006,9.19199,84.7211332447,0.946691,9.19162713805,9.19109,0.0997152
423.703416267,0.709121187077,9.23219967484,64.7944,5.70424300031,69.9942639935,-9.30666,412.200201155,316.255150546,31.5913,4.73128885574,146.951943648,0.18738590593,2.05119658322,191,193.638853089,507.769321793,112.97797384,9.23129,96.3426966618,0.92973,9.23096319135,9.23011,0.101892
473.128184543,0.643167089541,9.31927852992,64.9168,5.34634399552,63.797565595,-9.39555,340.288797446,418.458430711,31.6332,3.99528089386,174.373337381,0.192156352179,2.32455942937,192,300.746192514,473.788587331,98.4206239369,9.31866,69.4327362711,0.949047,9.31826807172,9.31768,0.105638
462.171687527,0.678425087365,9.3791178733,65.1192,4.64897227302,67.4287086171,-9.45322,298.551241622,404.0727217,31.6763,3.57980035576,114.695553878,0.189476278533,1.74769307261,193,326.14221716,406.458650573,88.7012449311,9.37836,51.1491576634,0.946655,9.3775701602,9.37697,0.102481
534.206848181,0.790754530493,9.46803905236,65.3023,6.84698069255,78.8944717563,-9.54531,424.079760272,413.423123662,31.7344,4.82523978135,203.052386213,0.195551837824,2.59917086676,194,180.242355044,626.735964989,115.192308956,9.46727,139.441522984,0.935627,9.46736404822,9.46656,0.110191
478.303399845,0.483035284463,9.50917091651,65.4979,6.6074109253,48.184429212,-9.58931,456.64412238,323.683387376,31.7802,5.17037792522,317.407607527,0.196341476807,3.75374407989,195,149.757738305,601.328705637,120.317788471,9.50824,119.146627932,0.916984,9.50827094171,9.50743,0.11011
370.240709688,0.740312064707,9.59495379015,65.693,6.07256002901,73.4181960539,-9.67344,398.125241883,278.844815574,31.8348,4.58132743052,118.471678117,0.189732525981,1.76688914334,196,187.4523992,548.932425566,111.572821165,9.59447,74.5135977835,0.94255,9.5940686845,9.59349,0.103499
476.126636726,0.899171858632,9.66810041687,65.8375,6.41409107548,89.6000416805,-9.74944,399.738106267,406.447455889,31.8909,4.59452028726,169.894678104,0.195965695145,2.27210323541,197,367.073699943,581.483495276,111.770076401,9.66706,41.4906777119,0.939044,9.66766139629,9.66662,0.109493
543.927188567,0.795697198045,9.73396567389,66.0155,6.52906769543,78.9729600208,-9.80867,432.268972989,412.959162064,31.9295,4.92865608531,205.09447163,0.198597619017,2.64105477059,198,325.290240918,594.851632631,116.513101689,9.73309,80.6449058763,0.930796,9.73352185923,9.73274,0.112359
458.164706004,0.70639580385,9.79381429219,66.1418,5.83383200362,72.0409355101,-9.86523,387.558289973,403.888909626,31.9564,4.50823127571,160.571777618,0.192932273783,2.31808480323,199,324.355654668,521.381920326,103.171420773,9.79293,51.7413987035,0.934186,9.79305116382,9.79214,0.10482
543.573541868,0.698034917181,9.85493685262,66.2878,6.0731264901,70.7760886808,-9.92786,431.912009465,404.514202765,31.9981,4.93308189212,270.753373992,0.197140669176,3.25215703622,200,268.669620812,547.614860983,115.936139277,9.85404,100.969094215,0.933779,9.85409228716,9.85331,0.1089
515.34547281,0.832159209391,9.91702017024,66.4332,6.37300012405,83.2090326623,-9.99023,433.353501528,416.885286504,32.0502,4.94400940956,202.808697534,0.19741346718,2.63723307716,201,287.763933599,578.465416547,117.647509933,9.91629,83.6862392902,0.940024,9.91612821961,9.91541,0.109967
539.705141906,0.371737828152,9.98517913322,66.5735,5.80835242407,37.5746967888,-10.0545,453.269938134,447.356388886,32.091,5.13060751369,365.187419774,0.196118062216,4.28230519278,202,397.678068363,522.089774378,114.851519496,9.98436,57.385801806,0.937511,9.98441403318,9.98365,0.108099
423.41790351,0.618674214394,10.0275015259,66.7022,6.17053554773,62.9778819443,-10.0981,379.910388703,375.187055036,32.1418,4.41494934628,214.341923407,0.1985101603,2.80550915536,203,322.512201462,556.035259206,98.0758302142,10.0267,45.4854237165,0.941576,10.0268056956,10.026,0.111938
544.066602618,0.507104529345,10.0869715606,66.8507,6.00360391738,52.062671144,-10.1594,415.491548394,438.67386079,32.1693,4.76352652523,282.66744406,0.195321699889,3.47871544753,204,297.296073753,542.417140833,106.833036543,10.0864,93.3518961844,0.943339,10.0854675433,10.0849,0.106643
414.930646772,1.05298952895,10.1501923953,67.0061,5.38102442887,108.476638481,-10.2233,355.38013551,382.128957842,32.2038,4.17638344992,-41.9320890334,0.195697058325,0.32401980962,205,310.198136792,478.313384528,92.6748017799,10.1491,42.8103845043,0.942172,10.1492252115,10.1481,0.104666
518.807084519,0.382940163729,10.2366296478,67.1873,6.33408617989,38.5375347738,-10.3047,486.277052679,445.78128187,32.2085,5.47647673259,408.818920659,0.196043498571,4.70982153873,206,370.276172023,573.191174464,121.847967547,10.2356,53.5106285339,0.938339,10.2354046108,10.2345,0.106874
498.000509459,0.74485365471,10.3001013337,67.3125,6.05026481811,75.5359100565,-10.362,408.199723225,439.892173568,32.2689,4.7039373011,221.630271544,0.198294960621,2.82819418479,207,345.057466652,543.388262619,107.557319708,10.2994,62.5296075444,0.940217,10.2990728289,10.2984,0.113583
507.474302454,0.511139372162,10.3204636234,67.4424,5.29722788661,52.4623196551,-10.3892,375.817743043,433.690802247,32.3103,4.37204803661,235.465452641,0.195003016544,3.00889798636,208,365.405746228,470.556786385,96.9701713085,10.3197,63.93716989,0.945179,10.3190901691,10.3183,0.106659
474.629892585,0.888946606139,10.373892917,67.6085,6.10928813992,91.0242833391,-10.4426,416.681383486,413.408127427,32.3658,4.79582196424,108.180379981,0.197830579456,1.81027142343,209,318.640777059,550.476258072,109.50969128,10.3731,62.0119249136,0.944049,10.3728306541,10.3721,0.107919
465.02396741,0.544595445662,10.4361828969,67.7939,6.20490744769,55.0470936277,-10.5092,455.41028359,419.721863635,32.38,5.19047475628,352.298784193,0.198789475001,4.1334203598,210,338.396076485,557.318472199,115.717006459,10.4354,48.7954418463,0.93809,10.4350388756,10.4342,0.111374
502.198553542,0.614872034752,10.5024717981,67.9477,5.78365368301,61.6876344526,-10.5788,414.988331271,431.613740775,32.4159,4.77916219823,268.482878811,0.196987887952,3.3155273064,211,358.118578177,515.578794576,102.188886993,10.5019,56.889514728,0.943164,10.5013893815,10.5008,0.108565
450.277492871,0.497049865449,10.5774115371,68.0694,6.47543304347,49.7271062231,-10.6548,465.734465021,413.352243867,32.4416,5.27104864391,374.66271005,0.200947034317,4.35883314264,212,359.956349675,585.798673748,117.748269916,10.577,33.1055319618,0.937476,10.5759292851,10.5754,0.113038
455.257696262,0.427485406938,10.6506473053,68.2034,5.81667550285,42.8099998779,-10.7243,418.522346431,430.256002351,32.4638,4.78766097257,330.116656223,0.194652396178,3.90366592825,213,385.751269829,522.65581031,99.6824714484,10.6498,27.8051818501,0.935994,10.6495539545,10.6488,0.106471
552.300928866,0.666131443879,10.7160400038,68.3522,6.06694056927,66.7330185884,-10.7933,425.179291542,426.012263226,32.5179,4.86723874584,282.569912336,0.199428175888,3.44345299893,214,322.345928619,544.180561641,103.627671329,10.7154,83.0089592227,0.93773,10.7147119736,10.7141,0.110493
424.558595317,0.537166746449,10.7968791927,68.5035,6.13140134687,53.8375580144,-10.8741,417.300582286,386.241529792,32.5588,4.79001534242,291.885118766,0.195837457275,3.54270937626,215,323.634640647,552.381926614,94.5470550742,10.7963,41.8912804187,0.93607,10.7957712779,10.7954,0.105758
549.407625156,0.803309429208,10.8474992864,68.6733,6.05937032719,81.0406861172,-10.9222,451.429053702,477.754772265,32.609,5.13675892189,239.194147038,0.195128810024,3.04478970278,216,410.711529917,545.317192246,108.149826782,10.8464,51.9075490556,0.941204,10.8461766149,10.8452,0.10338
548.176192026,0.666821403393,10.910342233,68.8482,6.15199077763,68.0594878186,-10.9868,409.582848902,441.276287224,32.6458,4.72275302333,286.182299966,0.19792418865,3.51521272684,217,332.779802216,552.85563918,98.1702816882,10.9095,79.7030077529,0.937288,10.9093023548,10.9084,0.107874
383.995307324,0.74441974093,10.9806364147,69.0736,6.01196328658,74.5528804096,-11.059,389.028624835,342.792594275,32.6686,4.50742310455,214.616022944,0.200250959193,2.76454330627,218,300.084931214,540.043684042,89.6233619557,10.9797,35.3531711754,0.942424,10.9797472193,10.9789,0.111662
464.267555643,0.426479736562,11.0563679809,69.2592,5.5653385008,42.6116148387,-11.1395,423.301405555,423.382162285,32.69,4.83564957322,319.693158194,0.197285551727,3.79578385439,219,400.630959549,495.80192093,96.4864949245,11.0557,24.8363611923,0.940713,11.0553894389,11.0548,0.105305
488.51756753,0.512429954387,11.114620369,69.4566,5.29682157478,51.2579712475,-11.1933,378.535553681,418.375159763,32.6934,4.39313693997,282.078382601,0.19896066227,3.41793676704,220,285.887780654,469.640305478,81.9985864838,11.1139,78.1301486087,0.934316,11.1136062196,11.1128,0.109666
485.963218227,0.363790434354,11.1987959186,69.5869,5.44888109182,36.5280878296,-11.2774,404.950527177,382.253629091,32.7061,4.65409229422,327.035958348,0.19571848415,3.87168292555,221,265.073361004,484.835637727,88.8995139304,11.1984,79.5969529544,0.928945,11.1973958896,11.197,0.102348
470.449914036,0.385485076109,11.2500145936,69.7819,6.31499594802,38.5742293665,-11.3281,480.173253525,404.527902932,32.7012,5.42264461164,406.945256101,0.19425534527,4.68585035009,222,314.567783283,569.58440513,109.691586264,11.2495,57.3928155608,0.939376,11.2487665292,11.2484,0.103455
481.909502677,0.401995744584,11.3188301061,69.9833,5.27056947825,40.2966693065,-11.3953,393.393665626,441.334315107,32.7231,4.55217597453,312.865120733,0.195656789791,3.73668561106,223,381.290082928,464.866375645,93.4827234526,11.3185,37.095957261,0.94136,11.3179008055,11.3176,0.10241
463.122111486,0.35129720125,11.391558557,70.1844,4.54566714939,34.9948798716,-11.4736,303.680853033,404.618405919,32.7384,3.6614140668,181.733483673,0.196488375235,2.42962303651,224,355.785891633,392.845678627,83.7538399936,11.3908,45.824905574,0.937131,11.3908101676,11.3901,0.105116
391.46104158,0.591787877899,11.430946309,70.3957,6.50318579304,58.9542631681,-11.5096,433.708638721,368.254787547,32.7601,4.96002778851,287.216574991,0.193962777541,3.4660776334,225,352.320583918,587.947689951,102.628431602,11.4305,15.7874619333,0.940918,11.4301406681,11.4299,0.103968
472.139988427,0.500943823393,11.48750058,70.5416,5.68833744528,49.8496967727,-11.56,405.62536463,424.222903651,32.796,4.68516679386,252.344662749,0.190556491494,3.14232824932,226,353.099892121,505.748766632,97.0755430504,11.4868,45.0827887882,0.934684,11.4864342791,11.4858,0.0996082
415.521101549,0.419231705593,11.5578238655,70.704,5.23677660544,41.697160841,-11.636,384.892007448,326.21434972,32.8035,4.45981859534,294.256197901,0.192715141747,3.54283510396,227,231.785811195,462.79303788,91.9336166554,11.5574,68.196366663,0.946271,11.5573013081,11.5569,0.101037
