MinEsReturn,StdReturn,AverageAbsY,AverageY,PolicyRegParamNorm,QFunRegParamNorm,AverageReturn,AverageForwardProgress,MaxReturn,MaxEsReturn,AverageQLoss,AverageDiscountedReturn,MaxForwardProgress,StdEsReturn,MinReturn,AverageAbsQ,AveragePolicySurr,StdForwardProgress,AverageAction,AverageAbsQYDiff,Epoch,AverageQ,MinForwardProgress,AverageEsReturn
0.192304237225,5.97032309224,0.0256922894733,0.0256922894733,14.1287,14.1908,25.771783061,0.0937128435256,40.9258177287,41.7838495225,0.00134735,17.327427658,0.213607286154,8.775022997,7.69385584952,0.00866304,-0.02029,0.0480098054263,0.000338417,0.0342889070417,9,-0.00859662,-0.0503152608132,23.3073421955
0.16654427841,8.10588302795,0.0477273176125,0.0475626953313,14.9161,15.0185,12.5390277777,0.0151446389334,64.4620695988,60.8585632063,5.793e-05,9.31097301636,0.373882281344,15.0335052305,-3.35936482538,0.0476005,-0.0679548,0.0558124602344,0.946843,0.00434515154164,10,0.0475171,-0.102080927892,22.2609953863
-6.14936604649,4.0277160391,0.0884194278767,0.0883465973548,15.7464,16.0033,5.79608047703,0.000773856082882,18.3707601716,54.5681490785,9.93791e-05,5.00408542381,0.099117107895,13.4179517245,-7.17214851521,0.0883428,-0.0996524,0.0308551580083,0.92858,0.00522010368795,11,0.0882855,-0.100382275912,8.78723559606
-0.00309563324968,4.2154732415,0.125791564752,0.125733389883,16.5046,17.3297,6.37823604423,-0.00115142879846,20.6316357631,14.0431435785,0.000198024,5.3876958808,0.10786681801,3.16552136406,-4.30722154345,0.125737,-0.146184,0.0327314687654,0.918496,0.00735257422147,12,0.125688,-0.0839903885622,7.73156359265
-38.7694672006,4.17576070995,0.16738068576,0.167195011898,16.8431,18.4847,6.14455383135,-0.00306509865419,17.0565514527,11.7030402668,0.000250321,5.18988248149,0.081141753206,13.0415546939,-5.09269543616,0.167308,-0.222028,0.0324483053789,0.93731,0.00889480508676,13,0.167142,-0.089941422753,-2.34851772994
-11.7215380837,10.2194838947,0.213685760571,0.213020034876,17.0608,19.6787,8.43180053061,0.00980567330947,80.5936113338,18.4167989239,0.000342646,6.52879057522,0.483399104822,7.16266031883,-15.9450727275,0.213596,-0.224998,0.0681821914753,0.932896,0.0107796049,14,0.212981,-0.269372187667,3.74532901795
2.95778601987,4.24410534353,0.247105851214,0.24615683416,17.4097,20.7411,6.83145441691,0.0031238542392,15.8545065435,41.7866167515,0.000423478,5.78050991525,0.0755511663349,10.2459325658,-4.99336899009,0.247002,-0.274664,0.0327919346197,0.929062,0.0122046716731,15,0.2461,-0.0861694892248,13.8251578471
1.10479338064,8.74358555252,0.288392726458,0.28754889699,17.8525,21.7936,18.2194937688,0.0554682343254,43.8120396379,44.5430839999,0.000635939,12.5383742604,0.22460206104,11.3817929541,-6.08928065921,0.288279,-0.329675,0.0618296299465,0.941926,0.0143012848517,16,0.287487,-0.124353856497,13.4630262371
2.60975535562,6.54470241364,0.347623407331,0.34680769236,18.2379,22.8315,18.1804546606,0.0743289409026,40.4173879403,78.7435502599,0.000884207,13.9631611842,0.237291931875,20.4363772228,5.17136509761,0.34749,-0.390009,0.047580649619,0.973334,0.016935444019,17,0.346722,-0.0291515978238,25.5181794265
7.34620706565,9.13154892558,0.3980555539,0.397185016327,18.5523,23.8273,36.1460572991,0.174357879569,65.1390739513,29.845110272,0.0011432,22.9525290384,0.395613621851,6.02857065838,10.8011992932,0.397915,-0.434654,0.0688431080652,0.902875,0.0191960631466,18,0.397085,-0.0325398217738,17.183815055
-13.183784594,10.2732218829,0.447474327257,0.446645191981,18.9265,24.7221,-3.59571762861,-0.139112537732,21.3073432109,45.8439320716,0.0015525,-0.880508803217,0.0563603118187,14.2438131206,-25.7154410262,0.447323,-0.508214,0.0800447709451,0.915388,0.0223843811309,19,0.446533,-0.308188133608,19.339212427
-12.7057444719,3.87443037305,0.515693872918,0.514759943876,19.1948,25.5634,5.84866940342,0.000237285176221,18.6416502728,15.7747788282,0.00155618,5.02844269722,0.0939432805689,6.51691386172,-2.93799085488,0.515536,-0.599556,0.0294832786607,0.967266,0.0229314657523,20,0.514639,-0.0669656941618,3.48635334498
-5.33144719507,24.0418141665,0.615077783244,0.614258857301,19.442,26.3672,7.93185943243,-0.0651471600869,97.3026110167,67.0348415022,0.00200019,4.77651778803,0.539387198414,15.4446978783,-32.9168119726,0.614932,-0.710625,0.168841681298,0.890648,0.0257985557476,21,0.61416,-0.433195724219,9.85266465101
11.6351123569,9.35784506107,0.695169040551,0.694501003724,19.6954,27.1932,29.7603765,0.154002954682,66.3670452119,82.0652601756,0.00262052,21.3977129085,0.428074896049,19.7819579681,2.98232658659,0.694986,-0.791453,0.0694416476688,0.959368,0.0295009452531,22,0.694332,-0.0335388232415,45.6825225893
1.94782078178,17.7440663232,0.791562897924,0.790954898995,19.9575,28.0632,37.6347219265,0.159725531951,71.9980491157,98.4427928342,0.00364896,22.1305744391,0.431570390841,29.2774954257,-27.7914353661,0.79136,-0.903162,0.138938874341,0.956177,0.034803394225,23,0.790746,-0.429491829879,52.4553284453
-23.0941354663,10.0673376011,0.908063225003,0.907523877477,20.1225,28.8333,35.8602772253,0.170213775251,65.3234666823,67.956272263,0.0044449,22.428918671,0.364359570112,23.3037912151,14.3803860827,0.907806,-1.02298,0.0717793567722,0.967561,0.0377898939844,24,0.907243,0.0166616936616,20.3474187243
-23.4995372739,11.9170185948,0.999770488538,0.999138000728,20.3055,29.59,70.3732578473,0.412559448,97.48338843,56.7924957282,0.00509979,39.7294049576,0.608267276135,23.6784838508,28.3334929542,0.999558,-1.13595,0.0871771618931,0.980736,0.0420651243664,25,0.998964,0.0991979930057,22.0678416018
14.0859503741,10.5803331811,1.13768267372,1.13737147713,20.4506,30.3084,39.7698004621,0.207023968187,63.8459821822,84.9418354518,0.00640009,26.1520693957,0.376068912758,21.6836124039,13.4078727429,1.13752,-1.27275,0.0769327138943,0.968411,0.0465324879972,26,1.13717,0.0231606845092,46.9727097164
32.1874909086,12.9070204345,1.25877583823,1.25852269724,20.5451,31.0731,62.296476113,0.351215915522,98.1975974619,91.2369562342,0.0073675,35.622454163,0.606716488251,15.4406775892,25.6234536508,1.25844,-1.44362,0.0952948985791,0.977167,0.0502289880319,27,1.25817,0.0933848969973,53.9780877132
1.26062956365,7.5910243087,1.40504511416,1.40479862523,20.6131,31.7332,34.8577340554,0.167218688866,54.8962688007,70.396084248,0.00934692,22.2579905837,0.312832206977,17.1023198512,18.1274710303,1.40472,-1.59998,0.0563522013836,0.977493,0.055784133231,28,1.40439,0.0382524554035,41.6258680143
2.8157526665,8.51279020413,1.57757719597,1.57731997823,20.6929,32.4275,32.9892387225,0.146959574366,53.0636643282,54.9405638735,0.012795,20.41150672,0.307238776368,12.4144359033,11.6009230032,1.57714,-1.78372,0.0635274221961,0.98738,0.0620801375681,29,1.5768,-0.0244713094388,27.8582522092
11.5523167071,9.39557218517,1.74810709811,1.74790508677,20.7816,33.0975,35.7618862867,0.169525414512,69.2449911279,52.8640042554,0.0152035,22.5837613051,0.421433972901,11.2613894416,15.9515542744,1.74768,-1.95363,0.0689761333151,0.955383,0.0668350203163,30,1.74738,0.0143878498304,37.9564455283
9.50324096617,7.33605478122,1.91475681867,1.91456198937,20.8717,33.7818,38.4207902115,0.191363253586,54.226817955,68.0018730956,0.0168984,24.2014630404,0.302047216953,14.4936448985,10.7520255812,1.91421,-2.1783,0.0532341242002,0.96774,0.0729948330462,31,1.91386,-0.00564932823335,43.0942472816
1.11481963003,10.69570868,2.11071967289,2.11056514574,20.9632,34.4626,46.7030388744,0.243817431095,70.681864659,50.1916544367,0.0240358,29.0108885945,0.428351047059,14.5302489406,16.7881972752,2.11039,-2.37277,0.0823353606994,0.922125,0.0812153271411,32,2.11002,0.00224566970532,22.1532610367
11.5128094618,12.3103899598,2.38317945092,2.38307594277,21.1057,35.0919,39.7926294534,0.211935949605,67.9578595865,61.1750461155,0.0221975,26.36636347,0.416646255067,15.8572029052,11.613435084,2.38264,-2.7141,0.0865858971698,0.95985,0.0821591326921,33,2.38235,0.0142750354632,39.3754733749
26.3166614616,10.0939137792,2.65231910219,2.65220120439,21.2859,35.7831,39.6077374201,0.205116227926,60.7201362261,59.3984462319,0.0340569,25.7704721556,0.365961464028,9.95746684777,8.17543452266,2.65163,-3.01035,0.0749313005392,0.931882,0.0940865625631,34,2.65121,-0.0185434856783,43.5566753843
4.68639761409,10.1155720629,2.94577331621,2.94566166718,21.4661,36.4561,40.6827561538,0.209835661049,59.0607921049,51.0058316651,0.0441376,26.1716736359,0.350412832576,11.9485089926,8.20101254938,2.94522,-3.3569,0.0762485452432,0.945894,0.102183728682,35,2.94468,-0.0232595146932,38.9804636999
20.8935832806,13.072704144,3.27938940144,3.27928828289,21.6618,37.1018,52.4522894587,0.284344752413,93.8883601855,58.0204285337,0.0414355,31.4798776187,0.566031705777,12.226918707,9.96420705624,3.27875,-3.69635,0.0945346204515,0.959868,0.105854483873,36,3.2782,0.000322324603376,40.3058182953
6.39946124921,17.9684152578,3.63066825297,3.63058028574,21.8492,37.7919,34.3245826736,0.171503894321,79.50689485,70.7365982202,0.0557699,22.4313905769,0.487122096302,20.8856682536,4.59619909162,3.63017,-4.07906,0.121550836628,0.960347,0.115824382043,37,3.6296,-0.0374493004133,36.878141897
13.1844119284,22.5957896239,3.91945360069,3.91930092675,22.0826,38.4304,56.1012937259,0.320241174446,95.949258218,65.7988985255,0.0845003,34.1685550571,0.602661996479,20.6608646586,10.0876645341,3.91879,-4.36773,0.1554757117,0.946633,0.132088076795,38,3.91812,0.00803294736099,38.7142288355
0.51291245215,18.5229724555,4.29873926037,4.29859814076,22.2946,39.123,56.7856049807,0.321282823267,103.088319264,82.0568644664,0.0950654,34.2281495316,0.659289431516,20.6583833432,16.2312871887,4.29776,-4.8327,0.130199838672,0.941978,0.144418318984,39,4.29703,0.03826448899,49.4605684137
17.5967765027,11.5461140686,4.76591654174,4.76575069713,22.4236,39.9092,48.6035309843,0.268650547972,75.4700759749,78.2757466248,0.175502,30.8633182311,0.465763391608,16.5722472945,21.8756799511,4.76503,-5.28693,0.0825435697157,0.962613,0.177777540944,40,4.76398,0.0858723448488,49.1585104387
4.63415428648,9.09161112814,5.04570182998,5.0454107688,22.564,40.5253,43.2825508004,0.237285910584,70.6595300699,78.3752134877,0.131156,28.5671686423,0.425367654787,23.3503986429,13.6394025852,5.0448,-5.57254,0.0634894501064,0.956266,0.173709530146,41,5.04364,0.0414100104323,42.6509903095
4.7188135907,14.1087993911,5.35525233133,5.3548915196,22.641,41.1749,54.1114949316,0.30867659877,87.6830751749,87.9502371824,0.195767,33.614476517,0.546236387523,17.0561557064,15.3034849573,5.35428,-5.84593,0.0992926041051,0.975306,0.204117677332,42,5.35252,0.0398510637647,51.1865391948
3.77127807698,18.7709207841,5.63459792874,5.63419701456,22.6902,41.7742,18.3849099481,0.0649808083702,83.6500149529,78.0150311625,0.240326,12.8076007448,0.524641687844,22.4426601166,1.39629013216,5.63458,-6.17311,0.12907617249,0.967201,0.219191056458,43,5.63251,-0.0644077789492,40.2127936085
0.81601010038,18.8238431321,6.07571543251,6.07525701064,22.7364,42.3819,50.6937498441,0.278800726472,80.7862102592,77.9916300724,0.23227,31.1112901395,0.504680508622,28.3942738095,-2.62174362893,6.0745,-6.60219,0.131909970004,0.952793,0.229212489992,44,6.07233,-0.0836295705758,41.4872787045
-0.360513896343,9.28029613691,6.28056067369,6.27985085732,22.8352,42.9694,6.66684693821,-0.0482282193599,32.4094623393,68.5635917005,0.241596,5.24977753265,0.142258477325,14.9575055768,-14.6464012924,6.2794,-6.73936,0.0727603791081,0.963305,0.237998841997,45,6.27733,-0.224917933628,11.3260151228
-18.6699380864,9.1838757141,6.49204681689,6.49083785234,22.89,43.5018,-23.9648323457,-0.295213222848,7.30521557408,11.9521084462,0.248417,-13.4350748686,-0.0516863473242,7.24818996337,-46.3297200502,6.49147,-6.90942,0.0716564608078,0.971446,0.24066936936,46,6.48818,-0.462679794757,3.05234757865
-29.9670201193,15.7723828652,6.67064731658,6.66884894299,22.9699,44.0121,-41.3707481078,-0.426408088107,-7.71928378335,3.4579466472,0.2695,-22.6084023909,-0.120879068839,9.68173595763,-70.8895480904,6.67032,-7.1517,0.140266058469,0.969576,0.249131745338,47,6.66619,-0.69448995948,-15.6048180615
-70.0719033375,3.75350046973,6.94857992063,6.94600326178,23.0403,44.5708,-4.68503613575,-0.0918698222271,7.39734479552,-0.871215506065,0.288568,-2.61309726713,0.00152414729439,18.522577699,-15.4689977318,6.94769,-7.42599,0.0297813550779,0.965796,0.261747671278,48,6.94337,-0.174582353457,-15.6350951787
-28.3161841833,16.2182927693,7.19032217809,7.1854154788,23.064,45.1161,-28.13749686,-0.310791389813,4.43352237753,1.6568020097,0.296663,-15.7832367199,-0.0114877307722,10.5647201696,-53.3000782415,7.19018,-7.64227,0.150448798067,0.963265,0.265363213141,49,7.18311,-0.536722922376,-11.7264514753
-31.1766770209,4.45296151841,7.31925789753,7.3143325914,23.1087,45.5983,4.27625182084,-0.0101345657936,16.7304827287,10.6498478101,0.381296,3.84418345846,0.0880099327932,10.4071685857,-8.15299476985,7.31849,-7.74849,0.03404278334,0.962191,0.28314503941,50,7.3117,-0.104587578255,0.406785096835
-30.9528117321,4.13126354549,7.34719429306,7.34180356756,23.1728,46.056,-1.54042693958,-0.0629650067068,12.2992729281,4.9518044976,0.375085,-0.453412572562,0.0484444603552,8.35855540239,-13.3768408289,7.34638,-7.82987,0.0328847952269,0.94652,0.286618305086,51,7.33921,-0.158326096917,-2.46403373536
-6.77550554637,3.88893562326,7.59179158249,7.58711417043,23.2293,46.4944,5.89247547224,-0.000688272385285,17.2794197852,13.5649260048,0.391999,5.07804491894,0.0878163428363,4.4960360374,-4.58677317587,7.59025,-8.11676,0.0297150260035,0.960654,0.294658382519,52,7.58366,-0.0857269866338,2.11136144638
-3.27527190916,3.34558762725,7.72825218393,7.7242188104,23.2556,46.9501,5.39365306323,0.000149808448644,14.9865800745,15.0733194525,0.373327,4.70182737099,0.0754619600241,4.64070987463,-3.91487007205,7.72701,-8.21251,0.0258484100577,0.957812,0.299824596825,53,7.72096,-0.0757209853393,4.83440532997
0.262373146219,3.57063257918,7.83570509802,7.83223036972,23.3249,47.3936,5.29111971646,-0.0016969629212,15.2303267385,13.0462574981,0.445674,4.59614865801,0.0729267932131,3.58280012568,-8.43161171714,7.83434,-8.38432,0.027544833023,0.970175,0.307646224439,54,7.82961,-0.109844453092,6.39714675383
-0.639823835466,3.66303381353,7.96540580385,7.96243214256,23.3876,47.8988,5.67328770801,0.000532449042008,15.6169067768,12.8057804848,0.444931,4.91114369415,0.0779866213171,3.32515841416,-4.64068109302,7.96357,-8.49509,0.0280717529778,0.959008,0.318958823553,55,7.95877,-0.0818137157171,5.07498640692
-0.223053735574,3.36845969722,8.12069504408,8.11812189754,23.4169,48.3952,5.09236981965,-0.00160293631648,14.4971439301,11.7963900282,0.54349,4.44859211125,0.072875966877,2.99217910612,-4.78538405115,8.11936,-8.67369,0.0259527397663,0.929215,0.330583121948,56,8.11488,-0.0832284749241,5.51620461631
-7.5396058883,3.58170166168,8.26538781903,8.26374411997,23.4362,48.8792,6.0381272509,0.00271398570293,15.0648123396,15.7218989301,0.594197,5.21834563329,0.0722501659181,4.83640798313,-3.12005124844,8.26511,-8.86899,0.0277398194297,0.925644,0.339146629953,57,8.2611,-0.0669558162635,4.39855788606
-3.7800434408,3.7080076957,8.54105318359,8.53950222686,23.5032,49.3885,5.68379758656,-0.00136024184944,15.8837273477,11.387287737,0.715421,4.90017760828,0.0750166025887,3.65658200663,-4.72703797599,8.5403,-9.24376,0.0285305735534,0.941434,0.367032749086,58,8.53643,-0.0869910250364,4.54653976913
-31.7461314296,9.72102687926,8.62708334359,8.62539646342,23.5597,49.8813,10.626133972,-0.00809081443131,57.1627468316,14.2787095158,0.625703,7.88758101753,0.308663816323,12.3285084194,-18.354711311,8.6263,-9.26552,0.0741152693188,0.931108,0.36528013017,59,8.62242,-0.265877732119,-3.07940440274
-29.2039246278,13.8445520953,8.75491262188,8.75358244238,23.5831,50.38,34.3222786538,0.158302929982,67.3891691862,39.7146208654,0.652878,22.5489876286,0.404142619636,17.0940778457,2.54653379208,8.75285,-9.399,0.101286847737,0.921789,0.371639951872,60,8.74924,-0.0554260168697,-3.30629869373
-2.80817029257,9.15971020504,8.88939103423,8.88810276632,23.623,50.8717,20.3370228636,0.073800290002,60.553918006,51.1665742154,0.75947,14.7167092418,0.353580616012,15.643528057,1.81009665018,8.88803,-9.59094,0.0655995840535,0.911085,0.383047337383,61,8.88475,-0.0682554387356,27.4774101182
14.749521481,11.3192531627,9.12073946768,9.11831942376,23.6687,51.3573,38.3959967298,0.181167955042,65.9786706465,65.5092774326,0.917626,23.9569654382,0.390402588743,14.8043168084,8.66784379722,9.11852,-9.84381,0.0891879999642,0.913947,0.40077202914,62,9.11406,-0.0520909424739,39.9980326204
-2.97441569329,7.93407110796,9.25139331718,9.2494450249,23.6917,51.8406,2.06491404238,-0.0724866095749,22.5157243924,50.7352532431,0.861912,2.32006346313,0.0864298013353,15.4339245367,-19.2924337418,9.24992,-10.0709,0.0618718603663,0.922946,0.406382066317,63,9.24553,-0.256748495446,19.8440318825
-16.2080609005,8.67361962806,9.47012652258,9.46673812197,23.7295,52.3343,-5.74476092283,-0.128978339198,19.4765179258,35.53240839,1.06792,-2.7891148302,0.0616716313813,14.0405673726,-24.1985025925,9.46772,-10.493,0.0665427006447,0.933938,0.438095088502,64,9.46248,-0.272242711275,11.3465705899
-12.0803709439,7.45935746145,9.88708660696,9.88390062182,23.7567,52.8261,44.4413164296,0.25205227371,64.3012954678,56.7607697792,1.09333,29.5396648961,0.392273068389,20.7390688341,22.1407524221,9.88336,-10.8679,0.0555891794263,0.937583,0.456562637812,65,9.87805,0.095330132166,22.718874613
3.02262817116,11.8944332939,10.1968744068,10.1959658358,23.7934,53.2646,53.7682485927,0.299316088012,90.807143099,65.3886549944,0.917508,33.1041460995,0.556203619,13.4561603576,25.9860303406,10.1935,-11.0709,0.0907127845357,0.930213,0.461518649721,66,10.1904,0.0767084653372,43.5972900652
11.0086381224,7.72238456555,10.3505428787,10.3492230919,23.857,53.6796,32.2437139701,0.149011965712,51.2469816588,48.5745866216,1.22367,21.5156051288,0.296667590975,12.850649792,8.02873776282,10.347,-11.3665,0.0604419895901,0.929749,0.487501119062,67,10.3439,-0.0571977730157,27.705398167
10.214103962,11.0173232965,10.7106694595,10.7091211568,23.9092,54.1544,20.8940396318,0.0434551540408,61.4205938086,48.5176475466,1.35593,13.7331633853,0.323034103086,11.9678828355,-3.23392383055,10.706,-11.5961,0.0825759831234,0.935932,0.510714888637,68,10.7029,-0.150606601903,28.6992832115
5.46078718995,11.3748991954,11.0395626562,11.0379352572,23.9669,54.6327,25.009871192,0.0757456375464,50.3704087416,37.6519324638,1.3025,16.1911137192,0.267237808031,10.2008250414,-19.1089770706,11.0343,-11.9682,0.0871269802372,0.932205,0.508158989497,69,11.0306,-0.261679663627,23.5959832634
4.09581607471,9.98671571857,11.355246988,11.3533718064,24.0209,55.0882,25.2320280019,0.0789131505345,46.3822791276,42.2441311105,1.2424,16.4159022434,0.246255550343,10.1015457332,6.22988174137,11.3494,-12.2498,0.0778549748307,0.929209,0.50845072562,70,11.3459,-0.0850033232237,24.2001426612
1.97089680009,9.80209381736,11.7398559359,11.7382284297,24.0988,55.5477,35.1360148847,0.164348717625,61.5677348844,64.9296590905,1.28814,23.0107050951,0.36566936007,16.4500081987,6.62245921355,11.7348,-12.6408,0.0755040019042,0.925463,0.531642414269,71,11.7316,-0.0633934803375,29.4188247348
5.35154742396,13.3139554383,11.9941755349,11.9922227037,24.1828,56.0024,22.8958823587,0.0546390073504,51.6970911385,35.5293934809,1.40517,15.2860166046,0.292021138027,7.28248689631,-5.90608423467,11.9886,-12.9097,0.103160583649,0.929974,0.54042004566,72,11.9846,-0.178042859388,23.6930835652
-24.2023895665,12.9991220812,12.0275723317,12.025485676,24.242,56.4147,0.631509667999,-0.142426035415,36.0659271154,49.737401522,1.6571,1.17763711198,0.111669983343,20.864085184,-32.7299906488,12.023,-12.9617,0.0993516800056,0.912818,0.560474178641,73,12.0192,-0.402278195105,12.6242494926
-40.5578732888,17.3130372264,12.4235827924,12.4214018054,24.3279,56.9159,-27.6068618551,-0.361760578309,18.1005464497,31.556942733,1.71211,-10.9060896584,-0.0386504003044,19.636027029,-65.8574806887,12.417,-13.3875,0.145214991458,0.915378,0.583725165286,74,12.4126,-0.677383014052,2.23015825125
-36.3595958673,13.7229751186,12.7322130845,12.7300081408,24.3985,57.3866,-16.2154096218,-0.243903756163,13.2984708455,4.27372225227,1.69746,-7.50451506292,-0.0155992412587,11.7907811964,-55.3844682861,12.7263,-13.7068,0.114643959444,0.916393,0.590901977848,75,12.7218,-0.562061258484,-18.3128438334
-56.7629113599,13.153444302,12.9698785867,12.9671775958,24.4571,57.9037,-16.7654009447,-0.242799024389,14.6918792274,3.19734581316,1.48634,-7.87217777619,0.0164627555505,15.987559144,-46.6557339377,12.9672,-14.0619,0.110596159702,0.932639,0.59595636646,76,12.9618,-0.530903492106,-20.2757182711
-2.31367440383,9.23639586728,13.3438671937,13.3405201864,24.5306,58.4751,0.567202137258,-0.102022371973,18.8884791568,52.9942316008,1.88472,2.18119289559,0.0420685711368,15.4900068554,-33.3209947262,13.3377,-14.4393,0.076041589026,0.930073,0.636401505806,77,13.331,-0.391613148524,16.7268231085
-19.6583193754,15.1993110627,13.7553603573,13.7513317113,24.5868,59.0197,-8.81837794905,-0.193603648725,25.103395816,25.2056763139,2.57049,-1.68744268655,0.0879582161633,13.0655882087,-42.4091846652,13.7482,-14.8688,0.12721008473,0.929799,0.672865102136,78,13.7414,-0.477085966529,1.07950761468
-19.5161762123,15.0598518432,14.2116126639,14.20722448,24.6704,59.5063,39.5142421704,0.198029214886,77.0460081243,54.3656670686,2.12512,25.8153557492,0.488145976533,19.8024259834,5.42761036362,14.209,-15.3924,0.112889635456,0.932948,0.66616073895,79,14.2011,-0.0736581452448,27.3769530582
0.795236682327,10.6379277152,14.6416236979,14.6364672032,24.7339,60.0708,26.8339044651,0.0891260378813,52.5496210226,55.1689963263,2.83556,17.1123195452,0.280883761768,13.6232419875,-10.7494719423,14.6361,-15.8676,0.0827643805424,0.924107,0.731808832513,80,14.6275,-0.223362265185,33.2607769131
13.2684965968,10.8362747546,15.0044950831,14.9979821374,24.8159,60.5604,26.3377573627,0.0901118417691,52.7405495905,50.9123269283,2.86651,17.1625174562,0.290555303783,11.2068872445,-7.53601748714,15.0009,-16.2608,0.0826950471485,0.956147,0.743905195205,81,14.9895,-0.184381478619,27.9797321484
-6.22790570362,11.1328107593,15.3897707855,15.3826096885,24.8871,61.1505,24.3128892112,0.0759704054149,55.5307700472,44.3821890885,3.37849,16.3611774192,0.309593311436,12.8464667035,-12.8537024981,15.3855,-16.6763,0.0889553402093,0.957114,0.77870612749,82,15.3737,-0.218354961984,26.9468613647
8.24991189396,13.4179957329,16.0633054849,16.0545414952,24.9473,61.7261,18.1551243258,0.0259936238308,50.6569224688,41.9728226748,3.18379,13.0691506962,0.253359652387,11.1671826731,-25.07170774,16.0584,-17.408,0.111737952944,0.957923,0.797930443394,83,16.044,-0.348501377554,24.6590036135
-9.17806876207,13.6481637817,16.4023194931,16.3936075072,25.0036,62.257,22.2135795796,0.0536193530452,56.3948608704,55.8832161908,3.11137,15.090737983,0.307516089599,18.4485936417,-11.6946142341,16.3979,-17.8113,0.110151094047,0.927392,0.800186771028,84,16.384,-0.21579470626,17.6377345396
5.23281762151,12.3068633132,16.7502501312,16.7414491138,25.0837,62.8225,28.8397012516,0.119913027316,70.6960468614,57.7662664812,3.91105,19.5150039903,0.418523006811,14.0567548252,8.50396758783,16.748,-18.2658,0.0858448366897,0.937325,0.847742141996,85,16.7333,-0.0343895765292,30.8897765305
15.3742505057,10.8708320652,17.301475611,17.2943765742,25.1529,63.3776,30.8229011621,0.136757713277,61.5759763056,66.5298308291,4.5692,21.7764495176,0.358846381381,17.3852260849,8.88842487466,17.2946,-18.849,0.0797576257721,0.94141,0.897728152251,86,17.2822,-0.0511185194653,35.4101712631
0.649783200273,8.60750209255,17.7130973187,17.7071904975,25.2178,63.9318,58.0688940021,0.331321152242,80.0802911365,59.664922053,5.1597,35.4239674791,0.488637195702,14.8904272971,29.5568088749,17.7094,-19.1707,0.0641680458994,0.9382,0.925824122382,87,17.6978,0.133180180393,37.0557723873
11.8719184604,11.4359951753,18.2267336265,18.2228294107,25.2961,64.4477,29.820678663,0.116705465065,79.7088748369,53.6117887016,5.45062,19.5764732519,0.466454363974,11.1605011862,-2.56830761665,18.2207,-19.7622,0.0854802506135,0.953252,0.961902797041,88,18.2105,-0.167908107788,36.9007636058
7.26473639021,12.0008045798,18.4961840132,18.4926238607,25.3485,64.9595,38.38530562,0.189546801581,70.3163505612,62.4469116575,5.41752,25.0849181372,0.429503043647,13.74089734,6.82698366061,18.4874,-20.1638,0.0921328703481,0.955973,0.983768401171,89,18.4781,-0.0710012940094,30.9920889503
26.8710708748,21.4639575947,19.1046809839,19.100941269,25.3886,65.4422,58.2829100691,0.311302974455,104.145648586,67.8779862215,5.97196,32.6886890109,0.663869637121,12.3221205191,9.17166660933,19.0994,-20.8396,0.165093342636,0.956563,1.00804373453,90,19.0895,-0.129975904527,49.6905140901
24.6290807996,24.7677942007,19.8898386142,19.8824607698,25.4341,65.9617,37.7348385363,0.147750246614,114.384864797,79.4594975328,5.76733,22.1662483563,0.686141058288,18.5919680797,-7.12521169447,19.8799,-21.595,0.184746532109,0.955205,1.03554466382,91,19.8688,-0.202375701449,49.2033914722
-31.9332655535,8.05813795032,20.0649262916,20.0594917734,25.4662,66.5159,21.5867452904,0.068418715897,51.2342598242,51.4746547214,7.73721,14.7634138203,0.28822470511,22.0780196356,3.79225659885,20.059,-21.8081,0.0597251346803,0.938054,1.07962081311,92,20.0461,-0.0693326207901,25.3888877015
6.17186339685,8.43949547399,20.6074081819,20.6037488903,25.4898,67.0477,32.5307078354,0.154264696354,65.6809495541,45.3273723333,7.5749,22.2825607772,0.400978251869,11.0493129118,9.38342038998,20.6007,-22.4504,0.0634613846774,0.940082,1.12016061958,93,20.5898,-0.0338337993774,19.7011310737
3.39027879498,8.63653676978,21.0059197687,21.0021262859,25.5456,67.594,22.0866551661,0.0716821967328,51.7276507992,44.8703124425,9.08626,14.9685698861,0.283840734942,10.4636784125,0.359249496989,21.0023,-22.9823,0.0650937438959,0.943299,1.16529693497,94,20.9897,-0.110137632854,19.8061440933
2.56264799312,10.4319973614,21.8482353945,21.8442721304,25.6025,68.1501,21.7112183075,0.0619218088881,52.3166327859,32.8519594243,7.6867,14.3651041079,0.293120056542,8.20871515118,-6.76442283623,21.8427,-23.965,0.0789393419914,0.944577,1.20220923913,95,21.8312,-0.156208996966,17.5606542183
-1.50770429189,9.55395983242,22.5809567537,22.5768264127,25.6488,68.6091,14.146347827,0.00110271927277,38.7133937786,32.2950816101,9.05138,9.8399455453,0.188094018658,8.78145449623,-6.78561635527,22.5732,-24.7206,0.0730644034772,0.938646,1.23817705298,96,22.5613,-0.166702204534,16.2070366342
-5.08024887018,13.148603549,23.3628003365,23.3573515297,25.6822,69.1627,16.6433814151,0.00223959412815,56.1016062741,24.6154709893,8.80366,11.2898688599,0.278170327343,7.74685417017,-14.3025315196,23.3556,-25.5358,0.101678489028,0.936022,1.24920211426,97,23.342,-0.246383331403,7.33746009032
-6.25034284793,7.64616263476,24.0188293209,24.0131005226,25.7267,69.6777,-0.854598477825,-0.0950293330701,17.1079255492,21.8805597789,10.9277,0.542405593999,0.0595322297728,8.21129756091,-29.3171144788,24.0198,-26.8237,0.0635436006184,0.93696,1.3368119711,98,24.0048,-0.343538884552,5.10113228615
-16.4030619937,8.50145443397,25.5347681361,25.5232085224,25.7787,70.2113,3.14112195496,-0.0686560643101,24.4506234124,18.2254708371,9.25976,3.31187133001,0.0666717435977,8.61984030669,-18.5018230605,25.5258,-28.2994,0.0697954158148,0.935077,1.39781086767,99,25.5038,-0.255708478163,-1.28283117522
-8.04115191151,8.36516508981,26.2166069334,26.1977968973,25.8342,70.7717,4.79474930622,-0.0497957758423,24.6961412832,15.3921004491,11.2089,4.13736918247,0.0971850684588,6.71745055129,-17.8993442433,26.2169,-28.7711,0.066147515686,0.935332,1.45049009202,100,26.1865,-0.234118578091,3.18525490997
-7.24760952607,6.59309820523,27.2705281579,27.242877307,25.8739,71.2054,9.09698060771,-0.0157536304742,28.1445184115,14.881257093,8.13265,7.00875687421,0.109881072505,4.98855188074,-8.00785977054,27.2717,-29.8855,0.0508280952031,0.941432,1.42227442133,101,27.2311,-0.167244149168,3.92767063816
0.328082995238,7.49869761014,27.8116541122,27.7774773577,25.9329,71.7424,5.27105848145,-0.0522041672156,26.3863647281,15.5792220658,11.3541,4.47340057793,0.102151537837,4.84977605996,-11.2942893322,27.8079,-30.2919,0.0604321356671,0.956896,1.51492691075,102,27.7601,-0.196009766625,7.73428239166
-2.66114700591,6.62836882517,29.0836466875,29.0385864255,25.9914,72.2379,5.33485733354,-0.0436703755277,34.3958452434,22.7201126339,13.3339,4.47691339394,0.158297752048,6.6579278219,-11.1774813202,29.0866,-31.5711,0.0525586851101,0.936188,1.56756611579,103,29.0259,-0.190494858101,8.50146293207
-3.99193218459,11.9050784527,29.9033595433,29.8488862422,26.0594,72.7175,19.6122021929,0.0652648716673,53.6778799529,38.7002153078,10.3494,13.3393287756,0.308085968441,11.7194657475,-6.38378680957,29.9084,-32.5679,0.083636954723,0.941068,1.55139077105,104,29.838,-0.116622584227,9.62099076215
0.424735052764,6.17821983504,30.5317008562,30.4680200036,26.1253,73.2216,11.7458639802,0.0198977747444,30.2139397749,29.774211064,15.826,9.09986049786,0.151267532833,7.40471035971,-5.56301979027,30.5354,-33.2575,0.0460217202553,0.932725,1.67203285525,105,30.455,-0.10671466844,13.8445109859
-2.94741796341,9.11076994626,31.3906885789,31.3235104036,26.1686,73.7409,16.1216371323,0.0444236387149,53.5162638941,16.8362211088,12.9488,11.505683429,0.303102733872,5.23224637074,0.366543632995,31.3932,-34.0457,0.0649678263603,0.934896,1.67222173096,106,31.3088,-0.0689731029027,5.15185250448
3.86232552653,13.2412438691,32.6030570565,32.5431940014,26.218,74.2349,31.747589618,0.138489949174,61.6723546845,49.5377400536,13.5533,20.3255553533,0.344362490437,13.5499516638,2.66881855651,32.6003,-35.4396,0.0950817826401,0.915541,1.72130604498,107,32.5257,-0.0634631559046,27.0430929374
11.2035079751,10.1227828311,33.0964199989,33.0466371413,26.2585,74.7519,37.8599800968,0.18199163933,66.7001368582,52.5453005095,20.3514,23.8359748899,0.382465782756,9.48655796256,13.8181939115,33.0891,-35.9471,0.0752467580591,0.916886,1.82696634637,108,33.0238,-0.0257307774689,33.6037069834
8.22833203035,6.87454536839,34.3509531,34.3059426386,26.3219,75.3062,14.1140365256,0.0348539691794,37.6100088747,48.0787147475,17.7179,10.6491972825,0.194919755477,11.2035113536,-0.863605060831,34.3378,-37.3755,0.0489826932095,0.924712,1.83983880205,109,34.2792,-0.0794039107702,21.7406019794
-1.55227661892,5.99228438104,35.2991360716,35.259450076,26.388,75.8503,11.5102454076,0.0187263140106,29.2083823377,43.0008262307,20.95,9.07777584498,0.148394531787,10.3752127339,-3.15235347538,35.2894,-38.1828,0.0452871557985,0.939623,1.87974811304,110,35.2351,-0.0912261630589,14.3849042328
0.341728819755,7.98537075935,35.949172964,35.9134525246,26.4593,76.4313,14.3611370183,0.0336057356659,48.5184214797,19.7799923337,20.3522,10.5713370117,0.274007178636,4.85426046281,0.0673047345151,35.9391,-38.9792,0.055986971375,0.940163,1.95035353345,111,35.8869,-0.0709027961657,11.9816064395
2.87802943487,8.42954241804,37.0298012366,36.9956045992,26.5491,76.9595,22.0350895971,0.0805902487718,46.6015113238,23.9474258352,20.5656,15.4848716084,0.244949451056,6.30889999652,2.4703292901,37.0204,-40.3398,0.0602440409084,0.941942,1.98562225691,112,36.972,-0.0594733644925,14.4262812805
7.78784822513,6.86525188638,37.5247651983,37.4903787037,26.6276,77.4556,13.037982676,0.0271029998881,42.5958926807,34.809823582,18.1544,9.93603926178,0.214571505476,7.60225455458,-1.69451607449,37.5217,-40.8087,0.0498043730063,0.946058,2.00288790478,113,37.47,-0.0880115888654,21.2940809482
4.06324917746,6.06205076606,38.506435178,38.4687837489,26.7095,77.9338,13.9043853511,0.0299144110407,31.6920484568,33.3793887405,22.2696,10.6505511079,0.161481141744,6.59473626016,-12.4725504964,38.496,-41.7236,0.0454552606327,0.943908,2.06890888711,114,38.4396,-0.167084806943,15.0098164433
3.21471594307,7.27345300939,39.7549060943,39.7120486766,26.7791,78.501,22.6437883418,0.0912458111906,39.1530886638,35.39652174,23.012,16.7121207404,0.216083636368,9.15498801182,-0.88842997133,39.7513,-42.8277,0.0544566192311,0.950864,2.14404168426,115,39.6924,-0.0918256804803,20.0645674026
4.46575631236,6.63843735427,40.2851487052,40.2422759466,26.8439,79.0294,17.0139933731,0.0571415135482,33.6084014868,38.1513116204,30.5761,13.0239432037,0.190818029326,7.79394849522,0.155317170959,40.2758,-43.6217,0.0502698701664,0.954011,2.25710227475,116,40.2149,-0.0737642097387,21.194324977
-5.81593229138,6.20224769742,41.4899241164,41.448646326,26.9058,79.5431,10.642140487,0.00883425558986,37.5277935,21.7090930225,26.9468,8.2247073451,0.198802186659,7.94449629089,-8.52910775326,41.486,-45.0979,0.0464669006098,0.950265,2.26772675186,117,41.4276,-0.147336006988,9.6529201877
-5.93588020711,6.02060718196,41.5064386962,41.4633226121,26.9758,80.1671,11.308921974,0.0128861790278,33.9438613815,19.4641036683,34.0821,8.8093620392,0.158209006409,5.88493027236,-3.35032622246,41.4937,-45.0924,0.0457696847716,0.957456,2.40202212548,118,41.4342,-0.113859509936,9.8208247836
2.33439990383,9.52899971326,42.9476372899,42.9002275839,27.0292,80.823,22.844332952,0.0852264862239,48.4164550443,34.1526327429,41.35,16.3310385164,0.260972653781,9.23788527073,2.60881844366,42.9414,-46.3089,0.0673429047916,0.957221,2.49543476137,119,42.875,-0.0624733549006,14.9103744098
6.37759981542,9.60242426579,43.7963832673,43.7442869515,27.1022,81.4751,22.4971987063,0.068363835578,47.1058100751,35.2301233614,34.0963,16.1061836311,0.25227654128,8.96018550353,-4.62530983125,43.7938,-47.4379,0.0730784303753,0.963486,2.51698564062,120,43.7222,-0.150450910133,18.1662448726
1.08463535332,9.73360751162,43.892481425,43.8361359018,27.1661,82.0002,18.1030300783,0.0379418955312,41.2240365803,32.1339460922,39.1773,13.2078393777,0.217706576019,8.45881224876,-11.4232139009,43.8856,-47.6938,0.0767502283018,0.970296,2.5833633582,121,43.8058,-0.199733369551,18.2406893006
5.37499563901,7.45788262532,45.437101401,45.3752229873,27.178,82.5708,18.5476739155,0.0641161866918,38.9791871073,39.1823228167,40.0459,13.9207468292,0.225100512945,9.48882965643,3.63667980794,45.4317,-49.1229,0.057854239174,0.936943,2.60756424036,122,45.3474,-0.0571477311226,22.9266171744
3.1717414865,11.5825889526,46.6763694556,46.6137531318,27.1972,83.171,17.3704677835,0.0533499601268,76.2742133242,47.1051001624,41.1909,12.6498193731,0.428633184098,10.6056514542,3.21540675409,46.6664,-51.3212,0.0790565550864,0.949673,2.75734308528,123,46.5812,-0.0572815962595,18.6898001365
5.40512216143,6.98030875285,47.4388972673,47.3718427618,27.2064,83.8771,33.2169060081,0.161347254069,53.2223239799,45.3336154981,49.8733,22.6232037635,0.304483651575,12.6231419543,17.0593047786,47.4148,-52.6206,0.053983430483,0.931152,3.03314260786,124,47.3252,0.0302862341391,23.381547681
4.21899248884,7.7886377235,49.1392555492,49.0774417376,27.2467,84.4925,24.6987380899,0.100037543622,59.6181113642,42.4282101818,55.6411,17.4239821538,0.313480309482,8.39529602192,6.37545667905,49.1406,-54.4846,0.0577425303296,0.941265,3.34091733602,125,49.0463,-0.0492985647005,30.0430630135
2.43771080778,10.1225459658,51.6619709091,51.6095425149,27.2801,85.1488,18.4633283561,0.0319753398668,49.5694842404,39.4789565882,57.264,12.7449514029,0.263629624283,9.00419841336,-6.75825231072,51.652,-56.969,0.0783905298579,0.933818,3.53051835223,126,51.5669,-0.175791891938,19.8530053032
-0.884120595804,10.0940070985,53.2623246034,53.2115635727,27.3294,85.7829,11.2790629261,-0.024792145214,36.465168061,30.2120098407,64.6358,8.66764933452,0.166198702302,9.49489121396,-13.7262484747,53.2568,-58.9177,0.0784008465731,0.932315,3.70821073829,127,53.1823,-0.214135178053,12.3140686024
-12.1823890725,8.54956524549,54.3743722875,54.3279563859,27.3915,86.3041,10.0640782105,-0.0150296485186,28.1184625847,27.9524765844,61.5395,7.26674530656,0.121348457893,10.9548103629,-19.6979230856,54.3595,-59.791,0.066690037254,0.924552,3.70160931058,128,54.2844,-0.264045307952,7.51399008509
-2.31710881567,4.73576025422,55.9925697245,55.953147567,27.4314,86.9085,8.50916292629,-0.0033264809628,23.1907252829,19.3639774597,65.5838,6.76622699947,0.099611602533,6.27455223133,-3.27148467061,55.9848,-61.0492,0.0360772581144,0.930897,3.62308452629,129,55.9139,-0.0954003392825,9.75849638707
-3.4767575289,5.55816754986,57.5082124923,57.4800399576,27.4695,87.4716,12.0268736579,0.0199124443152,28.0431573188,27.7851452365,71.2955,9.26422530496,0.129227455628,6.41881307338,-0.941485653514,57.5013,-62.6096,0.0421679919612,0.948693,3.58145270745,130,57.4466,-0.0796558015488,10.6871776187
1.39264893107,8.17284103568,57.963106782,57.9371502416,27.4966,88.0554,23.2254686969,0.0925917907856,46.9300787238,38.6416252538,75.7085,15.9867164191,0.253243020006,8.66626142706,1.1255503033,57.925,-63.5144,0.0613441037545,0.95484,3.5884304883,131,57.8716,-0.0734265257021,18.258009788
1.64712328055,8.66784798041,59.806190808,59.7816600902,27.5189,88.7264,27.7008566135,0.119995246644,44.1832334838,44.7087539652,81.3609,18.6764506394,0.246933207293,10.5294148512,5.05950817103,59.7712,-65.4565,0.0618599760269,0.945992,3.58796205008,132,59.7227,-0.0325436964959,29.2732741865
20.3704510309,14.0025408483,61.3330857868,61.3031212513,27.5521,89.4226,60.9666392004,0.351184264415,96.6659136078,50.8622111789,76.6498,36.492597272,0.613875225167,7.43796336996,25.2585500058,61.3258,-66.9401,0.0965532811939,0.947216,3.59249474965,133,61.2711,0.115033494667,35.5329030234
19.2883669217,14.5158864673,63.3445457971,63.3139779192,27.5781,89.9686,53.1695030953,0.298523632377,94.446826954,83.4127161176,94.0958,33.0892637293,0.585291812699,15.7089214944,22.1298795403,63.3254,-69.0829,0.103752274559,0.947329,3.63345996727,134,63.2632,0.0768432270438,60.1736392119
13.508776287,14.8893167091,64.3191588607,64.2817787286,27.6125,90.5001,52.042439535,0.285749189428,94.1234706237,66.5170573265,83.7001,32.5434806908,0.56626006197,14.6739603087,12.8452207994,64.3094,-70.0752,0.10758264085,0.956834,3.65305328523,135,64.2355,0.0237162542021,47.1489965214
13.6682883751,19.4523292997,64.9995439354,64.9461582392,27.6471,91.0182,32.5936742982,0.141286518464,91.8202420552,52.4400254651,117.444,22.3347817308,0.578345093466,9.34082415109,-0.333355417734,64.9784,-70.9986,0.13878022856,0.93699,3.79525136463,136,64.8937,-0.0931269071597,25.6092094707
4.23338496919,18.2595047086,66.056420186,66.0021808565,27.6856,91.6035,28.9859452447,0.134314942555,86.0730067074,63.3911311321,105.817,19.7824784008,0.522909192048,15.6687335402,2.56923481374,66.0434,-72.4503,0.125366560541,0.940102,3.82381119516,137,65.9522,-0.0576451384795,20.6480329301
0.760541660928,19.428522556,67.8555513154,67.8049587689,27.7287,92.2361,24.1939609402,0.101330730386,84.8698423597,60.8124448745,119.838,16.7877484226,0.530607284677,15.5105865075,-5.99653507044,67.8437,-74.3582,0.130356056299,0.943251,3.92198472048,138,67.7604,-0.124691677391,24.5000311337
7.34601732146,18.5825920778,68.9018074171,68.8508209306,27.7593,92.78,37.8253875639,0.191931434274,107.571595266,81.4326521739,130.859,24.6838255633,0.696798014324,20.7308137925,3.75493879971,68.8786,-75.2117,0.128895944287,0.929501,4.08732658425,139,68.799,-0.0490305704765,28.3037797252
15.7509573567,17.6342109791,70.5475695302,70.5046228582,27.7986,93.4386,36.9162400749,0.184403562898,103.014424804,67.1231994222,142.591,23.2652595116,0.640595226798,17.0708095209,5.16224327339,70.5262,-76.9889,0.121876919232,0.94531,4.22106488482,140,70.4574,-0.0388206486042,43.1595467628
14.0323630304,12.3704560419,71.3819519653,71.352405125,27.8236,94.0012,54.281122755,0.306263186875,81.7846977002,80.4853834668,161.99,32.6751943268,0.492349560416,16.0925406122,21.2586057825,71.3473,-77.6581,0.0872283804272,0.943773,4.27233524787,141,71.2914,0.0871123614946,46.3005620193
5.28459249017,14.8505711133,72.7723679176,72.7514605912,27.8537,94.6816,56.6626226407,0.323249916818,93.0627870477,83.1166969162,145.884,34.6710294274,0.579664655425,19.7550561346,26.8548261163,72.7519,-79.1079,0.105984688258,0.939195,4.24240124147,142,72.7047,0.115177046387,46.4499086961
0.520004632839,12.2448404153,72.8638598715,72.847873871,27.8875,95.2373,64.2740321648,0.370670267572,104.974546827,91.6413388782,187.379,37.6307592612,0.670108222974,23.7524338787,42.2409314791,72.8281,-79.2679,0.0911041942302,0.939183,4.49183724365,143,72.787,0.203318040499,66.6995692067
20.6694973376,12.5464467229,74.6322262118,74.6142418683,27.9247,95.896,46.3889434572,0.255386986037,76.4919263159,74.5861123413,161.213,29.9356278279,0.477266312565,12.7470323353,21.3616280524,74.6003,-81.1477,0.0906681331176,0.930529,4.41880756077,144,74.5615,0.0710413579914,52.9105221474
10.1264519477,10.0237821077,76.2204458022,76.2046795922,27.9666,96.4485,55.7794704642,0.324282887896,85.0523958081,74.2849076709,151.15,35.5197222763,0.532836706702,16.4092929731,33.5458164216,76.1855,-83.0954,0.073975581449,0.945732,4.50922087333,145,76.1493,0.160998719271,54.3175612749
17.4636587983,10.5787897112,77.9608724528,77.9450194527,27.9949,97.0661,71.1769892835,0.432983995785,94.6199866103,88.281398615,231.359,43.4843584711,0.606473604616,16.3597152134,43.7420163008,77.9244,-84.658,0.080197326091,0.945506,4.77257500788,146,77.8852,0.23310319531,60.2238487991
21.1311693414,10.2604182193,78.6825737188,78.6643576648,28.0234,97.6195,69.0590258766,0.415921807662,88.8611733644,92.2782547199,155.801,42.2642128583,0.571651949735,17.5878396364,42.8025217146,78.6527,-85.604,0.0776570095635,0.956971,4.6188362731,147,78.6119,0.218412257767,65.8548579899
13.5522255499,21.0761721461,79.5542823473,79.527475869,28.0449,98.2192,59.2021007846,0.35309989598,125.639209841,114.583090273,163.215,38.1403552939,0.83278766973,22.9650305991,23.7743225274,79.5191,-86.7288,0.147315174843,0.95498,4.63672316865,148,79.4679,0.0974937627544,72.8758884733
28.7622063264,6.77060314468,81.1870003095,81.1579120769,28.0637,98.8962,44.2204248554,0.254509168297,75.8516457058,86.5984920482,207.544,30.819135321,0.473839300177,15.3226036871,28.6519977446,81.1674,-88.2408,0.0500030544121,0.95391,4.87514355018,149,81.0998,0.132531338743,53.5166432374
8.43755666826,14.3184361339,81.4938432426,81.4571380536,28.0852,99.5159,60.8477751711,0.362224317263,90.6355461002,87.0112732562,236.939,38.0801899359,0.580288920937,17.1923348651,26.2417801574,81.4671,-88.2265,0.102654256677,0.952325,4.93988863434,150,81.3953,0.111229946194,50.8119786161
1.14673026807,9.34169362523,84.2854185367,84.2403642885,28.1135,100.104,52.6509187252,0.309091954599,89.3921653518,105.897746304,240.651,35.273776269,0.566773201815,26.0730954619,29.0410168699,84.2948,-91.7522,0.0676173843555,0.949878,5.07596910588,151,84.199,0.133607814415,56.9113403296
15.903293171,9.14504939295,85.3945442012,85.3440122519,28.1404,100.653,51.8519923488,0.302219506422,78.7282957738,70.9799324291,192.392,34.4843502245,0.502348557773,13.2642595297,29.9283438921,85.3959,-92.8433,0.0658208352363,0.949643,4.93243698842,152,85.3048,0.149904623447,48.7806011931
30.7134884504,9.25795904554,85.5205206008,85.4626685938,28.1764,101.327,56.1320681922,0.334499184144,91.5424212548,73.1489836894,283.042,36.8464357137,0.586462495584,10.5855694179,35.1963915748,85.4922,-92.9605,0.0686721977748,0.94436,5.17647565809,153,85.3911,0.180769256334,49.4001977649
-0.653494436188,17.5222127535,86.2151031796,86.1446614584,28.2136,102.051,60.051313809,0.354976469534,146.808381796,79.549376543,339.651,37.697713097,0.896924436193,22.5809521565,28.4543558377,86.1933,-93.8195,0.120561907537,0.948801,5.41398745455,154,86.0771,0.113836559479,46.1690401272
47.0538442734,17.773384786,89.5377493599,89.4668357077,28.2522,102.709,95.287392922,0.608901177439,141.07304165,92.8350779855,278.382,55.1803162692,0.939981999201,14.5635991435,43.6567321146,89.5549,-97.4467,0.128076227613,0.9483,5.2006816515,155,89.4299,0.217121469439,65.1651327129
6.79354898965,12.9657094749,90.689441237,90.6029820509,28.2796,103.418,60.480419264,0.364366541355,97.7782116596,113.346030106,372.184,39.1635153989,0.629973428789,34.6276916466,37.6377307889,90.6556,-98.664,0.0920419416953,0.959587,5.46704616199,156,90.5232,0.189101960952,59.3061268749
9.58033447247,16.2188433466,91.5091310378,91.4182385788,28.3008,103.996,58.9998454521,0.353595921388,110.63500607,79.8563672578,350.998,37.8804592765,0.723469217186,15.220075744,5.61982101793,91.5227,-99.8488,0.116341923243,0.932116,5.43566724386,157,91.3704,-0.0200166328435,48.4473308978
45.2879458137,24.4445878127,94.5687536784,94.4671718347,28.3316,104.642,75.7689514985,0.459067456463,197.574382758,119.231052348,421.677,43.2360089768,1.30238491555,23.0729926862,39.3094376494,94.573,-103.345,0.168711123513,0.934486,5.7024511938,158,94.403,0.206592215647,73.7283814681
42.1741794376,23.6195477376,95.9120306708,95.792277641,28.3684,105.361,74.4898765415,0.448997662844,182.753221056,113.129850936,481.39,43.6533168618,1.00924228593,19.8871559097,13.307483628,95.899,-105.082,0.163163605356,0.939697,5.93837419282,159,95.7233,-0.040028263442,82.4113749196
9.3348655354,30.9454181509,96.9840003105,96.8388181911,28.3931,106.178,37.029156163,0.183697122361,142.363102188,75.0416574244,385.18,23.7953235062,0.892033903273,22.1999464436,-4.50818905639,97.0177,-106.928,0.2252092715,0.939282,5.88750533881,160,96.8093,-0.122287797523,49.83654734
6.84874723889,16.504360413,99.365067793,99.2054601434,28.4166,106.954,15.0765980464,0.0304969751853,98.1724016634,78.6562125788,404.237,10.6394484891,0.635521355711,22.4363316402,-6.81770466094,99.3754,-109.098,0.112547613882,0.93473,5.96444265467,161,99.1559,-0.142681037657,38.7628665447
2.03760067853,8.17710650107,104.593916084,104.414463112,28.4329,107.635,21.144973381,0.0794407551531,54.93314142,52.1768115127,487.71,15.1527149287,0.311014633934,13.0370234783,6.39604893726,104.609,-114.915,0.0574232814429,0.9446,6.31950491026,162,104.363,-0.025894430232,24.1033370115
5.29455806332,17.0865621343,106.390502998,106.186028445,28.4431,108.457,23.4188307228,0.0759463199111,65.9558297666,48.9752844314,565.326,15.2913293408,0.391793619335,10.572849202,-12.3760337496,106.392,-116.753,0.127115315647,0.938051,6.78473969801,163,106.105,-0.190045974185,21.2603183206
-16.9686785106,12.1786734459,107.856935952,107.637513792,28.4654,109.202,33.1373819842,0.166437661536,82.4411690052,73.8182012295,618.082,22.2958372003,0.519434039975,22.251295603,0.979864318784,107.845,-119.04,0.0876543947263,0.939704,6.97146218587,164,107.556,-0.0812998779524,26.2324910934
-18.5705890304,22.8275052836,109.810822634,109.567650387,28.4859,109.88,3.49377456137,-0.0697269132727,72.1210613045,54.3843210196,521.624,3.05641140326,0.40778378637,22.7434573593,-36.3041895496,109.837,-121.039,0.175051374888,0.936772,6.963782966,165,109.492,-0.386748060349,14.6560063599
-24.3843725607,19.9584984256,115.229674414,115.002549178,28.5096,110.688,6.51604014827,-0.0336905606435,68.8345602919,58.6058589258,782.295,4.88348016882,0.429758894718,22.0890131143,-29.0916913667,115.264,-126.929,0.154041829583,0.938233,7.75552931346,166,114.954,-0.314855064359,25.1410875344
-22.9025692087,14.694952859,119.707335824,119.485759247,28.5424,111.36,2.38907780615,-0.0974273584396,41.2630942653,42.7210276399,677.101,3.8211562709,0.203470899184,18.6930113426,-31.2924839556,119.722,-132.126,0.117330532878,0.921107,7.80240631544,167,119.398,-0.361510143581,0.4303489372
-23.3105377676,30.7130057413,121.74487889,121.550134888,28.5865,111.989,10.623634706,-0.0491653570755,105.860676072,51.7494238757,701.435,7.36385195114,0.609716363079,21.0991713901,-42.7342518053,121.766,-134.011,0.228855596292,0.919239,8.01524862943,168,121.452,-0.451876457249,19.5505610509
8.70534164357,8.54767666214,125.800757034,125.656087774,28.6138,112.726,46.406251894,0.240453452895,71.3602652234,63.4302340267,753.466,28.8078735188,0.382413151522,16.2399783496,11.3742566729,125.867,-138.651,0.0717516980411,0.916412,8.39523237976,169,125.618,-0.0773778927171,34.2025514472
6.29352074989,9.67167449204,129.421447175,129.305402416,28.6584,113.36,42.83548954,0.243010913453,73.6337541653,60.5035973155,729.257,28.8129382688,0.455727773822,12.3125652342,16.6855071072,129.458,-142.76,0.0701070252448,0.93502,8.39457138567,170,129.243,0.0502318961775,43.053540028
1.28925124317,19.1697091889,132.547182584,132.460155534,28.7177,114.122,67.5958987559,0.386926470233,137.145885412,114.831559596,977.141,38.2444759554,0.881409227157,24.0348548389,30.5038611912,132.556,-145.297,0.131013700511,0.931123,8.81485912121,171,132.373,0.146747331987,53.1080897257
25.9024348562,18.3467963336,134.821396982,134.751053861,28.779,114.831,55.3146759185,0.311376969306,93.9988209172,132.999613757,900.581,33.7081524958,0.593032490896,31.1150363109,14.1371800597,134.821,-147.281,0.12173926074,0.939347,8.56827276401,172,134.66,0.0256385974268,76.0749475016
0.707307661286,14.8905105054,140.838172861,140.777063502,28.826,115.686,51.3355340811,0.289081608389,86.876052767,82.3184791497,1025.41,32.1868711527,0.537745184875,20.0110982197,22.5222107996,140.798,-153.353,0.101079953593,0.937585,8.69370492526,173,140.644,0.0914499226433,51.8072309376
19.0927415382,27.4797327313,141.299275929,141.249136065,28.8719,116.565,49.0478650443,0.284695355958,138.602160735,79.4958041795,1045.21,31.3525127962,0.910033599281,17.9800948957,9.68736982922,141.359,-154.22,0.194100783643,0.931591,8.69563404079,174,141.203,0.00194246279285,46.7462411268
1.58142472103,16.6446541731,143.645808685,143.594319053,28.9165,117.431,57.829127862,0.34538178897,113.972491194,101.081399136,1090.88,37.0315043558,0.755915542301,18.5755679116,25.9019202787,143.635,-158.268,0.123274793427,0.942063,8.9294975595,175,143.505,0.104559937421,52.3938117681
19.3292111101,28.1218616173,150.136918263,150.088510397,28.9533,118.252,115.918077657,0.753866292776,186.857069341,126.810330999,922.808,63.516856783,1.24800024814,30.5357607123,51.4686115422,150.07,-165.609,0.203658302907,0.943916,8.69540955876,176,149.947,0.289476842677,76.522671847
14.2567059139,6.23187324596,155.473745307,155.418131108,28.976,119.164,27.5368091022,0.133975076307,43.049521609,173.669276386,958.035,19.566624453,0.252458112203,45.4357552016,10.4647333099,155.503,-171.589,0.0469168422461,0.957882,9.0558959475,177,155.327,0.0096181790225,61.5642259833
4.5044681558,7.1671698311,159.577388955,159.517690149,28.9939,119.928,16.7585078073,0.0636051117971,36.411556552,38.9933737702,1146.84,12.5865341179,0.215341294839,8.68151592117,-0.782643765989,159.595,-175.649,0.0532294470602,0.936557,9.39249939262,178,159.431,-0.0657878141426,17.7218901013
-2.24901208896,4.72580079605,164.681877593,164.61576311,29.0247,120.909,7.70818015585,0.00466117130284,21.9470631678,27.1343065583,1308.52,6.33922099058,0.108345766579,8.25637054264,-5.9388476191,164.602,-181.443,0.0359305531545,0.936197,10.0108325451,179,164.448,-0.104030172278,12.5764975659
1.27744121009,4.66593181573,169.413031493,169.349124642,29.0575,121.867,8.3685588212,0.00823354288788,22.112878046,16.1061931946,1501.91,6.79455136004,0.114386836194,4.56300665309,-2.55888165741,169.317,-186.968,0.0359848241235,0.944599,10.4562989844,180,169.164,-0.0790182500882,7.7321192519
-0.848561140303,6.64867209734,177.129208738,177.06650519,29.0946,122.797,16.8909932363,0.0608446430923,30.1825778588,28.7961786569,1472.06,12.4797814099,0.162678796289,7.54112623285,-0.894607940452,177.112,-195.409,0.0493263698655,0.934064,10.6289829924,181,176.941,-0.0706173184784,10.3832026332
-0.182422780852,4.92175177281,183.174762874,183.113224389,29.1098,123.632,10.2974934716,0.0169165954278,25.8759818105,23.3083863696,1565.07,8.0472630277,0.138185736352,6.86953236705,-1.78652878354,183.171,-201.086,0.0375201201982,0.944241,11.1774114912,182,182.975,-0.0811066730506,12.1137959152
-2.18673515644,4.57434933094,185.689677232,185.630944987,29.1207,124.483,11.7770741307,0.0280128434871,30.0545839428,23.665327313,1592.93,9.24697005611,0.154982536399,5.43525703452,0.651868063799,185.558,-202.924,0.0346750663341,0.939025,11.4393507867,183,185.399,-0.0507482245905,10.2365878573
-1.13087527988,5.49997152571,192.747135088,192.684636656,29.1233,125.192,13.9805239814,0.0423766806607,28.8998349224,27.8972987293,1853.68,10.7501695118,0.152627000594,7.70453878133,-1.59869718352,192.7,-211.068,0.0409899232656,0.921085,12.1807374198,184,192.507,-0.0803901383523,11.8006952069
2.1984965712,7.12699076044,199.487569122,199.44078241,29.1506,126.069,14.2921027864,0.0437949391408,45.8059667458,25.1289228697,1751.6,10.8934374412,0.259521781643,5.14016877719,-2.01061297953,199.415,-218.517,0.0510496967167,0.94394,12.4124466399,185,199.279,-0.0837771382446,12.908393359
-0.0131891111749,7.26600415408,201.930404129,201.887702492,29.1678,126.716,23.9270643365,0.109173419999,51.1691166316,36.0910293073,2103.44,17.4349813051,0.311455611419,8.49526757579,5.31760178068,201.844,-221.192,0.0528013352298,0.944075,13.0578591986,186,201.683,-0.0284242090614,16.8976380466
13.0389816137,7.46510151127,206.321099242,206.289083008,29.1829,127.597,30.4204613168,0.153291427195,59.8060329113,39.1985039955,2244.01,21.5747112484,0.360066241918,5.99400489307,12.4339307646,206.209,-225.849,0.0535696840045,0.944061,13.5704012143,187,206.064,0.0242212438992,23.3503327724
13.2691421436,7.70833767515,211.851138893,211.793347584,29.2059,128.354,34.7169855464,0.178799130064,52.3821128263,56.1324017757,2110.79,24.0664179607,0.298528008437,14.0637912731,13.7099302032,211.766,-230.685,0.0563393661011,0.951749,13.5735268435,188,211.593,0.0167440399165,34.9861599994
14.769868506,6.95127066614,215.005899515,214.957348378,29.2266,129.155,32.2329725072,0.159523496592,54.8262190911,56.50832791,2382.69,22.5011267145,0.313212301608,10.4499912819,15.242941876,214.971,-234.188,0.051711538694,0.952239,14.1698330985,189,214.795,0.0249044481425,35.0647704457
17.1334246358,20.0456076081,219.326565792,219.266838755,29.2508,129.967,47.2653641162,0.261221945789,89.0923207515,78.7190691527,2471.39,29.6944401045,0.538766776387,20.8172363968,4.82521067362,219.198,-236.721,0.140717687927,0.953011,14.3740482979,190,219.06,-0.0488388163545,45.3482857999
2.40063006028,11.3949714801,221.740697836,221.650227996,29.2735,130.723,14.5873047508,0.0562963900464,44.6229770252,94.9301668901,2614.26,11.4178602532,0.275440656573,23.6788756108,-5.04239470813,221.601,-239.062,0.0797342783861,0.942908,14.5126521427,191,221.399,-0.0901919152802,41.5396061867
-2.53892702097,4.06652495594,219.885080095,219.774642371,29.3077,131.466,6.57159737559,0.00254273195331,18.2582079246,24.0157904532,2439.32,5.5907692531,0.0937446620372,6.4323563346,-3.52450075361,219.85,-239.213,0.0315321976722,0.946263,14.4837080557,192,219.63,-0.0744539971165,9.25129126899
-0.197099038122,4.08897762987,224.681089103,224.564647832,29.3463,132.142,5.97352133802,-0.00146778235995,18.649876384,12.3279222723,2697.57,5.0966525639,0.0967490941921,2.92524704967,-5.51521157322,224.548,-244.074,0.0316219904096,0.943368,14.7864053477,193,224.313,-0.0910822788456,5.91977795407
-2.11278957649,4.23172830556,230.206986352,230.103716973,29.3879,132.838,5.92188991361,-0.00229150143986,28.7905622001,14.9038783959,2548.05,5.0447429557,0.165914925557,3.83587325548,-3.78263786483,230.169,-249.483,0.0327099370097,0.940113,14.8293414014,194,229.947,-0.0757999601969,5.68553590092
-4.1811499036,4.05134534482,233.104398463,232.98520095,29.4349,133.385,6.26975408172,-0.000242658215373,18.0079184952,14.599874072,2267.59,5.32363777762,0.0889807026264,4.15186884682,-4.31315765716,233.091,-252.703,0.0310768622641,0.935553,15.0417699671,195,232.851,-0.079046449103,6.35446578164
-1.13448907309,4.50253658799,237.68931474,237.557124371,29.4942,133.982,6.41405109118,-0.000901386049054,19.2146011167,27.2117742291,2921.1,5.41788432799,0.102228205294,5.48398339382,-6.59910929359,237.616,-258.919,0.0349595831213,0.950839,15.9020666333,196,237.313,-0.0988832588261,6.31155549882
-1.56078761432,4.01337229481,242.884845119,242.778489297,29.5547,134.818,6.98968692364,0.00390599864104,15.8636148804,14.6076435897,3000.24,5.9057117483,0.0726932982893,3.74080920179,-2.51644329475,242.829,-265.196,0.0310390707831,0.948013,16.1241739635,197,242.583,-0.0684148635542,6.06297980819
-3.83162082418,4.12674991211,246.943666649,246.828293758,29.608,135.466,6.49977378524,-0.000717780585635,18.9704600792,14.4763382281,2648.88,5.48156167851,0.0975419518649,5.04357017374,-4.23760752313,247.018,-269.844,0.0321525998764,0.943297,16.0573384418,198,246.743,-0.0878082027721,4.9077949395
-22.4146064379,8.74925453127,249.577312605,249.470897126,29.6652,136.081,-19.1565666153,-0.240876689147,12.8619282193,10.1438407215,3489.83,-10.5782375283,0.0243879437624,10.424506393,-40.0065668355,249.488,-272.02,0.0719553587309,0.943568,17.2353574773,199,249.236,-0.426285862342,-2.16698799528
-30.2269464338,10.9596342857,258.503701131,258.39555813,29.7137,136.645,-20.0851965552,-0.246850836628,14.60846122,-6.06307751777,3283.08,-10.840240646,0.0308303937897,7.08132242144,-45.6611543925,258.605,-281.253,0.0919775264286,0.9348,17.2167848833,200,258.311,-0.474855048376,-18.9637763637
-35.2261345314,5.09301316051,261.127234885,261.023508398,29.7694,137.327,12.271853698,0.0290074213642,25.1537475376,19.2357579259,3264.36,9.47641393751,0.127876574409,15.2433788843,-2.58593243642,261.059,-284.803,0.0401198035622,0.941502,17.7704420068,201,260.79,-0.0910096886293,1.51219417639
-21.6986022959,5.17042879707,268.979195134,268.880692339,29.8307,138.073,8.39007132702,0.00807202926014,22.743395848,17.8664606923,3667.46,6.83625364063,0.111111302446,7.87441249286,-5.53011722013,268.979,-293.504,0.0393160170895,0.932996,18.1012070541,202,268.749,-0.0965671969788,6.44345143404
-7.89926411004,13.0662574965,273.558256408,273.456143275,29.8777,138.914,5.013664234,-0.0743266223974,45.0196428384,20.216217644,3492.43,4.49662144255,0.24602446598,8.40559578906,-42.8552719776,273.419,-299.46,0.108461796034,0.947268,18.5124098669,203,273.15,-0.472137205958,7.89270769271
-9.23804430681,4.58283357655,279.439926304,279.343883144,29.9263,139.41,7.34094617502,-0.00205762346146,18.4869210398,28.88148274,3205.39,6.03488143544,0.0871094342939,8.56854076161,-13.3949674822,279.408,-306.013,0.0393335109403,0.949015,19.0300251819,204,279.122,-0.215434574903,7.37510572602
-10.355644902,7.50887668837,290.517422739,290.407587685,29.9614,140.413,-4.98993016484,-0.113785259837,25.6014859474,25.9615348468,5603.0,-2.27551856424,0.0415835583104,8.17976194152,-32.2208970842,290.296,-316.851,0.0647975154711,0.951481,21.0262486654,205,290.073,-0.475202236523,7.4068219671
-14.5818780185,5.45161509825,300.552612409,300.417358902,29.9987,141.161,-4.3212118598,-0.102613848098,6.92420164871,3.37672576356,4224.19,-2.04809108628,-0.0157353002367,5.33531577081,-26.3983755851,300.411,-329.287,0.0444934614132,0.954576,20.8173752065,206,300.146,-0.295937956239,-5.10036054593
-23.5531159241,6.20958220931,307.601125261,307.444882973,30.0363,141.734,-7.00627962118,-0.123310955876,5.43007463837,7.75781670224,3658.71,-3.81508748505,-0.0208139500299,8.36766264564,-32.2025940266,307.54,-338.129,0.0528753824845,0.953928,20.9501902163,207,307.2,-0.345010807725,-5.86815814305
-13.8780334451,13.7708899156,316.740591187,316.552185404,30.0903,142.328,-5.88252685157,-0.120607853765,59.4449630824,6.18466760688,3895.18,-2.51028439401,0.200142112594,5.57044713271,-103.0566462,316.683,-346.959,0.125701097986,0.943236,21.7125606346,208,316.333,-0.993802219243,-4.03248390494
-19.7775364248,13.564755954,325.211036507,325.022934499,30.1339,143.133,-14.9366131339,-0.228609404184,8.46979246705,15.6691194321,3868.32,-6.72058186551,-0.00724586124557,9.0336896279,-48.9183879046,325.231,-354.847,0.131211908225,0.935129,21.8936885666,209,324.82,-0.528876774742,-7.99830057213
-40.5128401514,7.75856571738,336.154559909,335.977745779,30.1746,143.846,4.9981464079,-0.0283453874757,41.7335462778,13.6945867751,3903.51,4.45063519266,0.197654826505,16.1982042793,-31.5224845438,336.07,-365.618,0.0638751288338,0.93204,22.2123651872,210,335.765,-0.361090600686,-5.5892489345
-5.49846781952,6.71152771534,343.019821477,342.858581999,30.2363,144.532,7.14258447525,0.00362290826558,44.6431240629,15.2335491955,5001.98,5.81046159894,0.241693566721,4.58379159406,-6.51876087003,342.868,-373.438,0.0444236745217,0.948101,23.3197890791,211,342.581,-0.0979225666295,4.5758815712
-3.79513448144,6.2931682687,356.075009727,355.882781175,30.2821,145.731,6.44065985513,0.00491106921934,71.3991340449,19.40184054,5996.0,5.42645868615,0.440732192314,4.42442331738,-5.01178827147,356.025,-386.258,0.0439075014322,0.95543,24.1464818392,212,355.698,-0.0851258600697,6.4482825433
-2.16385257557,11.5178302829,361.447637029,361.246290823,30.3237,146.482,9.03906422878,0.0201230471115,87.859114707,42.9510208925,5573.5,7.14306559811,0.554694159654,8.10251436277,-2.94452598849,361.41,-391.642,0.0783101227077,0.952823,23.6915814453,213,361.051,-0.0681647114947,8.39447930888
-0.573888352246,12.1623637827,373.725985059,373.530805813,30.3745,147.451,9.91899162669,0.0266529084881,67.5382546474,41.7153895765,5645.06,7.75969040992,0.428118000799,9.77849418094,-5.00320726549,373.615,-404.697,0.0821237065888,0.953228,24.226566145,214,373.207,-0.0830479226497,7.93156652705
-0.369768310752,18.5082246924,374.765740616,374.568040468,30.4164,148.164,17.8775036129,0.0811800444623,73.8191897819,48.8343026881,4870.73,13.2713862339,0.481079113939,9.80774567291,-2.56187710848,374.792,-405.07,0.126124590827,0.956833,23.8766995592,215,374.423,-0.0670894110504,11.7828092428
1.10870788215,19.1030346136,386.823038409,386.599190464,30.461,148.862,17.4869605634,0.0775368861736,72.6797283985,57.6354633572,6016.3,12.8694695942,0.459772377166,13.598848668,-4.44814030208,386.732,-419.716,0.130022920377,0.95528,24.9741719004,216,386.277,-0.0804470301372,12.6601490089
-1.57015483648,27.2682107455,395.317344487,395.114181343,30.5109,149.749,21.6255942499,0.107857752998,105.037485621,71.2473141044,6408.18,15.268838371,0.708984578868,20.0891240746,-7.65538780053,395.167,-426.96,0.19065168266,0.943952,25.0506555905,217,394.787,-0.104993556707,17.6633448147
-1.0501516538,29.3243421504,400.504031147,400.274104624,30.5576,150.504,27.6364939107,0.14920609486,104.667745796,77.2948507253,5377.69,19.2091403581,0.679771024907,24.7441164233,-4.2076854735,400.515,-431.127,0.203985475579,0.938361,24.8299012095,218,400.103,-0.075731367661,18.6825023576
0.0960606471359,25.5567865371,407.135174677,406.868889967,30.6124,151.597,23.4162922123,0.118077686128,89.9801859562,88.041154677,8659.99,16.5322427188,0.589206754271,27.7414526508,-3.53935247295,407.146,-438.081,0.175529423361,0.939267,26.8541522414,219,406.653,-0.0721529761093,27.0473909389
8.82719097384,12.0124757132,414.965354114,414.671887102,30.6564,152.456,46.7648223349,0.272418848002,82.1480317522,77.6310787308,8137.92,32.3574691172,0.535869367697,16.9038835109,9.16024074696,414.796,-445.338,0.0867657367113,0.939816,26.2123223396,220,414.272,0.0133357514219,52.9356942905
20.1467526155,9.75795794447,418.506588422,418.185051928,30.7081,153.366,42.492620294,0.236938937684,76.9658045823,90.3310408098,10544.1,29.2756308903,0.496733460369,17.3443474862,23.5851854178,418.471,-449.502,0.0720320431781,0.942187,27.6501358789,221,417.9,0.100330721222,41.9538622324
1.11811341169,9.54366862419,424.78325403,424.45241997,30.7588,154.19,33.4815246806,0.17236851941,69.0055651873,48.5462298172,7872.27,23.7094017579,0.421880853408,11.311606005,12.2854703892,424.672,-457.286,0.0690516185357,0.952656,27.1840296968,222,424.116,0.0191466545379,33.2663226803
11.3797462714,6.23280749691,433.797289397,433.444351221,30.8063,155.115,27.0861728685,0.13153554325,45.6142552534,37.3347686593,9347.5,20.0486530034,0.267245413839,6.66727703373,9.31761176216,433.702,-466.312,0.0473400050242,0.953072,27.5523396493,223,433.073,-0.00641553027248,24.7261958971
5.60322285911,11.6271178737,433.688728847,433.339017969,30.8578,156.051,34.7984568058,0.176220360988,73.9164395202,35.0012445806,9753.74,24.0569056347,0.455396742184,7.48619065235,13.0062748433,433.508,-466.38,0.0841012625483,0.956784,27.7413321684,224,432.898,-0.00659530648958,25.6347431234
3.43115824709,12.4487965547,438.442965957,438.02416927,30.9039,156.779,29.9831510023,0.144318423853,75.6093983275,48.3809969465,8312.2,20.9998636034,0.460881506156,9.56805909954,8.76016940176,438.452,-470.138,0.0861864631953,0.953993,27.4555030505,225,437.828,-0.00903248649813,26.0016058418
4.10150839693,6.61462815552,443.896444352,443.471580668,30.9515,157.65,27.5665334196,0.135295728951,53.3291793169,49.719714373,7563.1,20.3352074543,0.318950745837,10.6695065038,12.7660671529,443.868,-474.245,0.0479585766857,0.956615,27.0405439065,226,443.184,0.029461730832,30.2067986393
15.302682013,13.0852891588,446.1276942,445.733507014,30.9908,158.577,41.5893200929,0.222812383926,126.831795367,41.6083197792,8253.33,27.7043710966,0.813743593484,7.61948997983,16.7200669547,446.163,-476.741,0.0935791060702,0.946733,27.5833213682,227,445.486,-0.014476576783,29.6618352622
27.5733026802,18.4891744893,448.253277208,447.877193645,31.05,159.381,47.6943220247,0.263341368062,110.673813164,70.5472892659,9335.49,30.941666196,0.72041520141,12.1050860994,3.77332116945,448.186,-479.799,0.131635121115,0.955287,28.3552623206,228,447.522,-0.0806208341211,42.3933700201
5.76855053063,23.1827166793,456.517388743,456.177367645,31.1088,160.288,32.3209170509,0.169402065083,152.457548061,122.791091392,9750.5,22.4546726754,1.03241536131,23.9460559684,7.98893185762,456.243,-490.155,0.165018737497,0.942047,28.6190846303,229,455.682,-0.113853944215,32.1290483197
16.0991160682,18.5498884912,452.188184567,451.856908052,31.1681,161.154,32.7189530422,0.171835239254,140.135620475,46.1914004784,9019.46,22.8336696961,0.936902129793,8.70188754628,9.58323945399,452.268,-486.824,0.129895538724,0.937219,28.4410415491,230,451.716,-0.00373936019097,28.7743638701
9.93026661549,18.8916126038,464.334914943,464.024609623,31.226,162.01,33.6838077618,0.176084875947,115.32951874,77.2604275435,11755.6,23.63067673,0.758152470221,19.3049971518,5.31506388407,463.968,-497.554,0.133622267638,0.946409,29.4130243996,231,463.447,-0.0331636315052,33.9637981573
8.21529966878,9.70767901708,459.342690749,459.037281249,31.2734,162.834,18.5526016404,0.0682639071489,84.9381487817,30.5875080345,11599.1,13.7375169657,0.538487084028,5.6761100491,-15.395760896,459.167,-489.73,0.0726971570195,0.942541,29.3422903226,232,458.639,-0.337966961478,19.7346809373
0.245725375312,13.8776666893,460.759236407,460.48875852,31.323,163.922,42.9531300878,0.22695241202,89.7331426345,44.5287617065,12394.1,27.1202681406,0.581784904554,11.1405070891,9.65798731126,460.775,-494.343,0.100324418011,0.939318,29.8379553912,233,460.279,-0.0113389645038,28.4447351676
11.8004805656,10.0690080022,466.160306012,465.903047832,31.386,165.113,34.551127241,0.173100467688,66.819949161,50.2404962009,12287.3,23.1423591339,0.401408080731,10.552435646,16.234623901,466.191,-503.872,0.0729311834032,0.939123,29.9038265768,234,465.692,0.0411031186529,31.766320792
13.5189850133,15.4625826695,466.087247379,465.828310901,31.4404,165.979,34.7203369045,0.157067244798,65.1139455672,75.0050015318,12197.3,22.085752874,0.373212014617,16.4468173597,-0.764573752092,466.214,-503.597,0.105688248591,0.939114,29.7619317682,235,465.69,-0.0971578824085,31.065021552
12.9189517622,12.291730636,469.767157676,469.502121738,31.4931,167.034,28.2351602195,0.121401536133,95.2076923039,54.4537531647,16234.1,19.4953816982,0.59210685063,12.1002389485,0.865219311579,469.378,-505.908,0.0915506007599,0.937801,31.2590359374,236,468.862,-0.0909448486571,28.327371222
5.88758983145,10.300540055,479.551092516,479.3227333,31.5436,168.294,39.6475603741,0.205203965175,61.5031684404,43.0998711703,15373.6,26.4350320517,0.378765770451,9.42383789183,11.0964911836,479.688,-516.456,0.0808129936126,0.946711,31.9278230195,237,479.237,-0.0178163840203,24.6082694803
14.3303651559,9.27936779141,481.34262398,481.141035372,31.5965,169.133,39.5475705326,0.20476221555,72.6836770803,56.306060999,13566.0,26.4409539417,0.445040789437,10.5723177121,9.90436141801,481.372,-518.445,0.073892051388,0.943732,30.5677293245,238,480.919,-0.0223804691186,39.1280973789
11.5178742635,16.6158497578,474.967639485,474.752181177,31.6456,170.057,51.5251102846,0.285894991769,99.6890525181,62.166947469,12614.2,32.1798743792,0.644164389755,13.1987067458,19.1137590186,474.989,-511.249,0.12425320401,0.956026,30.3234630178,239,474.579,0.0364225633891,38.9801444628
16.981561198,15.3919328186,475.84900565,475.649409008,31.6859,171.142,61.4395953842,0.351242283555,111.097161938,83.7371928976,17153.1,37.4371156372,0.718612305123,17.2642131235,26.8564283771,475.483,-510.721,0.116704797432,0.948026,31.584287963,240,475.037,0.0763300305126,50.916890038
4.0522893502,11.8892162036,481.95240931,481.762083787,31.7278,172.025,44.4159795184,0.228653186926,80.3929596471,87.5763604789,14991.1,27.8241228622,0.506788124773,23.0703769053,15.8115188967,482.02,-516.15,0.0866917870265,0.937605,31.7006143242,241,481.6,0.0175985462697,50.4226858954
21.4911173376,15.1309853764,483.27729472,483.083479489,31.7528,173.046,62.3630022555,0.353338357031,89.4077030454,58.4139660197,14242.9,36.2206634672,0.563391788504,9.91964250453,3.98786586306,483.375,-518.058,0.114766793765,0.952723,31.4504730823,242,482.943,-0.0841253716018,43.3770517809
41.5423876356,10.9987485622,487.206781232,487.023176727,31.7942,173.862,49.4524730245,0.266755886489,77.6065569698,73.9753347354,15520.9,30.4619258465,0.473676540202,8.67600457519,21.4142199724,487.005,-523.99,0.082446323978,0.945841,32.2042096594,243,486.568,0.0401794911212,51.1098639904
22.7839802969,12.1036870352,483.228162282,483.032055561,31.8274,174.747,44.6304405522,0.235231637154,71.6176895739,76.3345562554,16137.3,28.3770511347,0.434968469658,14.7520304443,19.0382072788,483.218,-521.16,0.0869358059974,0.951439,32.6386875963,244,482.76,0.0383332875208,44.6362094197
2.29874132708,12.5202763937,483.225974136,482.99388173,31.8575,175.622,45.5890216289,0.242420896988,75.6860255961,117.598343336,18593.0,28.9239006055,0.457469186969,24.8029233002,14.6543457296,483.422,-523.343,0.0929380349513,0.955516,34.1124486448,245,482.955,-0.00583884099983,43.6317720278
24.9823047259,10.671447501,489.181109856,488.920333389,31.8859,176.547,57.7894870921,0.331785782469,99.7519366831,62.3392918007,16005.7,35.864782228,0.626042048538,10.3937208939,25.566860764,489.049,-528.768,0.0769975587808,0.965021,32.8700426622,246,488.58,0.0833892334508,45.4035115835
12.9638513586,11.5235780141,482.283196199,482.042548418,31.922,177.499,53.5060960931,0.295735317798,81.4480085989,63.4075256539,18929.5,32.8885201569,0.502029115735,13.1498085524,26.0913910146,482.175,-522.24,0.0856005378867,0.966816,33.8335924575,247,481.657,0.0958078970335,49.9490659824
19.9753469632,11.4535553904,496.684321432,496.459603396,31.9526,178.364,49.0130922089,0.269383702811,73.1927366371,67.7593938865,16010.7,30.5754739029,0.445273517511,13.222938621,19.6018401431,496.608,-536.666,0.0841492547834,0.963543,33.588747879,248,496.182,0.0403706286373,53.8342828941
31.3782978109,10.0033124374,495.18562378,494.948440445,31.9829,179.296,50.1229891328,0.276052132193,76.6556570254,70.6690762371,18468.2,31.0015447773,0.459426339381,9.93950892246,19.927899167,495.252,-533.596,0.074638221117,0.96527,34.7993524557,249,494.791,0.0541153427458,49.7224551618
2.62005076685,12.3357628645,500.227302068,500.018575152,32.0201,180.261,55.3042103422,0.3152214133,113.92345647,66.7715446524,18619.8,34.1932262532,0.71331509479,15.100767157,31.9920136877,500.048,-540.982,0.0891682060802,0.963659,34.9990123805,250,499.567,0.14270513782,47.7588442565
5.84790927927,11.3679765353,505.87028403,505.645993255,32.0541,181.434,65.4317250049,0.381238006169,98.3193820241,67.5403022623,20501.8,38.7337216946,0.623725611403,16.7721829296,37.9106004683,505.659,-546.267,0.0837934273153,0.965653,35.7909628105,251,505.237,0.173475405946,47.9118225396
36.3943002451,12.5449255666,502.195246618,502.005892763,32.0933,182.188,62.5381078932,0.361563786987,95.3876238827,91.62645577,16764.5,37.5126850836,0.618779931492,14.7932975575,34.9580703783,502.227,-544.095,0.093762157327,0.965699,34.5765630663,252,501.873,0.153574594416,64.9083269962
16.171872226,12.975888027,511.411941177,511.223746709,32.1398,183.226,66.3676563327,0.388360954182,112.947616591,91.85655225,19254.0,39.0897688675,0.656688882107,19.7287832028,35.9807562972,511.326,-555.656,0.0929275405829,0.966307,35.6814274615,253,510.905,0.156884589384,64.1404598538
17.8783357665,14.1932712848,505.734493378,505.54673662,32.1747,183.892,62.6470257609,0.364272688408,127.746823924,89.1898603813,19701.3,37.4763208009,0.80141588913,15.9376386222,30.7708840282,505.478,-549.957,0.10401933995,0.96689,36.2295862962,254,505.048,0.10490500262,62.701170128
25.6463199843,9.55009045955,515.116807366,514.940341346,32.2229,185.005,48.4435335437,0.267417501603,78.4398622473,80.3924076099,25193.3,30.4662947675,0.488437434153,14.3490417364,22.6252800202,514.791,-557.999,0.0707794812783,0.962401,37.8992026231,255,514.384,0.0771633211779,48.5734311331
8.99981852758,6.96139177999,515.486069484,515.326814998,32.2762,186.097,32.7917759894,0.15544390666,51.5512054663,56.8035474135,28917.6,21.6144385654,0.30738164546,13.7273710555,16.6105465937,515.421,-560.252,0.0522568686646,0.958479,39.2734885835,256,515.093,0.0312913373696,31.4692774612
9.47965675012,8.86513118523,519.561258651,519.392869629,32.3211,187.202,22.4971173008,0.0852465015439,48.7572125203,49.7006794435,21599.0,15.8388512939,0.280406691183,10.7885462705,0.921759081981,519.259,-563.001,0.064957372705,0.954499,37.5870522735,257,518.915,-0.0864709476671,29.4309541064
11.759927135,8.28137463578,523.575996018,523.436598642,32.3713,187.969,24.7873532207,0.101372629553,46.2250423082,33.8839176047,18622.6,17.0004879534,0.259142164821,5.57085900713,3.85458218144,523.801,-570.523,0.0606252527723,0.948345,37.2301986751,258,523.395,-0.0419104022513,24.0404303888
2.12452862697,6.62546178012,529.582010619,529.405991768,32.4209,188.658,23.8705905268,0.0942456112438,42.092897901,43.7240157567,20325.2,16.4861371043,0.221918703131,9.79408496299,4.7199182452,529.249,-578.286,0.0483518127639,0.949238,38.5519955744,259,528.863,-0.0369593854814,25.6834429727
11.0502970109,7.68395279511,536.444343171,536.308289203,32.4708,189.576,27.7578238559,0.120901598175,49.9977387723,46.2309660609,25214.3,18.6637186803,0.290948171499,8.27279287833,9.86527896664,536.408,-585.099,0.0572971372921,0.945064,39.7362887912,260,536.016,-0.0038427522053,24.4298308972
11.2082793568,15.8499603193,535.893606333,535.750178873,32.5089,190.105,41.1077678066,0.213089202344,128.145599042,43.7821408465,20617.2,25.7311476142,0.781073782541,8.66790090436,13.6917927143,535.662,-584.141,0.111638634764,0.95083,39.2409534662,261,535.292,0.0232503459614,24.5684754046
14.3381155199,16.737060362,544.666205841,544.468425062,32.5609,190.837,31.6559409745,0.148121741201,158.179712603,54.0468569721,21457.6,20.6801109494,1.01388333291,11.9035494422,8.43999125792,544.508,-594.408,0.115974865091,0.953241,40.0835074714,262,544.147,-0.0214126939676,30.235873174
5.84497473823,15.8697625074,544.74518884,544.582833647,32.6137,191.32,41.1800576685,0.213757563302,80.3008495312,48.9782695734,21173.8,25.9496421294,0.496314227508,12.411472229,12.2857429308,544.5,-593.958,0.112433865141,0.956492,39.7421363639,263,544.049,0.00981661296128,29.3431745299
13.5213051117,17.5426780203,551.98363918,551.762895311,32.6661,192.2,38.7444767741,0.194206053132,96.0027683194,60.3334571337,31603.4,24.3304637738,0.603731278889,15.8809148114,11.9916540084,552.008,-603.279,0.124538543614,0.952435,43.1924216156,264,551.569,-0.000362282935574,41.2180699165
