Epoch,MinForwardProgress,StdEsReturn,MaxEsReturn,AverageAction,AverageQLoss,StdReturn,AverageQ,AverageAbsQ,AverageAbsQYDiff,AverageForwardProgress,AveragePolicySurr,MinEsReturn,AverageY,MaxReturn,AverageEsReturn,MaxForwardProgress,StdForwardProgress,PolicyRegParamNorm,QFunRegParamNorm,AverageDiscountedReturn,AverageAbsY,MinReturn,AveragePolicyStd,AverageReturn
9,-0.0217493487098,0.711472148642,4.78568321761,10878795.02,0.000303439,0.407842489706,-0.00091723,0.00610851,0.0138948429783,0.00248569356817,-16.8224,-3.36127019636,0.0108961534853,6.12991262626,0.962380525192,0.0281914650139,0.00705857544239,1807.0,7.79976,4.34054742357,0.0118531698678,3.012043818,1e-06,4.41067599976
10,-0.0239800367295,0.082713195921,2.70687210572,15592835.4744,0.00409055,0.505549113298,0.0105523,0.0107707,0.00877168131604,0.00248276158355,6.80298,0.170272623564,0.0105439498249,9.83539215407,0.988035657736,0.0319021357938,0.00718352657026,1913.86,7.74908,4.36609379762,0.0128522785593,2.98607080484,1e-06,4.43767500609
11,-0.0267197282742,0.047823508777,2.00161003515,14521033.1775,0.00572029,0.544349992303,0.00822404,0.00855268,0.00760012790539,0.00270493692941,10.7917,0.505986906396,0.00788561963822,9.68787630836,0.986220451063,0.0282608899693,0.00721570420013,2014.99,7.78376,4.39795569114,0.012523021402,3.00154853902,1e-06,4.47075452019
12,-0.0331274752569,0.0595174313243,1.99708603891,9742932.61224,0.0342654,0.775805142047,0.00282987,0.0077558,0.0164743044265,0.00155718516036,2.14856,0.418569135736,0.00296431553889,9.22503658055,0.98770669424,0.0451203481573,0.0102355946369,2162.64,7.83419,5.78640625818,0.0169104010847,3.10518520798,1e-06,5.93196737773
13,-0.0412161309289,0.0794973462039,1.98823897142,10702645.3593,0.0151288,0.687276374581,0.00668926,0.00708741,0.00889757652535,0.0018050980331,-9.46233,0.110849088109,0.00717983302076,10.067590201,0.98805094455,0.0419363326413,0.0110039049421,2236.53,7.85137,5.97031565687,0.0131682732418,3.28867679549,1e-06,6.1250287627
14,-0.0393487575264,0.0629261258297,1.97813240564,14721408.1518,0.0179076,0.800817907216,0.00675516,0.00725918,0.00935831020646,0.0014968573379,5.01722,0.189373447155,0.00666200229842,8.06843460702,0.985134413136,0.0385363556304,0.0106917800407,2330.14,7.86522,5.77469203388,0.0137557222215,3.13782081343,1e-06,5.9195015074
15,-0.0201505460398,0.0440318647285,1.76527193082,8860149.68047,0.0235314,0.51525205851,0.00551078,0.00711897,0.0111843604731,0.00265328568608,-2.76473,0.174265103771,0.00547607944697,7.69724490926,0.98447756791,0.0321817877262,0.00717049253589,2424.63,7.92043,4.39502257741,0.0145711661298,3.11957536989,1e-06,4.46764239993
16,-0.0422477627863,0.0561375425703,1.86121067274,10650436.3141,0.0527256,0.835225992857,0.00432965,0.00753862,0.0139716648317,0.00166570233775,3.20183,0.111434579013,0.00389788641712,9.28258133702,0.981903401643,0.047561141638,0.0109820913542,2477.44,7.93185,5.94271440669,0.0163027714849,2.59230008232,1e-06,6.09721158898
17,-0.0215413320855,0.0574049850404,2.00332120493,8873675.57484,0.616481,0.435844277547,-0.00770069,0.0198089,0.0504494621932,0.00266501376439,3.54924,0.292608663427,-0.0182257629385,7.7640964052,0.986125077879,0.0291597824058,0.00713747712851,2553.81,8.02338,4.35659437198,0.0380643977448,3.14119084459,1e-06,4.42720305844
18,-0.0343953702173,0.0683307320583,1.97629075412,9019526.10088,0.429809,0.688405178202,-0.0122523,0.0278954,0.0518453150576,0.00164789403009,-32.5087,0.226540701293,-0.0110283316796,9.32463609234,0.987883757251,0.0361260705398,0.0109509563583,2625.09,8.14219,5.99813698946,0.0314783684208,3.79478373513,1e-06,6.15497383868
19,-0.0453473988717,0.086756513563,2.00394736326,11408662.3579,0.395843,0.765108056223,0.00493673,0.0188174,0.0416567548047,0.00158982170367,-13.3253,0.688693958714,0.0103660603378,10.8021858077,0.991292738185,0.0732829620527,0.0113553033796,2669.16,8.16153,6.01823599631,0.0335588995519,3.62256566938,1e-06,6.17683841757
20,-0.0290978214541,0.0659266533943,1.8639356997,7870418.0758,0.236437,0.812969527658,0.0166736,0.0181929,0.030398402446,0.0025962055497,-4.45236,0.113942234483,0.0204777822526,9.14092475299,0.984182593346,0.0405234600479,0.00788807957059,2754.45,8.18876,4.55540685542,0.0267387885014,3.06697391602,1e-06,4.63702998941
21,-0.0252565182988,0.0512674515927,1.90639434013,8551482.15296,0.0963828,0.838852470984,0.0194543,0.0205356,0.0241857220055,0.00214116398863,-1.38952,0.390993958876,0.0183219301611,9.14502984694,0.978671744731,0.0401444087981,0.00835797540059,2817.01,8.17249,4.64335510509,0.0186922484866,2.88103413869,1e-06,4.72971975538
22,-0.0340048511475,0.0516518886806,1.84416825621,12802222.5433,0.137759,0.978341400686,0.0178885,0.0183435,0.0218440490213,0.0022215671298,-8.35143,0.741626917042,0.0187938898564,8.61677955043,0.977603211916,0.0417601075549,0.00922463222906,2892.23,8.17095,4.96168042733,0.0191530951304,3.0387210315,1e-06,5.06356960418
23,-0.0297888821634,0.0445088552209,1.08563566116,14362005.0584,0.234624,1.28502681625,0.0221789,0.0233809,0.0319491776667,0.00222432575543,5.178,-0.00177200809905,0.0238816926828,10.1622733518,0.972408397649,0.0460448686241,0.0103617448797,2938.67,8.19085,5.39815954665,0.024262151686,3.14717175973,1e-06,5.52545876819
24,-0.0346804189278,0.0559300471384,1.65718131845,17254269.7335,0.163921,1.39508157742,0.0174054,0.0181926,0.0255318384687,0.00337631691797,1.21369,0.0126526581162,0.0188935593652,11.2368008909,0.968331244596,0.0466864931311,0.0108177062974,3022.36,8.1905,5.49981680808,0.0220549811597,2.45751083222,1e-06,5.63147684307
25,-0.0335840629289,0.0745745855124,1.93935935394,18513119.7713,0.0339656,1.255881519,0.0119134,0.0126978,0.013773325615,0.00175151385111,-0.735008,-0.0334484919212,0.0109053249308,10.4545789659,0.975747131915,0.0371744583223,0.0101594127882,3108.27,8.17994,5.39376546618,0.015300261053,2.95017518988,1e-06,5.52168256733
26,-0.030714007391,0.0389101102138,1.08590494518,21901824.1112,0.00651985,0.9840032342,0.0106246,0.0107579,0.00695159210656,0.00219749136847,-2.59303,0.332803323759,0.0108204336042,11.1186551423,0.973965807406,0.041042839525,0.00898219913874,3269.64,8.1715,4.87140056139,0.011935623464,2.92241207969,1e-06,4.9694706425
27,-0.0296370025845,0.0562436165513,1.95805041105,24264022.8356,0.110457,0.798397345607,0.012084,0.0128257,0.0166973861868,0.00258720195816,-10.1608,0.281013966184,0.0134068024057,9.57396211579,0.980207677659,0.0315460406551,0.00797865638861,3349.31,8.17215,4.69348013301,0.0185164530723,3.30884775673,1e-06,4.780933999
28,-0.0344234365982,0.0453972581981,1.28151750121,22964243.4481,0.069877,0.786785959157,0.0122013,0.0124367,0.014791905703,0.00225267966246,-0.44949,-0.00398005919031,0.0121003934921,8.36255689123,0.977474546236,0.0378418525459,0.00821661867522,3418.67,8.22533,4.69658409642,0.0172245169727,3.20396136136,1e-06,4.78461158722
29,-0.0267618922361,0.0448360713965,1.81319781895,21883097.7669,0.0528132,0.785664711242,0.0117961,0.0124097,0.0130729579608,0.0022841221717,-11.6687,0.267045357549,0.0119121205762,7.80416187598,0.980497417896,0.0354222648646,0.00813711936432,3461.98,8.25216,4.69383100053,0.0152608147578,2.85272082527,1e-06,4.78176213371
30,-0.0319172002549,0.033741651331,1.50023060577,28143679.5424,0.310819,0.795668589934,0.020167,0.0212095,0.0295575975124,0.00262867303021,13.6078,0.724900111171,0.0241523867653,8.16936325134,0.979126954794,0.0332493676362,0.00831262847789,3532.99,8.37334,4.726848952,0.0244530236418,3.14012225971,1e-06,4.81567426819
31,-0.0404283123404,0.0280649698138,1.46039396687,24413327.474,0.868727,0.803272772764,0.0187668,0.0215849,0.0358938652832,0.00236573109099,33.3206,0.795823299394,0.019872450306,8.03687963896,0.978481263241,0.0338803377081,0.00836199119458,3656.41,8.51138,4.7269527618,0.0284882291532,2.97603748319,1e-06,4.81634153478
32,-0.0314968976622,0.0401935178112,1.91225447158,36020323.1524,2.20936,0.746030129556,0.0194689,0.0363373,0.0708147980975,0.00251961804821,92.9124,0.638508018966,0.0206078918246,7.86592657491,0.980052233857,0.02964946702,0.00827484882699,3772.48,8.72591,4.64795576533,0.0499214196776,2.90238616403,1e-06,4.73304043893
33,-0.0304953464056,0.0333855933211,1.36842260912,38013209.6586,4.66954,0.775914108137,-0.00174103,0.0217767,0.0680713097613,0.00245666412923,87.5511,0.283805019422,-0.018201120607,7.86814317141,0.979735115334,0.0387600302761,0.00812019898503,3895.8,8.804,4.67347322097,0.0544491781235,3.12240776369,1e-06,4.76004646734
34,-0.0248056000523,0.0526516140799,1.72020769063,44697589.6809,3.58647,0.793579550505,0.00942374,0.0309212,0.0723960173555,0.00306575733056,20.8976,0.212067426663,0.0113225879423,8.0382085863,0.9789049718,0.0324616437505,0.00804210513092,4029.96,9.0347,4.70120834369,0.0530410453027,2.6494436205,1e-06,4.78814202316
35,-0.026145433855,0.0374950878514,1.27843079677,51390872.6407,7.32596,0.757522426616,0.010188,0.0360307,0.105471177106,0.00269973735858,135.275,0.0862392453385,0.000381541826284,7.92968957635,0.978693193581,0.0290905574572,0.00793844277901,4155.66,9.2714,4.64516340134,0.0786408500415,2.96447730769,1e-06,4.72988445998
36,-0.0325735785219,0.0338881433374,1.68690964537,50195386.1945,1.27804,0.799119419663,-0.000820782,0.0226447,0.0450378654118,0.00250319909132,70.1497,0.795118550366,-0.00882889965916,7.97805246004,0.979547704685,0.0322267663879,0.00815918253426,4282.75,9.3238,4.70038444259,0.0316732964732,1.72949695009,1e-06,4.78830952651
37,-0.0329004174763,0.0544388412762,2.00341263672,54900635.5993,1.69755,0.720875937967,-0.00884188,0.026767,0.0600714436233,0.00198232078248,-56.6385,0.797828462449,-0.0216409155293,7.43751583381,0.982319771951,0.027456627558,0.00684848380779,4423.47,9.38603,4.03998482871,0.0413511189816,1.71695468608,1e-06,4.10144007262
38,-0.0221739049296,0.0732047718665,2.09775357762,50849101.3463,2.66865,0.71882361643,-0.0117161,0.0320775,0.0788026283212,0.00192462223632,-141.407,-0.0641152120573,-0.00471382087655,6.62801748865,0.980192558315,0.0297032294412,0.00691568170971,4538.83,9.41946,4.04960483931,0.0553343982406,1.78569024201,1e-06,4.11139086805
39,-0.0220629408235,0.0578964650736,1.97895139367,61339808.8962,1.69849,0.68935680305,0.0163139,0.0304451,0.0556522093475,0.0021528824788,-79.2529,0.269503521251,0.0247155201184,6.49644656543,0.977978892482,0.0256928186655,0.00700717537526,4693.21,9.44052,4.14478592466,0.0364490242865,2.18576437721,1e-06,4.20956605086
40,-0.0218020087264,0.080100693493,1.89412969744,57114135.5604,3.06403,0.637229584578,0.0233406,0.0274098,0.0531779494555,0.00250925997723,75.1435,0.117042351235,0.0356491468199,7.08181696681,0.979722569063,0.0262981077962,0.00692349182748,4822.92,9.48326,4.17221682319,0.0397729814928,1.89964933229,1e-06,4.23707294667
41,-0.0268428151261,0.0707511163205,2.10827997879,43256124.9662,3.97335,0.688346439271,-0.0100009,0.0196344,0.0675688479256,0.00203209516938,52.524,0.269406949281,-0.0326066721818,6.01706091679,0.981450556331,0.0289954786381,0.00678449299276,4943.56,9.53157,4.05541325054,0.0526715619819,1.97845671817,1e-06,4.11710843582
42,-0.0306622519362,0.0766904870582,1.99782573725,52925581.7032,5.86469,0.678094213013,-0.00834806,0.0254842,0.0758648965078,0.00207723319051,-127.351,-0.0812248436392,-0.0146116217838,6.73080222119,0.980939808003,0.026188877966,0.00709712293484,5049.58,9.70592,4.14695629226,0.0581662380525,1.90413995619,1e-06,4.21193312896
43,-0.0257196555671,0.0520865813889,1.94659542483,60990049.5071,18.629,0.681001233311,-0.0112084,0.0411701,0.169750289752,0.00228930412264,-167.357,0.471756857055,-0.0345620474492,7.40164512779,0.978863389182,0.0286677567075,0.00792016265012,5150.1,9.78213,4.41378264485,0.137636074813,1.93446183632,1e-06,4.4888397561
44,-0.0232283200124,0.0622782318695,2.00514335329,57340539.0455,15.4166,0.70924536269,-0.028146,0.0551821,0.150543866015,0.00193002832452,-232.555,0.511083158285,-0.0174449492054,5.90607395927,0.98103426468,0.0281545555201,0.00685776558511,5277.82,9.92923,4.03287986115,0.103102195109,1.87864407775,1e-06,4.09402413873
45,-0.0362494282712,0.041131895831,1.53599392892,77675632.1094,32.2971,0.708203862668,-0.0138074,0.0511699,0.201346353896,0.00161208561587,-222.228,0.473730095181,-0.0658313817868,7.07779218265,0.979428152959,0.028290088507,0.00765583876452,5403.81,10.1952,4.28133027908,0.161064574111,2.1868676091,1e-06,4.35268904033
46,-0.0279243929068,0.0468219021722,2.00505029526,83441320.6608,88.8379,0.681142646355,-0.0692315,0.0984634,0.380853620987,0.00218520169045,-226.982,0.799732358197,-0.0704553217396,6.42218861511,0.982443415997,0.0255528709593,0.00688802872023,5509.67,10.4615,4.09863177379,0.287472603154,2.10606888383,1e-06,4.16163888792
47,-0.0291662776729,0.0527356189901,1.98910095608,75913079.679,167.004,0.723857919578,-0.0553892,0.140218,0.429530515519,0.00164280613465,-518.326,0.748750294822,-0.183642853939,7.31861755875,0.979624722136,0.0258957087906,0.00735712616699,5623.49,10.9144,4.23725489874,0.300715139296,2.14083350034,1e-06,4.3068987182
48,-0.0339139104145,0.0489334560748,1.80423213171,65469340.1278,118.611,0.77061293455,-0.00585283,0.104423,0.281474321598,0.00199966209581,-524.954,-0.0182165191079,0.0671988452335,6.73077988061,0.980167584109,0.0269455592174,0.00730620484751,5730.29,11.0772,4.12919712617,0.189462022375,1.80803755036,1e-06,4.19428663127
49,-0.032042446696,0.0586535381017,1.92245857563,79275976.1339,245.3,0.733952645657,-0.0408926,0.089765,0.489406102946,0.00192777934616,-417.448,0.0145524820121,-0.129759584263,7.0793401732,0.978289391014,0.0360213245949,0.0072735952886,5833.21,11.3739,4.17179564062,0.407968741461,1.94684554143,1e-06,4.23846491536
50,-0.0245765464127,0.0838646851929,2.00599104677,63531364.9584,394.604,0.727812492447,-0.060017,0.1341,0.553206499883,0.001811844533,-295.882,-0.131167662517,-0.113176871167,5.84019552235,0.97224975275,0.0248345442022,0.00664065109759,5966.29,11.6335,3.96157114308,0.42346047471,1.73315864854,1e-06,4.02058221616
51,-0.0211784716295,0.0674578733904,2.09525494736,49934557.9639,251.714,0.755300282924,-0.0749908,0.155575,0.534890221814,0.00188733007187,-271.142,0.192828579712,-0.0671795007043,6.2850136556,0.977290216707,0.028868055987,0.00682135086977,6089.96,11.8534,3.95799769016,0.384515667139,1.72735962403,1e-06,4.01688846705
52,-0.023025167376,0.0988149363454,2.10616894721,53891540.9282,433.899,0.728019498016,-0.0394784,0.175281,0.632506002411,0.00169262014014,-483.663,-0.0762874050039,-0.182841387967,6.53542093052,0.981289036142,0.028151686949,0.00670448646843,6244.95,12.1508,3.99013795327,0.467843458267,1.94010644026,1e-06,4.05030567229
53,-0.0347317066496,0.0650977781147,2.10173997326,44501701.6522,282.39,0.695354639465,-0.0493193,0.109849,0.501710076659,0.00213406911127,-417.222,-0.0799571070755,-0.0632179112843,5.94692994308,0.976630555044,0.0250367188554,0.006959790437,6388.27,12.2967,4.0748249171,0.399197926215,2.04431682694,1e-06,4.1371182382
54,-0.0329474860918,0.0732037101546,2.1029031988,45574634.5351,64.6672,0.697775664346,-0.0513364,0.106611,0.255984545946,0.00181317460683,-472.559,0.678306128315,0.0122129374923,6.29858840237,0.983217340886,0.0282082134215,0.00705339792903,6508.13,12.3807,4.06004895922,0.156168161645,1.67370997851,1e-06,4.12223385543
55,-0.0320220200586,0.0763252432243,2.00266932098,50591936.4137,308.538,0.709191609119,0.103165,0.135147,0.412831546604,0.00197153828093,-495.089,0.117408617015,0.290341626895,6.23449059644,0.975681959203,0.0317313167196,0.0069367939363,6616.66,12.4529,4.05189257128,0.293636414314,1.86562498664,1e-06,4.11373903031
56,-0.0339203365734,0.0554438351823,1.95377781123,52174663.5881,192.636,0.693587853941,0.232448,0.240677,0.571904951989,0.00192833219563,-384.601,0.153646878476,0.349820698939,6.48323605119,0.979601149888,0.0293506021817,0.00676451787321,6751.23,12.5699,4.0538006792,0.350002846375,2.00515594209,1e-06,4.11571876236
57,-0.0281888875005,0.0736248881704,2.06554081972,50733051.1823,183.407,0.731467053958,0.304796,0.323501,0.647290736426,0.00193160800924,-234.274,-0.0521398538964,0.342238115793,7.03517435863,0.977366909487,0.0286694465603,0.00705449734989,6887.75,12.6201,4.03748636401,0.342368730061,1.71200517563,1e-06,4.09896554277
58,-0.0288283293396,0.0504774580349,2.10047915271,42096088.5365,281.193,0.851431996304,0.240093,0.266292,0.579608866969,0.00204725583796,-30.3922,0.159013609108,0.330145467127,8.23799830746,0.978743652489,0.0380304592766,0.00822993736372,7011.96,12.6258,4.67469159175,0.330296151267,3.06688035336,1e-06,4.76268430906
59,-0.0337826678008,0.078583927529,2.00356624016,42239111.4438,288.847,0.787061429726,0.264488,0.284605,0.592160254696,0.00248830476622,334.332,0.17345665521,0.310007400191,8.05619895339,0.98599153646,0.0358873731307,0.00803932622758,7082.67,12.643,4.62331219128,0.32461941722,2.86491327285,1e-06,4.70768657345
60,-0.0319096060256,0.0458087901245,1.81332462176,53405072.145,178.072,0.803167234047,0.179912,0.206826,0.42992703583,0.00287617103131,631.818,0.152967482113,0.193917166898,8.77323389828,0.979901056931,0.0512223659195,0.00818263893758,7170.39,12.6237,4.68419843711,0.2374317656,3.19766922007,1e-06,4.77072074227
61,-0.0284460771761,0.0373370233463,1.05368645727,58216126.1528,128.679,0.695660054729,0.0669634,0.189796,0.379346827864,0.0025628070437,630.232,0.10733979928,0.0547263927759,7.93837902899,0.979045486739,0.030441024897,0.00783094400592,7271.47,12.6002,4.59872364915,0.198383062731,2.38038081663,1e-06,4.68129475896
62,-0.0312681742356,0.0507664088664,1.89881567414,54410142.7556,32.6175,0.779809487776,0.0393868,0.130099,0.209018088026,0.00236930124561,609.419,0.135230961095,0.0692221628411,8.16776077893,0.979502522353,0.0403889588007,0.00808346515528,7381.77,12.5665,4.6521508659,0.0895415256238,2.94174020709,1e-06,4.73798423388
63,-0.027431379655,0.0471964371524,1.94947418476,52174547.1771,526.002,0.77069205454,0.0367295,0.255107,0.684009776934,0.00244077675795,897.567,0.463344130309,-0.128794791193,8.3359335956,0.980878183055,0.0346188423566,0.00820685670352,7454.31,12.5546,4.67234345016,0.439447175214,3.16298027284,1e-06,4.75886473248
64,-0.0331032931976,0.0391832068237,1.03865135308,61547935.5729,73.0613,0.772383316119,-0.0215504,0.161175,0.301809515994,0.0023326180909,755.236,0.176076215837,-0.0587715645291,7.82123708491,0.976992782728,0.0295627485272,0.00816616854506,7553.98,12.5957,4.66358719635,0.147895512691,2.85019766432,1e-06,4.74985239016
65,-0.0259760713862,0.0743547286289,2.00400320159,72137820.5357,160.219,0.796446178127,-0.223532,0.274242,0.456385086202,0.00255699903839,475.779,-0.0160939388997,-0.168470632408,8.10505063077,0.982029880708,0.0333939141817,0.00833652647854,7661.37,12.5802,4.69866964538,0.188083839505,3.18310262864,1e-06,4.78628613574
66,-0.0326208365536,0.0352450180079,1.8968594157,61394427.4742,536.718,0.797466528626,-0.383798,0.408516,0.895870395717,0.00274122508579,157.98,0.735369371504,-0.472652159313,7.71843502378,0.980767078685,0.0295575446054,0.00837013056759,7763.48,12.6459,4.71125048712,0.492306326992,3.1249959027,1e-06,4.79912430479
67,-0.0305661781028,0.0458639108762,1.93593173317,66873072.4086,236.846,0.778057977853,-0.155,0.26126,0.458026014987,0.00241468872082,-225.889,0.795314132387,-0.186683572957,7.88252690238,0.981323035138,0.0348494322962,0.0082113104323,7860.2,12.6264,4.674590814,0.206253870698,3.00803097158,1e-06,4.7612398567
68,-0.0272333819227,0.0544344145239,1.49996869748,63779298.0876,262.85,0.779608028168,-0.07877,0.159454,0.390165822216,0.00242131479051,-208.397,0.175496725022,-0.192246349114,8.15173658513,0.977936580947,0.0326001605917,0.00819700193051,7982.72,12.6344,4.66954653976,0.241421885156,3.0633010389,1e-06,4.75600158122
69,-0.0294383650597,0.0320920752736,1.6934798123,59441146.4399,106.485,0.754703392516,-0.192267,0.217202,0.394694908197,0.00252822626609,-262.261,0.736644043953,-0.0845647346677,7.57299413733,0.979300742544,0.035215648711,0.00792375860936,8067.59,12.6524,4.67281462097,0.182714142916,3.03785856119,1e-06,4.75915228656
70,-0.0325350654459,0.0377176252002,1.66714172224,57918157.7511,18.5139,0.796536811303,0.0334985,0.114206,0.165230407163,0.00218989109992,-448.527,0.487368921939,0.0474068507559,7.93249496716,0.980323479741,0.0316557495653,0.0083495319829,8180.53,12.6427,4.68314265204,0.0667907810014,2.92127113027,1e-06,4.77076351933
71,-0.0378257579691,0.0342875486481,1.06767592329,56013886.0628,89.5612,0.803437210659,0.201326,0.231623,0.419368579232,0.00239051962683,-272.601,0.147941280427,0.202421036404,8.04965009206,0.977908777264,0.0350446979563,0.00835057449593,8313.39,12.6563,4.69533192357,0.20253472067,2.77833246291,1e-06,4.78313405461
72,-0.0237228202286,0.0836468233545,2.08045513863,64495600.381,140.727,0.732992159225,0.130266,0.162056,0.337194385819,0.00184638022744,-119.864,-0.111041165946,0.189438626162,6.42820416204,0.975889758597,0.0260827627025,0.0067666127439,8448.06,12.7509,3.97419088333,0.189560038933,1.65477547839,1e-06,4.03355987585
73,-0.0233577679417,0.0797001625964,2.1080406504,68647571.5847,387.352,0.750984195259,0.19095,0.224935,0.592989810902,0.00172798360431,28.2825,-0.114344387438,0.384953789644,6.57846029253,0.972780629361,0.0233336509468,0.00682275027494,8542.47,12.8403,3.96119860793,0.385091251775,2.01924356076,1e-06,4.02038019772
74,-0.0243561113693,0.0897547416378,2.08765250508,70616261.1586,344.299,0.742693723748,0.181422,0.278163,0.59563358076,0.00191240146332,232.21,0.150577621047,0.289323087649,5.71850752265,0.97760018128,0.0245552007976,0.00669445868256,8674.86,12.9671,3.95367903293,0.329791437129,1.59662409668,1e-06,4.01234475928
75,-0.0229890234451,0.110138605521,2.07406539018,60401249.7355,356.681,0.743959688679,0.208722,0.332017,0.663503056305,0.00160075324117,654.763,-0.0555227989169,0.238181613148,9.34890964895,0.975610923045,0.0262107198367,0.00660254452563,8836.39,13.058,3.93679392757,0.342897841619,1.82568571368,1e-06,3.99533798171
76,-0.0220967536948,0.098315228556,2.00083147745,61678696.4985,253.324,0.78519963703,-0.0466817,0.189593,0.477136897979,0.000686249117702,819.177,0.10263291751,-0.0610754620925,7.28201006657,0.974273571622,0.0310768299494,0.00645395134655,8988.81,13.0443,3.52095912796,0.294930416736,1.5805192327,1e-06,3.56763100412
77,-0.0279847701965,0.103101516613,2.10438606996,57957095.0385,375.505,0.777906199097,-0.194302,0.228704,0.610354902547,0.00197531416779,677.312,-0.0800919617872,-0.366606964775,9.89745413294,0.972904767548,0.0259742252743,0.00662380873691,9113.14,13.0653,3.9944079016,0.386204132587,1.6535316547,1e-06,4.05485685298
78,-0.0332435492215,0.0962187506948,2.08873045485,71563399.5412,604.295,0.800157439833,-0.463785,0.56285,1.04239135625,0.00180884257934,429.41,0.176169534927,-0.468083143104,9.50266311169,0.979312574487,0.0258192420109,0.00672138229414,9240.5,13.3112,3.98484188016,0.487673790663,1.65292991902,1e-06,4.04529564036
79,-0.0386699554477,0.122328042075,2.27123668882,70119292.176,10314.3,0.817134896226,-0.777852,0.878552,2.9648394033,0.00167626197283,345.119,-0.105479130429,-2.07214657912,9.90115773591,0.975557520481,0.025702071888,0.00670325878303,9382.1,13.6248,3.98640409747,2.09177821736,1.82854965817,1e-06,4.04721558656
80,-0.0397120052052,0.108526111408,1.97662197716,54085397.0285,18055.8,0.829654870364,-1.406,1.5129,3.86882473982,0.00170963480193,1167.86,-0.0533593610808,-2.24649656217,9.98172580119,0.973509276848,0.0399421343801,0.00692390925874,9513.69,13.735,3.95917146869,2.36154360491,1.48306179233,1e-06,4.01900595549
81,-0.0267527480518,0.11129671982,2.10698111062,52982655.2923,42129.1,0.770841315449,-1.83525,1.95553,5.29948909138,0.000650269492206,1861.07,0.0949268269069,-3.13465100129,9.66668453603,0.970993413103,0.0488882180716,0.00652449827314,9637.09,13.8511,3.50255974753,3.35068322534,1.85670969218,1e-06,3.54863059017
82,-0.0252493366116,0.159155077197,2.02979709697,43717058.0431,179235.0,0.758490088103,-2.64901,2.8439,12.1450016756,0.000438617016537,4722.31,-0.496783016816,-9.2627559469,7.7143878258,0.936778009574,0.024649946466,0.00642321867961,9728.85,14.2099,3.44815089124,9.31055704224,1.63725258217,1e-06,3.49282058509
83,-0.0279110001309,0.123003255559,2.71779382164,36402483.1014,166399.0,0.761706803727,-4.06675,4.15034,13.283969922,0.000624285218693,5764.9,-0.12709327247,-8.32877848564,7.66883857475,0.94516605284,0.0270575335416,0.00624410852655,9828.28,14.3762,3.45374253987,9.14119820602,1.749781496,1e-06,3.49838272794
84,-0.02199127849,0.138958214876,2.12245989679,48469743.7724,336959.0,0.76313055262,-6.11682,6.12425,16.0559097911,0.00176288124962,4122.76,-0.312797391402,-9.6577955044,5.70748221276,0.946766552145,0.0268980490913,0.00668935877673,9922.65,14.5214,3.89999637083,9.93890974992,1.86911734246,1e-06,3.95717239752
85,-0.025243816949,0.119008995894,2.27928258025,45334636.0083,105187.0,0.756474751021,-3.31689,3.60764,8.0564930626,0.00167728491494,2312.03,-0.163351014824,-2.4088015623,6.66192851834,0.969830585936,0.025569801815,0.00653043133141,10022.1,14.825,3.88008347812,4.45436952809,1.92836482486,1e-06,3.93671196978
86,-0.0238142207689,0.12057708918,2.12370210404,46701146.8341,480900.0,0.774732638005,-5.20006,5.58575,16.9826085424,0.00145545200295,2756.61,-0.183295762615,-10.6752531716,5.7860645025,0.976478017828,0.0267890269943,0.00664809000272,10115.8,14.9876,3.84479395721,11.4058350149,1.67824898632,1e-06,3.90059753177
87,-0.0193928681497,0.109428784083,2.30857696026,48288375.2213,804402.0,0.776962801451,-9.0393,9.45457,23.6461059496,0.00159869039891,4564.23,-0.124509652128,-14.190602065,5.84420360667,0.976423599296,0.0251970045595,0.00643891749725,10247.4,15.2694,3.85152796434,14.2102125551,1.63087197297,1e-06,3.90741138309
88,-0.0193406050177,0.0995466639396,2.10270544593,69490664.9289,897489.0,0.755543621249,-9.30282,9.30617,26.0573244381,0.00167831442204,3802.42,0.108261190559,-14.1200630071,5.83767330219,0.978043311674,0.0242733847991,0.00650285974721,10382.6,15.3703,3.90621892229,16.7569562549,1.73230558854,1e-06,3.96368077308
89,-0.0205469838979,0.123198230287,2.57618463596,68131159.3716,1.20256e+06,0.772894961554,-6.19716,6.98756,23.2125462431,0.00171013622549,5957.32,-0.0792721876302,-14.2734964106,5.97703940729,0.980066383889,0.028889595599,0.00664468371728,10484.8,15.7266,3.87263996647,16.2350825745,1.73860799126,1e-06,3.92902198764
90,-0.0212332353675,0.131910596662,2.64445020187,62875642.8435,510048.0,0.780134052707,-6.07319,6.15354,12.9759766146,0.00180907293074,6156.74,-0.144354767545,-4.3775051214,6.37862216567,0.983839337149,0.0275201230167,0.00644263167845,10560.5,15.8827,3.87182062716,6.82624248323,1.79005367056,1e-06,3.92824514298
91,-0.0188810718524,0.114092294653,2.28580863184,79445897.5836,1.17656e+06,0.777554090264,-6.42127,7.47727,23.3943890293,0.00168776806244,3384.28,0.0619421880515,-10.7435412657,5.78337899986,0.976145779852,0.0251978100747,0.00658135598725,10652.5,16.3202,3.89593035971,15.9272666921,1.86283267739,1e-06,3.95325544562
92,-0.0239663399092,0.1001245205,2.16519956429,121936602.465,916067.0,0.878715372519,-6.88692,8.38918,24.5273759612,0.000792007879965,1301.45,-0.0810255486463,-13.8580192914,6.84650602124,0.973430910513,0.0325772025768,0.0068532206392,10725.0,16.4693,3.9437646217,16.1558764383,1.75764449232,1e-06,4.00589490617
93,-0.0227410992903,0.0779289613179,2.10139239031,104012402.334,235951.0,0.798631986633,-7.54068,8.80735,15.1641705857,0.00143718967117,-3595.4,0.473546806747,-6.34478711096,6.21007912985,0.976721599184,0.0265233041925,0.00679239688988,10815.1,16.8467,3.96223902553,6.36433799194,1.96372338845,1e-06,4.02315500944
94,-0.0301455037377,0.133944518387,1.91621139118,114483671.799,1.41245e+06,0.825081916352,0.0884894,4.52399,16.5787391773,0.00123052715888,-3091.33,-0.213937707435,-7.46796251905,6.21671043362,0.961483206869,0.0281031705608,0.00701208463635,10887.3,16.9581,3.91115196283,12.0710744786,1.74691558932,1e-06,3.97079242531
95,-0.0231660287035,0.16449772537,1.92962167112,101854314.691,1.4753e+06,0.786034009918,-5.16458,6.44436,21.8204971845,0.000756578312845,716.929,-0.326853083065,-10.8487136578,8.50103925209,0.966412321475,0.0239944106199,0.00618689898769,10954.8,17.0916,3.38113356419,15.3884271314,1.33877249557,1e-06,3.42412157347
96,-0.0244334721176,0.205093592271,2.11017565081,126109948.568,5.85671e+06,0.725587593436,-20.5374,20.6323,80.5391596019,0.000526381328904,1706.29,-0.290313491196,-47.4204135292,8.25238182043,0.993637209503,0.0281804546644,0.0066104529336,10983.1,17.3978,3.49095462951,59.939157036,1.78234983048,1e-06,3.5370873488
97,-0.0260086707569,0.193420767624,2.09362809585,130394256.235,3.97905e+06,0.787798289191,-20.3917,20.4732,58.1717673988,0.000889818273314,-2871.72,-0.21158012318,-28.5943056639,6.3739661183,0.973743005069,0.0268894223797,0.00704500792491,11018.4,17.6372,3.79770407232,37.7256758411,1.84839579954,1e-06,3.85390911721
98,-0.0321802587796,0.239594661941,2.33866747278,132572623.793,3.76957e+06,0.816186949032,-20.2373,20.6452,60.3024079617,0.00100247149522,-1888.48,-0.70150388826,-24.5382966576,7.24028870378,0.97050415926,0.026877977573,0.00703736592928,11073.1,17.79,3.85915427794,39.6784879924,1.70734228672,1e-06,3.91766199354
99,-0.0438461097442,0.380258082384,2.28180059615,151520929.07,2.29731e+06,0.827981684945,-19.5761,19.7021,45.3521323547,0.000938302909617,-1574.87,-0.901063384099,-18.0339496037,8.09693148855,1.00146318852,0.0260300975145,0.00710047059931,11114.9,17.8184,3.92088815095,25.6629188582,2.01809686945,1e-06,3.98177798155
100,-0.0335256676094,0.251516433236,2.53862854917,156844553.609,6.50344e+06,0.8306759836,-30.9177,30.9297,82.1442610662,0.000914247820515,-3343.05,-0.37843029995,-40.7515747614,7.77832863518,0.971695703045,0.0267513250823,0.00704773967155,11210.3,18.1238,3.87199758724,51.27394255,1.99528789862,1e-06,3.93121323988
101,-0.0275979517021,0.279131021046,2.41378984965,163729499.315,1.39317e+07,0.816982083193,-45.8359,45.8687,134.707317375,0.00105924411245,-14421.5,-0.283050301,-73.1728245276,8.06407820949,1.004006199,0.0268097535862,0.00690597003787,11311.9,18.6121,3.91963358826,88.9178459207,1.69267057038,1e-06,3.9802349724
102,-0.0318802715168,0.254755208104,2.47135402568,192702860.773,2.3599e+06,0.837085113695,-8.16963,12.6198,33.4764400163,0.000751689903144,-26793.3,-0.729632065036,-6.96109430158,8.97984083499,0.991852622442,0.0293781399621,0.00778345448242,11431.3,19.1339,4.15994361376,20.8680142345,1.95020796741,1e-06,4.23047849563
103,-0.0392078281567,0.257649768532,2.34848126767,216668020.06,6.12106e+06,0.81000321487,-10.8335,14.9663,61.2551016511,0.000638369678945,-33986.2,-0.250771303831,-24.6567237135,8.74147352125,0.984154675171,0.0279163142505,0.00754002642285,11546.9,19.1838,4.16839849474,46.3116278709,1.34402977308,1e-06,4.23917758777
104,-0.0330522100875,0.305048187584,2.52426004882,222860425.077,658699.0,0.783098320015,-1.38138,10.4812,21.008388724,0.000843442449593,-37001.0,-0.180978476818,8.6154651086,8.30547284937,1.03295495247,0.0299792868418,0.00774318729211,11631.6,19.1905,4.12810423723,10.5412087496,1.7322098368,1e-06,4.19679376148
105,-0.0387505242015,0.308732309146,2.42558603873,237049231.442,1.97675e+07,0.801284386196,-31.7534,32.0628,131.733489718,0.000965601259043,-33614.9,-0.102778331308,-96.0317587532,8.44144728785,1.05431029108,0.0258463825337,0.00756037670202,11716.5,19.5218,4.12323979127,99.7137733969,1.87825181382,1e-06,4.1917246744
106,-0.0400295243493,0.334129602767,2.0317654082,196271926.805,5.79413e+06,0.855929016456,-38.3652,38.3674,78.7413366201,0.000870317107575,-34340.8,-0.394731582999,-32.634988344,8.7220457501,1.02681473532,0.0435990851555,0.00804491022313,11819.8,19.7405,4.1970941429,40.4108494403,2.06987164931,1e-06,4.26901679434
107,-0.049248690918,0.391110963096,2.1528289897,187282654.734,4.2015e+06,0.853255070461,-28.6703,28.9122,64.4248830462,0.000608073805454,-31835.1,-0.945713608448,-20.730808572,8.86779042069,0.974356063563,0.029333097531,0.00769554926526,11899.4,19.8582,4.1020997146,35.5366939069,1.62960766132,1e-06,4.17077584198
108,-0.0318445855335,0.286366542808,2.13624768518,190835336.019,6.22746e+06,0.894285280214,-19.5325,20.1854,74.2172494448,0.000630764344283,-31778.0,-0.360491886036,-35.7045520165,8.59532376404,0.986023808793,0.038790996428,0.00803195608011,11990.6,19.939,4.18790271167,54.0685558154,1.88252115,1e-06,4.26009868777
109,-0.0294907167196,0.26207517254,2.45038481683,133373412.05,1.48911e+07,0.886982472279,-44.6543,45.2884,127.502152118,0.000547624495794,-25611.7,-0.984677091048,-47.9435794603,9.29010774923,0.997207906577,0.0292864660734,0.00767491609912,12082.3,20.2573,4.12593643633,82.287553888,2.01428165883,1e-06,4.19576710699
110,-0.0311006279406,0.335799590176,2.24661039471,118903972.035,9.17479e+06,0.839943188885,-34.662,36.7503,94.790094632,0.00102486491699,-22568.5,-0.344008561269,-15.8675316386,10.4072126609,1.06852755667,0.0315658929275,0.00787748685446,12171.9,20.3416,4.34631364633,58.0739717382,2.02717716302,1e-06,4.42377312556
111,-0.0499505793504,0.303564565655,2.4989832935,132141955.606,8.26038e+06,0.850199688294,-17.7741,25.8489,89.057879643,0.000999697956014,-31714.2,-0.202004300781,-11.1415052204,10.1918241451,1.05856236817,0.0268317634199,0.00821379990585,12263.9,20.5036,4.3935081049,63.2304676517,2.11551737788,1e-06,4.47304410143
112,-0.0366804996968,0.224475754267,1.96899726636,159064796.312,1.19059e+07,0.772216417468,-23.9538,24.1528,91.7638121126,0.00100292807591,-35825.1,-0.395503147959,-20.971572849,9.73702440828,1.00173194907,0.0261865143984,0.0078744616668,12401.0,20.6593,4.39893801543,67.6365442983,2.5553833402,1e-06,4.47811775405
113,-0.0378280313896,0.153250651433,2.15655491924,137954579.298,6.18741e+06,0.721219755897,-9.38712,14.1995,65.889295591,0.00103222352463,-40733.0,-0.200714297082,18.089146237,9.92303816311,0.978981281864,0.0342723309771,0.00802228311566,12565.8,20.7641,4.34339416448,51.7082094136,2.3543085937,1e-06,4.4197366227
114,-0.0487170604879,0.186850878326,2.45694009689,136301503.808,1.8426e+07,0.710040453601,-26.2109,28.063,94.2873166272,0.00116741976096,-40944.7,-0.236980065014,-66.2358586229,9.61128109652,0.988305618987,0.0296923475903,0.00794877099956,12703.0,21.0038,4.36145565799,66.2555621111,2.48637864181,1e-06,4.43834233076
115,-0.0216328337837,0.273299988548,2.29071912319,107189098.42,2.38299e+07,0.704032187096,-53.654,53.6939,146.215711043,0.000470939268439,-19524.4,-0.715647652477,-80.9180057718,8.05893311141,0.954285794126,0.0231083014624,0.00662965636199,12821.9,21.3517,3.54821002762,92.5943370438,1.85827025595,1e-06,3.5963109287
116,-0.0248760917181,0.359378380197,2.7546697835,103051448.347,2.01207e+07,0.733189933221,-36.6932,40.4303,118.178740789,0.000469913704819,5302.48,-0.656093084738,-7.1286264707,8.2361321271,0.923039967625,0.027197120348,0.00656745598475,12899.6,21.409,3.57386075888,77.7601764086,1.81584932621,1e-06,3.62301147336
117,-0.0370124346111,0.303733166341,2.62387139631,151054730.811,2.7643e+07,0.829941331674,-36.0929,47.3046,163.329631728,0.00068152343672,-13042.0,-0.500796115688,-63.1798029995,10.7627428513,0.945151029973,0.0383220357839,0.00798052203177,13026.4,21.5868,4.27135961682,116.094501159,1.92006508213,1e-06,4.34614075155
118,-0.0304541499352,0.267352459272,2.58412050673,143963982.125,1.87203e+07,0.8684062291,-19.2084,37.2711,138.921390872,0.00064465074156,-34966.5,-1.05322640581,18.6507719382,11.958966211,0.97275971872,0.0274648871831,0.00740274013699,13162.3,21.7033,3.97828644502,101.682955581,1.96578677715,1e-06,4.04235350875
119,-0.0428171365022,0.360884659381,2.48467204756,147288081.579,1.26459e+07,0.726980297963,-10.4133,28.6595,102.235509684,0.000584406545833,-38779.3,-0.687400675576,0.204008277052,8.53360971612,0.944012570291,0.0224137629664,0.0068387564707,13303.9,21.9086,3.54472204789,73.6341252524,1.95537378619,1e-06,3.59266846264
120,-0.0414462475339,0.32526305823,2.18066440177,202503760.533,1.37076e+07,0.894081771405,-10.9681,23.9655,91.6116360783,0.00065941085906,-47197.5,-0.762774092847,-15.3670705095,11.2245152011,0.94974519058,0.0289939448582,0.0077389297722,13420.6,21.9406,4.08908747069,67.6640336147,1.91826562205,1e-06,4.15749436791
121,-0.0446503576609,0.206664418244,2.52516346119,201009275.556,1.76031e+07,0.879624875974,-19.0439,23.019,133.044216112,0.000664919266827,-46869.7,-0.344560048505,-7.76367969229,9.27746199846,0.954737414849,0.0250364470508,0.00733737954869,13592.9,22.119,3.98533550123,110.0804945,1.94220492092,1e-06,4.04972775552
122,-0.0369055232208,0.221472275276,2.22785694853,250536935.521,1.30537e+07,0.855407450004,-8.79852,19.8832,106.093236743,0.000816398744512,-45138.9,-0.535053790809,-6.91541516197,9.0165250206,0.945740100433,0.0335393154029,0.00760491583227,13742.5,22.1406,4.10866961175,86.2313222219,2.05028286377,1e-06,4.17720600466
123,-0.040279176644,0.244134459588,2.69811602953,229360076.064,2.3409e+07,0.901787632579,16.4624,25.2082,155.647313921,0.000614010562938,-44468.6,-0.481326764324,114.483104516,12.2695167963,0.971715605651,0.0325748517939,0.00742622818277,13883.4,22.1689,4.03936563676,130.471393239,2.14769863784,1e-06,4.10602230212
124,-0.0249848540909,0.287970479993,2.84255470206,227668194.624,2.4595e+07,0.876600337555,36.5523,38.4954,170.107070884,0.00100933753109,-45439.2,-0.573070909388,15.8396738209,9.05398955394,0.95916096095,0.0314616201046,0.00747617157513,14025.0,22.136,4.01495887946,131.655621219,1.96036824395,1e-06,4.07985856676
125,-0.0457214303336,0.255311270436,2.88663515168,251130603.005,3.24014e+07,1.08161729826,17.6594,22.3249,182.886683265,0.00104918208666,-38119.9,-0.546020820028,14.7621595976,10.3619362219,0.954466438534,0.0460253938376,0.00925549416035,14158.3,22.2117,4.58144631775,160.60929247,1.74543811363,1e-06,4.67079798818
126,-0.0326762541128,0.228881008461,2.10550576725,240927508.16,1.98212e+07,1.08934916248,19.4206,24.1908,124.309828672,0.000955647287329,-32042.7,-0.20190379677,3.77149933343,10.2567147103,0.946458763142,0.042462739122,0.00899318886745,14275.2,22.3257,4.627993599,100.15725855,1.88034096222,1e-06,4.71955575328
127,-0.0398634576199,0.219110454494,2.09874478361,222579496.367,1.72251e+07,1.03273471437,14.0376,22.1276,110.671047383,0.000985153041337,-36239.5,-0.24550772004,42.5924338138,9.39942411469,0.958507805288,0.035674862541,0.00891774037299,14376.4,22.4239,4.56339895054,88.5843883942,1.91505069578,1e-06,4.6516955661
128,-0.0393252921544,0.331452547162,2.41687053463,199660749.628,3.86622e+07,0.964183287972,19.5713,28.5161,203.196640137,0.00102027256289,-38948.5,-1.15851053832,43.6701614367,10.8493184155,0.948954522829,0.0330700239953,0.00871269213301,14496.3,22.5921,4.49812417429,174.722219117,1.98002579499,1e-06,4.58278859606
129,-0.0362708516455,0.422828293676,2.25123803848,238127470.84,3.34265e+07,0.903875355863,39.8804,42.7004,212.670184528,0.000427838116472,-40222.5,-0.891620777717,125.08444529,9.03452424238,0.921176240302,0.0249300978744,0.00804820183391,14608.1,22.7233,4.13256363855,170.05034096,1.96223978102,1e-06,4.20315430217
130,-0.042221131846,0.353976452613,2.48353246819,204903265.92,4.89668e+07,0.884843475834,54.6598,56.3016,278.756892026,0.00056682784642,-59806.5,-0.460633091495,106.214964359,9.27364900973,0.912299877252,0.0259501113853,0.00769379169062,14700.0,22.9341,4.04406029579,222.555866593,1.84781384981,1e-06,4.1109191557
131,-0.0384690914891,0.381308094285,2.07403913124,193946706.739,5.41802e+07,0.911732780595,62.5619,63.4776,281.376423474,0.000605225011541,-60564.2,-0.834706582939,159.477688192,12.9933572672,0.943356454535,0.0434208997049,0.00771975124696,14764.8,23.1222,4.04007404467,218.002134737,1.84816955416,1e-06,4.10693986306
132,-0.0482278465325,0.409868990015,3.39716559013,166668244.281,5.78656e+07,0.731340228264,71.971,72.3983,272.729341352,0.000167629591034,-51009.5,-0.92514882121,60.2883573475,6.90433120506,0.895383453099,0.0222215495817,0.00698607571741,14853.8,23.1884,3.52909344767,200.435617542,1.85653702777,1e-06,3.57728837709
133,-0.0462350921577,0.392078111666,2.17727095342,179610864.522,4.1374e+07,0.743307403543,55.6236,57.0638,234.695630801,-1.63038367437e-05,-48641.8,-0.954020117813,73.8086664296,7.95373884481,0.848601814561,0.027721972252,0.00714085689621,14961.7,23.2583,3.54856446565,177.725257983,1.71400440063,1e-06,3.59774529648
134,-0.0384280886808,0.377234370766,3.21541505835,216665002.32,6.0929e+07,0.768420391562,56.0427,57.011,292.131474492,6.41331777349e-05,-58571.3,-0.720066336565,46.6557486148,7.22582250411,0.889147489128,0.027128085818,0.00717230213425,15094.5,23.3923,3.58449636563,235.220611569,1.81804024866,1e-06,3.6349916499
135,-0.0456188031418,0.321543623346,2.32629279081,259618930.074,3.19745e+07,0.915924371843,56.2031,57.1149,204.471499466,0.000525330986782,-75299.9,-0.493896240025,114.052477775,10.7596289849,0.892866627196,0.0280435292536,0.00776671709044,15240.4,23.445,4.03159647432,147.443989319,1.97977865172,1e-06,4.09836700885
136,-0.0386112341446,0.208554647818,2.1048768282,311176393.06,7.46477e+07,0.884078484258,76.8225,76.9693,354.454032052,0.000910077901938,-81563.3,-0.596452810427,187.502310356,10.8802562447,0.940768782411,0.0363449814092,0.00807560455736,15359.9,23.6228,4.23009793351,277.629223351,2.12522336651,1e-06,4.30350048577
137,-0.0488859775453,0.215071956836,2.11380575097,328214186.776,6.19707e+07,0.857158733663,91.6447,91.7113,314.444119596,0.000698388898204,-90416.8,-0.369144242127,183.979367949,10.8479785019,0.971007892507,0.0313200139365,0.00784420329478,15503.6,23.7517,4.20934671221,222.937095252,1.97352255159,1e-06,4.2820013235
138,-0.0342057771396,0.330622010242,2.47652626073,370424142.85,5.53334e+07,0.73011968243,110.049,110.123,331.56245772,0.00128196715437,-99469.9,-0.63397246931,186.071576378,8.75796608198,0.94469931016,0.0277653682973,0.00793261988588,15606.5,23.8748,4.28075196397,221.687151688,2.07059237708,1e-06,4.35425617363
139,-0.0308872600192,0.240968021363,2.0828288096,331321550.48,8.37117e+07,0.811522263861,120.568,120.668,407.823259842,0.000948917210561,-105623.0,-0.565695141487,165.532803956,11.1087261115,0.97805601657,0.0306744667742,0.00798609563479,15720.8,23.9945,4.30231664223,287.382468198,2.30287834917,1e-06,4.37791926038
140,-0.032103963298,0.198255969803,2.65474281083,358990560.971,8.87713e+07,0.768533247676,122.685,122.691,414.782482991,0.000798831897961,-118977.0,-0.252214394747,212.349660853,10.4987906832,0.975587060616,0.0267270214754,0.0079461187126,15881.8,24.1201,4.28085924735,292.334566649,2.15415881895,1e-06,4.35543786483
