AverageAbsQYDiff,MaxEsReturn,AverageDiscountedReturn,MaxReturn,MaxForwardProgress,MinReturn,AverageAction,AveragePolicySurr,StdForwardProgress,StdReturn,AverageY,PolicyRegParamNorm,AverageAbsQ,MinForwardProgress,StdEsReturn,AverageEsReturn,AverageQ,AverageAbsY,MinEsReturn,QFunRegParamNorm,AverageReturn,AverageQLoss,Epoch,AverageForwardProgress
1.52608501103,63.8229461012,48.4775634845,77.3320584838,0.560358585114,8.14458913684,0.76121,-2.255,0.160124767541,18.9453288839,0.109724014345,16.0831,1.62067,-0.00997794156466,6.42915870645,9.43163458448,1.55385,0.109724014345,2.09901274124,12.5295,60.515861834,3.10524,9,0.425828772243
0.198411417869,18.8408006535,5.70745106123,10.0583110753,0.046951207786,2.59329429027,0.96981,-0.449309,0.0103019665298,1.74131480524,0.331770327461,16.3718,0.378003,-0.0364483695931,2.86927796845,6.82228187846,0.356513,0.340325471572,2.71729776814,12.9995,5.85681673649,0.0937413,10,0.00199885778147
0.105432675772,62.6778723256,16.7103458436,35.1906537084,0.211955015743,8.79471246546,0.944234,-0.347837,0.0294497589956,3.68110208764,0.403060281343,16.7038,0.403011,-0.0113575220778,10.4011340003,17.1682609456,0.402547,0.40317543138,5.36576863234,13.21,18.0542731822,0.0205416,11,0.058174041433
0.0809763368823,73.1425400507,55.0144856709,75.3828430214,0.566892825604,63.2756884767,0.886075,-0.480649,0.0252349805747,2.13311101012,0.444987135766,16.9382,0.445195,0.445708156137,17.0093798215,29.0330532263,0.444661,0.445105331265,9.05184449115,13.5832,69.1804526071,0.0123616,12,0.506573080274
0.0796107516734,132.226978327,42.1813289145,78.4755830507,0.587179174439,11.0205097938,0.881011,-0.615685,0.225261228547,25.3266137784,0.553491291612,17.2663,0.553113,-0.0245465255819,26.7536064891,48.0586922117,0.552652,0.553504561893,13.8260817556,14.4232,52.2307840671,0.0134042,13,0.361711747958
0.0811691845303,74.5322806462,53.0517040835,73.5935758565,0.527653194882,61.4801433555,0.924549,-0.75267,0.0208498919011,2.44615509936,0.670344783394,17.6072,0.669969,0.412947999469,23.47104512,40.9590187554,0.669138,0.670366277455,9.97118876588,15.35,66.4330284343,0.0151441,14,0.475571906327
0.0843144660874,75.0505493576,54.0322414052,76.4809795286,0.538332309915,62.4301318768,0.871158,-0.881527,0.0233751143934,2.43581768575,0.795991228775,17.9952,0.795596,0.406679057808,23.1367094516,49.9573275942,0.794605,0.796004086426,12.3231737192,16.2422,67.9277168308,0.0170171,15,0.481860245245
0.090426870253,105.303720088,54.5547588547,76.6426874087,0.548867278103,62.6966798057,0.934815,-1.02563,0.0214462751361,2.41923775088,0.926659294973,18.3339,0.926879,0.430894297711,19.8878373166,59.6336053898,0.925285,0.926675988386,14.0975682351,17.2143,68.7193275366,0.020791,16,0.485059787443
0.096347568204,75.8628954951,54.2652561394,75.2458560236,0.540867026997,26.6984228347,0.886388,-1.16671,0.0359434376787,3.57832053937,1.05924900721,18.7925,1.05995,0.0417678419495,22.7707812146,50.3916827564,1.05785,1.05925200321,10.7490557694,18.001,68.213289598,0.0239934,17,0.482477479738
0.102623137575,124.996549409,54.3548212943,74.9562553741,0.567874203959,62.7926474926,0.895244,-1.30543,0.0213145530015,2.25805968569,1.19019562039,19.2406,1.19123,0.432270634922,26.2035767192,55.4640783493,1.18895,1.19019562039,10.3982795359,18.7135,68.2560838918,0.0282526,18,0.488791576928
0.11006265134,74.2749977055,53.8971539204,73.0151032871,0.543457457624,63.2898013512,0.868059,-1.44817,0.019645665469,2.07918659159,1.32723662253,19.6015,1.32825,0.443144833053,18.4376933592,56.3910419785,1.32566,1.32723662253,8.02488130303,19.3201,67.4852181131,0.0325606,19,0.490916413627
0.112844956665,79.4546255527,53.7383367125,74.2824048594,0.526319338618,62.0625455145,0.869944,-1.579,0.0194417977983,2.20222078813,1.45506960997,19.9094,1.45733,0.415058801429,23.2767250085,52.4732944679,1.45432,1.45506960997,9.78057463607,19.8606,67.2749806863,0.0357376,20,0.478770745402
0.113517517826,79.9516078733,53.5239769427,73.8266209658,0.56707035885,60.7336241839,0.891847,-1.72836,0.020661268753,2.27120918252,1.59415347316,20.2401,1.59696,0.394535597982,8.90973964998,65.5460426547,1.59347,1.59415347316,29.2690445465,20.2829,66.8927427923,0.0375195,21,0.488626792781
0.121006449252,72.7365423073,53.3949517008,79.1206361774,0.568519420546,61.2527404223,0.858121,-1.8608,0.021200318812,2.23857405362,1.72501529481,20.4199,1.72788,0.422107723051,19.8573833189,58.2273182302,1.72403,1.72501529481,9.01416601945,20.736,66.6321344731,0.0433476,22,0.492885619311
0.127075274077,89.6678896809,53.8762539604,73.0298441726,0.53044015122,61.600596782,0.792866,-2.00193,0.0189856158198,2.07705245952,1.85660829022,20.5191,1.85949,0.433767653735,21.5703027201,57.9130507821,1.85515,1.85661152361,8.48569657982,21.1202,67.3540332963,0.0476912,23,0.490407830077
0.135829608856,87.1788447091,52.7839421841,73.4275531622,0.544381028429,60.5946210474,0.830849,-2.14721,0.0214810495651,2.13117905055,1.9876092677,20.5223,1.99147,0.426912704457,20.5397446104,58.387442474,1.98731,1.9876241826,16.6305055897,21.472,65.6061137263,0.0538922,24,0.483639370645
0.140007558036,76.3067971635,53.4438439154,73.4003563518,0.546671473954,61.1636220336,0.799805,-2.29146,0.0202667574673,2.30432179014,2.12074720054,20.5184,2.12412,0.434069238597,21.3811398477,50.3804552399,2.11967,2.12076647246,9.45770581584,21.8464,66.5946138536,0.0564979,25,0.493296283633
0.147726611268,102.236531052,52.8158448941,72.3277767815,0.543514486884,60.7200397461,0.795028,-2.44085,0.0221174415271,2.01116560404,2.2645134376,20.6552,2.26767,0.379645029315,24.0875241683,49.6192470031,2.26351,2.26453881433,9.36875453372,22.2598,65.6956991554,0.0633806,26,0.486118822855
0.158034188403,79.0468183591,52.7368222582,74.551518964,0.555844486932,61.0667520145,0.857461,-2.59143,0.0191027139489,2.18472191529,2.41010087164,20.7846,2.41315,0.438169188985,20.6365898687,50.9965788866,2.40882,2.41012387304,12.4448730574,22.5633,65.6288707733,0.0713508,27,0.48622732543
0.165201500362,76.2383966875,53.3403606826,73.7695213025,0.540920867004,61.670010363,0.897698,-2.73008,0.0214638112464,2.18104847421,2.53961433145,20.9683,2.5429,0.401431546012,19.2034614186,56.2549203425,2.53812,2.53962115739,8.70536057447,22.8789,66.6244976359,0.0794164,28,0.486085740106
0.180535814747,101.089709983,53.2169359785,72.2047904031,0.549337939068,60.1423541591,0.88825,-2.87517,0.0212552887155,2.17191133232,2.68914348585,21.2421,2.69277,0.433793520542,22.1687561209,57.6041115691,2.68781,2.68915754958,10.0347532081,23.1721,66.3480714147,0.0936835,29,0.488946448947
0.184125003895,74.332285886,53.154262428,73.513106961,0.549286807337,62.0823505341,0.864632,-3.00724,0.0251110090104,2.18914571703,2.81167947079,21.4533,2.81541,0.402361684139,19.5852416867,55.3089286008,2.81,2.81177342536,11.5958887018,23.4452,66.420957562,0.0976377,30,0.486525361102
0.191936985254,75.2486988344,53.0906121244,71.5271028813,0.548321001508,61.2052796113,0.824795,-3.14085,0.022963750138,2.16052573408,2.93873551533,21.5456,2.94197,0.407309934147,21.450636148,52.875192152,2.9369,2.93893236853,13.4246163595,23.8068,66.2946276247,0.106063,31,0.478272848735
0.196211853717,87.5062163005,53.3776856837,71.6112282287,0.540696775371,61.913919063,0.815404,-3.24821,0.0224822736498,1.98841528664,3.04368994866,21.7526,3.04754,0.413271928226,21.3929644289,53.1224395414,3.04206,3.0439376845,11.2280890949,24.2625,66.6899498507,0.111751,32,0.477868295399
0.205977647711,88.7999389485,54.028970843,73.7861263427,0.545409875585,61.4047061635,0.795264,-3.37471,0.0217125696445,2.2587225179,3.15798409657,21.8551,3.16314,0.407973259917,21.2515681443,55.460918372,3.15619,3.15823306088,12.1447376906,24.4144,67.7822262097,0.124958,33,0.488638739751
0.223204174536,85.5208274633,53.7648047217,73.0822439212,0.535991497414,62.0292343054,0.898976,-3.49792,0.0190715365068,2.3467237001,3.2753477604,21.9054,3.28157,0.428401273012,23.6730995754,46.8839768788,3.27385,3.27559048725,11.3179517209,24.6667,67.3185326854,0.145439,34,0.48673992315
0.226613674845,74.5336700655,53.929641564,74.1252588193,0.538019784322,62.9376979819,0.813521,-3.6371,0.0223629992072,2.1601532316,3.40489093355,21.9519,3.4113,0.422634090217,16.6944321424,57.2505962949,3.4043,3.40511616156,16.2528292125,24.8535,67.5917018138,0.15213,35,0.479800225391
0.231319773895,80.7818901513,53.8843819756,75.3527507245,0.560782744402,61.6201179806,0.841879,-3.74911,0.0232525571554,2.57241615772,3.51102309747,22.0353,3.51771,0.428709527898,23.1037699122,55.7355415332,3.51062,3.51134122863,11.278459504,25.038,67.5766749642,0.163301,36,0.489097555011
0.24103364479,76.3988338819,53.7535972329,75.5624084484,0.553311503291,61.9715856935,0.862574,-3.89476,0.02558715684,2.64276053343,3.64692958083,21.9692,3.65248,0.41529579785,19.4057560957,52.8074690568,3.64552,3.64705560257,12.126686774,25.3106,67.4713862372,0.181695,37,0.482197118429
0.246160857269,82.7533284005,54.8041495805,75.9459199689,0.542604508936,62.5715813805,0.854662,-4.00795,0.0206867186297,2.28383736206,3.76024180002,21.9537,3.76613,0.428243990273,20.074774996,53.9314741875,3.75839,3.76053903673,12.3882579261,25.583,69.0042599133,0.192146,38,0.496233221472
0.250615687163,80.3717572513,54.1648856086,74.051546684,0.554555920979,62.1428322147,0.883285,-4.13078,0.0249242897377,2.42360445168,3.88441398443,22.0088,3.89132,0.413367417021,21.0355473783,53.781749501,3.88366,3.88463084971,10.1422101266,25.8059,67.9413148592,0.201466,39,0.486134973867
0.253747195921,109.048192487,54.1646334049,75.3308013353,0.543472026499,63.2568244855,0.858908,-4.23247,0.023130331918,2.31467091288,3.98916917051,21.8879,3.99496,0.430547794237,22.2622341195,56.148393907,3.98771,3.98932223539,12.5472678003,26.1451,68.0300692992,0.209192,40,0.486486349517
0.255809584377,83.5390506542,54.7471047537,75.0337195458,0.534970420737,63.6876406741,0.80927,-4.2788,0.0214148647643,2.21209264173,4.04811779264,21.7599,4.05473,0.400974871218,17.847112474,58.6994792055,4.04704,4.04823858175,20.2381783711,26.4657,69.012008118,0.211839,41,0.48132204765
0.264691425276,101.84434573,54.3210816597,76.6320685696,0.540157258787,62.3594262895,0.770569,-4.41577,0.0243240103427,2.52748060156,4.14046005294,21.7818,4.14723,0.411735529701,22.9079558968,52.7815662318,4.13903,4.1407033928,12.9926751509,26.7377,68.3569652244,0.226325,42,0.478572888553
0.273689793312,85.1144245267,54.2606077802,77.320118846,0.557672280426,60.0704539471,0.830788,-4.57708,0.023593159856,3.20834221635,4.23447079451,21.9196,4.24189,0.413102028005,24.9645682116,49.041122693,4.23321,4.23465582464,4.52367817698,26.9596,68.0639646856,0.246388,43,0.490429870222
0.283128708613,103.828316872,55.2868331581,79.1270512248,0.551429478077,64.9350808214,0.738228,-4.68995,0.0210033930221,2.20777597998,4.33095546385,22.0677,4.33842,0.450540483747,24.3631136292,44.4147485079,4.33139,4.3310384228,6.30005431725,27.1149,69.7739096266,0.251645,44,0.495722748224
0.289997448411,74.8305793707,55.9780252756,79.9177904881,0.565292084765,64.8934919231,0.688495,-4.83796,0.0256733242666,2.66169177898,4.47775587365,22.069,4.48387,0.439523803368,22.3074589561,49.4324021053,4.47693,4.47775587365,9.48369499538,27.2524,70.9101120558,0.267319,45,0.505357912943
0.30592730998,83.8430690387,56.4121745219,80.6000995006,0.640997499679,64.6566745625,0.739481,-4.97796,0.0403082690665,3.07067260148,4.62128270322,22.142,4.62828,0.427842056643,24.1883438493,46.4693513113,4.62091,4.62131829293,7.42175600428,27.4378,71.5320807064,0.300996,46,0.526467756156
0.290344410514,110.716555788,56.1211997064,78.79263104,0.610820313512,62.6121733441,0.71292,-4.98695,0.0271116322812,2.80742137774,4.66057396337,22.1713,4.66627,0.441377497399,29.5015040568,52.8666135984,4.65822,4.66061141022,9.77690150618,27.6674,70.9266828438,0.278872,47,0.521238088241
0.285341534943,112.98442257,75.9349375073,119.760570117,1.09282003532,70.9010620192,0.622568,-5.05833,0.109649140941,8.06969094985,4.74548013158,22.1642,4.75339,0.506901172599,27.6092047746,45.5175503631,4.74441,4.74550409376,4.91397270264,27.8634,103.150742771,0.272063,48,0.951844488573
0.288676160836,136.05953209,74.7390413771,121.673418731,1.208746365,74.970607851,0.687992,-5.1605,0.147089137762,10.0292771437,4.82797862813,22.2107,4.83591,0.514999594574,37.7672495659,63.6904148673,4.82588,4.82810882826,7.746305145,28.1269,101.385867294,0.284386,49,0.91433436887
0.296516482958,96.5988547604,64.1399354312,101.531686565,0.858940427561,32.3240565946,0.692356,-5.23425,0.100769108325,9.16565683298,4.88969403438,22.3408,4.89674,0.140338784087,26.6682906492,43.5527603196,4.88751,4.88975326696,5.23862107654,28.4721,84.3204494149,0.293709,50,0.648352690841
0.298648006532,94.5643912877,37.333057615,96.5465875102,0.752754391648,25.820125645,0.721702,-5.31991,0.201642423518,21.6974681147,4.99698429864,22.4842,5.00504,0.0960141819008,26.2858434293,35.2193581115,4.99521,4.99710805047,3.24655857743,28.8207,45.035905802,0.309238,51,0.272651398901
0.30322045074,110.426145835,60.8502072083,92.4309084284,0.78410470053,37.0177408732,0.728525,-5.3852,0.0640601992158,5.56999154085,5.05496760795,22.6294,5.06285,0.205256542954,29.7732680132,58.2181208173,5.05294,5.05508307352,17.7357492013,29.052,78.9926216848,0.324112,52,0.574576307045
0.297672094455,99.8174415313,49.9157869922,109.123429686,0.982066237148,27.4707855212,0.726275,-5.47108,0.346940651778,33.6305368397,5.12934304468,22.7421,5.13758,0.117194390253,31.8928110032,43.7522780284,5.1265,5.12950769533,5.0480092347,29.3185,64.3247534275,0.321388,53,0.48435196001
0.306406865832,147.550099249,78.5355496888,121.514473796,1.1396030527,92.8284427058,0.735503,-5.51402,0.0496060800299,4.13132673925,5.18757916591,22.8408,5.19561,0.783690332778,37.9594785678,64.7192545173,5.18504,5.18772782662,4.13246412621,29.57,108.047787136,0.339843,54,0.974215133714
0.302556807491,113.396766887,78.558775239,124.432916552,1.08373331307,35.546470175,0.699805,-5.56384,0.132990516444,12.5630231498,5.22697603355,22.9106,5.23438,0.162845361183,35.6566498926,49.9280815472,5.22436,5.22724853436,4.97635327229,29.817,109.074427635,0.333059,55,0.954176579959
0.311718606877,133.696044309,79.235142049,153.293247982,1.54247144738,32.8397925209,0.69445,-5.66173,0.225460725998,18.1150202219,5.30103103904,23.0078,5.30768,0.162635361076,32.3302152659,46.1562989638,5.2986,5.30117479246,3.8031537444,30.1278,112.775369588,0.361354,56,0.949261960918
0.305903418775,148.439903382,81.5060280731,156.453194673,1.55461296086,95.7055572341,0.708916,-5.70191,0.139342022692,9.98487775497,5.3589705592,23.1257,5.36642,0.728104725696,39.8463179155,53.1881932278,5.35669,5.35908473616,2.85228616853,30.3002,116.965513395,0.345947,57,0.976244549035
0.307522639271,110.281872477,86.1532721504,192.228695579,1.95551828459,33.8055620889,0.704323,-5.78254,0.299003350527,22.8254320689,5.4312249923,23.2691,5.44019,0.164106554286,26.8063704138,39.6011745901,5.42945,5.43129006708,7.18270400621,30.603,126.722942907,0.372386,58,1.11626064796
0.305052720463,87.0611147827,70.743735862,157.411825297,1.50095467979,46.1013126159,0.737655,-5.8587,0.22161168319,19.6434951857,5.51732422571,23.3495,5.52536,0.210326744494,20.9950601928,37.9852248459,5.51546,5.51744843992,4.48507434503,30.8407,97.698517416,0.360839,59,0.74434877435
0.321898719714,86.4106104815,62.272576491,145.814666371,1.29666808074,40.3343314492,0.707969,-5.91037,0.255233204798,24.9591622674,5.57814368211,23.4274,5.58658,0.142413527184,22.0272073247,32.5644619912,5.57623,5.5782037769,4.18948895577,30.9459,84.1257999099,0.405736,60,0.571788405019
0.318866219584,93.6354665126,72.5967514594,157.276264317,1.50830924544,50.9819336099,0.681758,-5.91337,0.215995825238,17.9784083668,5.59220548765,23.5636,5.5996,0.276197123107,23.5098086307,25.2416406565,5.58945,5.59238192454,2.58026008208,31.1644,100.088098268,0.397136,61,0.778434449835
0.318263445508,99.1699067077,77.7609383519,160.943085516,1.59126899507,44.5445733815,0.682398,-5.97685,0.246854046207,19.3873899135,5.65370599434,23.6142,5.66221,0.289791519396,26.7405184367,40.1763907927,5.65184,5.65392128399,3.68323642712,31.3808,110.199575293,0.397841,62,0.911082052154
0.324400852237,110.051271387,69.3386808541,160.218209741,1.62629652301,45.1447058034,0.690104,-6.02736,0.281578208544,22.3606182216,5.6977695555,23.6792,5.70579,0.235184674129,27.8177817038,42.8153863511,5.69556,5.69794957497,4.10637186533,31.6398,94.1998228289,0.407154,63,0.769661329111
0.322640558299,106.625003828,67.830580454,180.014081578,1.93394674098,45.274404818,0.672216,-6.0667,0.227318271664,17.5267995483,5.74048803742,23.7211,5.74878,0.262759763428,21.8189769689,40.3689784619,5.73926,5.74071204991,12.3227351977,31.8622,90.8977905812,0.410068,64,0.721262244406
0.321097092308,103.298266398,62.7079804601,103.256186791,0.908355990961,67.9883763731,0.702938,-6.12082,0.135795853184,9.75394242845,5.79252773978,23.8252,5.80161,0.435780884919,30.1410472629,40.4866488452,5.79058,5.79275351155,3.38613924178,32.1314,82.1572953662,0.41277,65,0.630414559734
0.314956470144,108.976761111,58.9197266019,95.8565116767,0.991577574125,57.3164786375,0.670336,-6.14261,0.0825680730982,5.99399897544,5.84015787031,23.9149,5.85075,0.404588596085,27.831600323,41.6201912471,5.83845,5.8402309507,5.91432366173,32.356,75.6884217165,0.404555,66,0.555474815682
0.321297755233,102.056819315,57.4591734286,84.7683527706,0.628849124841,57.2892363909,0.640728,-6.18528,0.0462592954062,4.98166814398,5.85479034896,23.9215,5.86571,0.412997439619,30.4118078827,46.8414107648,5.85359,5.85517405404,5.01656469482,32.4793,73.5240413169,0.421275,67,0.525737910437
0.317212058582,119.168653941,58.5314121867,93.6271467486,0.797544578984,62.7369055598,0.628337,-6.24079,0.0585286650264,5.05368086158,5.90585403499,23.8853,5.91589,0.442285516413,31.3866724005,39.1667907511,5.90409,5.90647304874,5.64126027663,32.5683,74.8044627696,0.41733,68,0.565273994548
0.331736158656,113.988013362,71.5977406073,119.276212974,1.21893210526,52.8351946323,0.622519,-6.29284,0.151198095312,10.1799043858,5.95766245475,23.9306,5.9696,0.386006849041,30.4770709056,47.1247898088,5.95565,5.95899654686,9.23157589393,32.7774,95.4266563591,0.45842,69,0.859122881135
0.3210075152,120.562301079,60.8750293933,94.5419150456,0.84093914874,60.6668922341,0.632224,-6.34715,0.0604298417861,5.00973323233,6.01058349459,24.0214,6.02027,0.424773554977,32.2057991472,50.0029552475,6.00786,6.0109794688,8.22293489532,32.9718,78.2735605122,0.430325,70,0.611076718478
0.328386067863,112.483969144,73.45374367,115.626409635,1.14917487795,73.4391608425,0.626209,-6.43123,0.105224846019,7.53019586832,6.09940349543,24.1416,6.11026,0.59653952189,28.6236383049,43.8460671944,6.09826,6.10041440021,7.41003164142,33.1292,98.3723077516,0.452591,71,0.9000632777
0.329230698051,118.901975063,60.3112313744,107.292002075,1.17527836284,32.9884701272,0.620658,-6.47585,0.100022557242,7.56859241897,6.12885163392,24.2041,6.13965,0.153320333025,33.4932426119,53.5428788868,6.12732,6.12947014438,3.92586113317,33.3156,77.4131774201,0.451173,72,0.608282389801
0.332256207236,116.78514422,59.8224191739,114.211776332,1.09020961363,55.813809781,0.61736,-6.54351,0.0906643736827,7.28355436695,6.19959499634,24.3095,6.20913,0.420208374701,29.8972529231,41.6703105778,6.19746,6.20011993951,5.68828539831,33.477,76.7515493749,0.464626,73,0.596789150208
0.335847412835,119.227505869,58.5665855174,105.717852215,1.03479787073,60.7031089082,0.681127,-6.63664,0.0940047656015,7.11492368896,6.29038381906,24.3325,6.30134,0.435169140565,31.1631070355,50.0646907034,6.28912,6.29088598372,5.69773099889,33.6565,74.7716791761,0.473685,74,0.575122673862
0.335428329853,117.337292475,57.4061989501,113.633010027,1.12948449643,6.85389104742,0.657019,-6.67673,0.144088897726,12.2789443726,6.33514983471,24.4004,6.34811,-0.0285932587912,29.6541615266,56.7474569963,6.33503,6.33541714813,4.65356500326,33.9129,73.2330549684,0.482316,75,0.5700280385
0.33398689624,124.484182212,76.7944698839,120.016077038,1.21732865023,30.5461587877,0.655453,-6.69111,0.174106340462,13.3464984694,6.38721231134,24.4918,6.39891,0.104797598573,34.1208783972,63.7683293105,6.38499,6.38753338328,11.0676603402,34.1287,103.980144691,0.488731,76,0.999782199754
0.342867438107,115.673006268,80.9421108395,124.66674344,1.4173539155,33.4214881606,0.623223,-6.74498,0.103361099094,8.07505963408,6.42246292055,24.5882,6.43495,0.161899743926,39.9914333843,54.8000337257,6.42164,6.42276859018,4.26704254077,34.4495,110.430442255,0.494265,77,1.10371831859
0.327624949708,144.625361904,73.6711422614,117.676679834,1.16636460063,76.3350349255,0.590438,-6.77705,0.145020501256,9.56637213253,6.47202250965,24.6712,6.48473,0.56484095068,38.9234858312,57.6966469877,6.47132,6.47243118184,3.60777802285,34.6495,98.976635291,0.473544,78,0.899056406779
0.32826909042,129.000092628,81.2016251614,125.737969594,1.24525781861,5.35166531457,0.625601,-6.83384,0.152803808515,12.9813025661,6.5146729665,24.7208,6.52515,-0.0128821870734,37.6811663523,54.5288356454,6.51363,6.51507705957,5.21944052311,34.8992,111.215096834,0.472953,79,1.10179253692
0.341476780994,121.569773452,84.3489813962,237.28032566,1.66860314506,72.441689838,0.644345,-6.89916,0.262947993002,26.1517121806,6.57056313729,24.7953,6.58295,0.441245205631,33.440979082,56.6174977959,6.56936,6.57094783545,6.37216000042,35.1468,124.098369668,0.516845,80,1.06190918756
0.327047755421,148.140820764,63.232661748,119.309381923,1.17368511548,4.40596600129,0.618508,-6.90903,0.153975122735,12.8817307506,6.59914548199,24.9022,6.61115,-0.0561059180667,38.6574803823,63.1548259099,6.59815,6.59946025274,4.10696092253,35.4227,82.3900897564,0.488436,81,0.664330904947
0.321770471262,118.41169654,80.2322724508,123.994439789,1.26708042102,92.3824954629,0.59739,-6.95022,0.0905303347959,5.83240846571,6.63713162896,24.9677,6.64841,0.869313774757,37.7603190348,59.9619703424,6.63604,6.63753977953,6.14034332678,35.6676,109.629108068,0.488738,82,1.06364674312
0.321953202427,111.491518904,59.4431600963,99.4070802256,0.913318419347,32.5027854347,0.629784,-7.00105,0.0983398191306,8.99643597404,6.68653542334,25.0745,6.69737,0.141689272008,24.645063419,62.6465485504,6.68494,6.68726532264,6.50094312073,35.9613,76.2516907268,0.473052,83,0.591117017175
0.341136524909,113.326536736,77.0521159706,117.679387338,1.19072869708,91.3506135551,0.605052,-7.03657,0.0844310427337,5.52334633647,6.71767664622,25.0991,6.73074,0.789593836598,30.2359654822,54.4498371834,6.71718,6.71813588603,5.48139509292,36.1786,104.214340216,0.552818,84,0.98831737712
0.327076977522,110.444933421,78.5549697991,122.048071609,1.2003148149,85.1915986877,0.632563,-7.06793,0.0737656338739,4.99691301595,6.76127632495,25.1649,6.77541,0.705171519554,28.4538072804,61.5595950262,6.76063,6.76216884079,16.9316658657,36.4738,107.025078255,0.500381,85,1.02898390456
0.32584536521,118.485613818,77.727196397,116.285189092,1.16986140973,73.7127492857,0.644085,-7.12273,0.0812113248216,5.56476125412,6.8113415935,25.2105,6.82306,0.546077570154,37.3931210694,56.5811824044,6.80894,6.81273374427,5.19283126659,36.7384,105.526921593,0.498771,86,1.00465557056
0.334240644587,102.677849158,75.824513417,127.011160973,1.2199866071,34.944336338,0.632299,-7.12453,0.20037620823,14.6802627931,6.81857063106,25.2524,6.83256,0.19519744648,29.8537317485,52.8490391242,6.81752,6.82019945154,6.21117898003,37.0667,102.434347573,0.513689,87,0.971372778198
0.338717879119,102.67056123,75.3482450715,117.096501787,1.12542953871,89.8605289806,0.671859,-7.18824,0.0744607665797,5.49140910982,6.8659122336,25.3013,6.88053,0.757715222806,31.0408430605,49.7214915425,6.8655,6.86790293249,3.92571285757,37.254,101.41839077,0.537321,88,0.927676756083
0.343712365427,95.2212490198,58.2001255236,80.811607804,0.639973248367,67.0438016104,0.671044,-7.23397,0.0253199979897,2.46502164884,6.90912089625,25.3875,6.92214,0.490626765244,23.4137983361,48.8280080793,6.90754,6.91083576442,11.2062507989,37.5636,73.7736100197,0.541104,89,0.570215705752
0.343125229102,124.185874816,77.3357545439,115.634005149,1.16781315233,85.7073355345,0.676343,-7.2643,0.0803158421599,5.24288089226,6.95206323176,25.4371,6.96437,0.76997858047,34.7593308877,49.9730076153,6.95051,6.95317492185,6.741144595,37.7642,104.508443588,0.552997,90,0.989601710583
0.344133213473,128.635342349,78.2260953083,129.772573122,1.33842481252,60.3325307984,0.712112,-7.32911,0.15818408568,10.3966425664,7.00167353694,25.5399,7.01563,0.412655011173,36.9314120598,58.2869837285,7.00194,7.00274226523,8.56697949448,37.9481,107.452139149,0.553136,91,0.975560068558
0.340753824381,111.558233636,79.7491703469,120.985206114,1.0930814927,90.1466198507,0.678138,-7.36197,0.0480900808016,4.51210846782,7.03712385682,25.5979,7.05009,0.752313527752,36.6912028231,60.6000357023,7.03678,7.03798556881,5.87353110577,38.0809,109.84598886,0.562852,92,1.01242749338
0.350792994207,115.913800827,77.9806745914,122.422426676,1.1526362932,61.8276292813,0.706489,-7.37565,0.0881260241425,5.94345104855,7.06992015559,25.6724,7.08121,0.33636975037,32.0054186061,49.9067628466,7.06851,7.07100071778,7.42438892308,38.2732,107.22818215,0.578508,93,0.968499662018
0.35824003635,159.262359907,79.6100902361,144.408440894,1.42306077797,62.0035169939,0.717594,-7.44855,0.125603559125,9.73928029502,7.10234824509,25.7548,7.11709,0.29741283209,43.2469819805,72.9666032041,7.10271,7.10313353914,4.19401590165,38.466,111.26943513,0.601939,94,0.983981972513
0.358908233784,162.092810124,89.3364598096,170.536045586,1.75514662604,94.5871577253,0.740343,-7.50225,0.245611531174,18.1776376192,7.16748508484,25.8912,7.18014,0.74152978667,38.1513802058,47.6709135197,7.1668,7.16842221687,9.42046695065,38.6658,131.438740417,0.613072,95,1.19826293655
0.363991814764,121.952490847,91.3178729662,218.66678476,2.27129962337,54.5687010725,0.752752,-7.54658,0.382887884004,30.1981526938,7.20850005788,26.0006,7.22287,0.266419918289,34.8606128074,48.5296281747,7.20907,7.20943625061,9.55558245254,38.8492,137.72453619,0.598531,96,1.26925309382
0.360488769143,141.41363284,93.4501758109,249.92421506,1.86334488531,53.6890271476,0.762084,-7.6205,0.328133882902,28.5052896488,7.26488022319,26.1437,7.27821,0.23622272987,33.2295748288,49.7261192306,7.26471,7.26566066601,8.11746649809,38.9858,145.920814436,0.597327,97,1.27160607557
0.365300829513,140.778122673,96.0510002615,241.608464562,2.14980025721,51.8582008254,0.787288,-7.69564,0.495905156022,40.8963880619,7.34249260928,26.2624,7.35398,0.218506200645,32.8880754464,50.8173217441,7.3426,7.34327631614,8.62383097388,39.2454,149.860074943,0.630031,98,1.42350516989
0.390741781371,149.647001125,87.0523525447,193.149067629,1.97226521182,64.0838232889,0.78915,-7.69833,0.329203288652,27.4884486549,7.36978670142,26.3905,7.38189,0.308357908709,42.8451944397,42.370896924,7.37084,7.37024404156,4.36921978012,39.3603,130.238800477,0.695433,99,1.13388009749
0.375875951837,185.5955516,93.5810878211,191.015526123,1.8059569298,99.797251211,0.773103,-7.75532,0.242222619538,22.3300136709,7.41601683673,26.5337,7.42646,0.787909546194,39.3059718467,51.4985042832,7.4163,7.41636977585,5.52885666642,39.546,145.14980624,0.667467,100,1.27959054877
0.36962535054,124.433839528,65.5824802395,247.976779156,1.84990172919,40.6724969491,0.796232,-7.78361,0.351500597103,38.114264327,7.43571473835,26.6241,7.44725,0.181854060097,27.4287801675,38.4817992683,7.43461,7.43664180692,3.51402180429,39.6649,93.3253402828,0.658894,101,0.616364085545
0.35915519742,120.708595893,81.2284858216,202.037426602,1.76717997256,37.39821611,0.784847,-7.81955,0.45014399625,42.8659056304,7.48550611041,26.7079,7.498,0.159257993408,31.1998596026,50.592615512,7.48412,7.48648268051,4.61021104084,39.8186,122.732500645,0.633558,102,1.0166925313
0.36839831706,130.557210364,76.0395438102,213.819504736,1.92179838549,41.8339239099,0.784525,-7.84546,0.458952453971,42.2707283324,7.52176965713,26.8062,7.53363,0.178039420415,37.3976248935,50.3197761462,7.52088,7.52264758051,5.32517501058,40.0639,112.785850317,0.644691,103,0.872640127455
0.37032499018,132.163753683,91.0617821437,305.21395592,1.6791235886,64.2412288749,0.734934,-7.91967,0.434255442266,50.2327979125,7.55739129257,26.9435,7.56936,0.0124285469688,32.5804706379,42.1147094483,7.55647,7.55819677738,6.6396099149,40.2602,169.287493942,0.642129,104,0.98484310066
0.37333859204,166.351385804,72.9244180749,280.801497675,2.14161287593,33.8629294723,0.734533,-7.97975,0.466700517092,52.7387058934,7.60831899235,27.0482,7.61866,0.0823570459758,40.9013913304,53.0542668914,7.60676,7.60905388897,9.33464821482,40.4532,115.954193434,0.662149,105,0.656563641969
0.375730183114,171.503976263,57.2949374115,249.939648999,1.34875186469,17.8726684066,0.765569,-7.99461,0.328131184995,45.6605661348,7.64699174313,27.1482,7.65785,-0.165920805078,39.9531221542,42.1492432545,7.64623,7.64770247863,4.70877664405,40.5896,87.6597374188,0.678058,106,0.129475045148
0.378251256392,162.79169733,76.1663004436,241.405098009,2.05619091214,32.4305863923,0.745802,-8.02821,0.455150685368,41.2825198934,7.69431646854,27.215,7.70797,0.0983492935709,41.0456592926,53.6996755639,7.69334,7.69610552597,7.82336613056,40.6905,115.110928302,0.680418,107,0.818479807171
0.381731751453,116.901519346,90.660909646,226.710811634,1.94615324458,71.3791212136,0.746578,-8.07695,0.33449425447,31.7090547634,7.74167592323,27.3136,7.75385,0.301752111402,27.0938063629,36.1775807637,7.74221,7.74252442805,7.89958750896,40.8779,148.65399865,0.72398,108,1.05104676275
0.370643973378,122.924398508,86.4973749969,198.166439685,2.12185369483,75.007789432,0.695167,-8.1066,0.325710486287,24.3239292482,7.77332028682,27.3923,7.78446,0.49061952595,37.8811098818,45.0525319762,7.77124,7.77484792391,5.58714767871,41.0829,125.196238643,0.666825,109,1.16525098946
0.383450353676,125.573288611,92.1967509413,271.122930527,1.98908573396,52.626442972,0.703165,-8.14911,0.338279944874,35.8260154453,7.80798266759,27.4712,7.82064,0.320825312733,41.7144669687,55.5074769238,7.8074,7.80878315902,4.81991554818,41.2633,144.537681902,0.720317,110,1.28009355204
0.384402500536,140.701763995,93.6662101602,186.175937893,1.93546857025,94.9589187407,0.743547,-8.16671,0.24962971554,21.2061538316,7.83423018407,27.5392,7.84483,0.782322444576,38.2898524104,77.3392038617,7.83154,7.83581455917,9.02595969146,41.3747,140.246751594,0.72304,111,1.32185402711
0.396374905367,135.875255272,84.4479985825,190.187653628,1.53280798831,87.4459877554,0.724535,-8.23988,0.165288868174,17.2976875819,7.89249822288,27.6482,7.9061,0.731724173393,39.8437503524,50.3948689016,7.89234,7.89433503063,5.68121972832,41.5944,125.887275139,0.763377,112,1.00655496357
0.389815571144,128.659445878,101.024248597,217.607695136,2.22994554729,87.3960326037,0.758469,-8.24601,0.343606357387,28.0542428203,7.92225688921,27.7453,7.9333,0.652884106656,34.1292539368,63.5391841417,7.92045,7.92369483727,11.7217495587,41.8483,157.73213953,0.743321,113,1.55020476001
0.396286897274,136.640654482,98.3339646201,202.928439641,1.98422427641,115.891691446,0.748639,-8.30561,0.207979099468,18.5011112636,7.96503328541,27.8014,7.97663,0.937233807614,35.8823545077,48.6107580784,7.96393,7.9665657282,7.07420732013,42.0213,155.646749965,0.741665,114,1.41171919735
0.387329460345,125.340263332,80.9494890222,157.528293601,1.68927854172,86.5911556025,0.748952,-8.29674,0.135789913011,9.2759810382,7.98149983467,27.9065,7.99377,0.652450971279,33.022777295,69.3831778119,7.98023,7.98381073166,7.83395047891,42.1812,111.466723525,0.746089,115,1.01772717937
0.386175518905,171.959056937,76.0085811498,134.066429992,1.3386273577,70.2439482809,0.788886,-8.33081,0.16575388142,11.5194915597,8.01331733669,27.9642,8.02637,0.455210284089,39.4020886899,63.6020422713,8.01307,8.01533765576,11.1484898379,42.4014,103.930040806,0.766877,116,0.890739557365
0.390431727449,213.623427804,91.7455562579,192.505000157,2.0841273822,77.9327672251,0.779156,-8.3768,0.394378820469,30.2906326778,8.05251141531,28.0633,8.06406,0.490649017723,54.6519323155,68.0929540433,8.05169,8.0538491598,6.86230996952,42.593,138.163045249,0.755986,117,1.28897721098
0.376680661305,166.42801874,76.738613012,184.513067952,1.99862393988,73.1234053726,0.754246,-8.39169,0.262952636961,18.6115426508,8.0668268202,28.1056,8.07866,0.420850286092,38.1881335205,77.910012157,8.06584,8.06828389759,13.3424076541,42.7995,105.035883208,0.704249,118,0.930581303095
0.380932098966,156.093745814,90.0246537798,192.821740855,2.2007741795,93.2786049238,0.802221,-8.43292,0.184377335088,12.9926070838,8.08913223493,28.2038,8.10041,0.72383672341,35.891092786,78.366536906,8.08653,8.09069711137,5.15835743142,43.0366,126.389626423,0.712799,119,1.2694833601
0.402374309946,158.384638869,110.480242908,192.722415347,2.21017993141,103.389117171,0.805743,-8.48016,0.340727260835,24.5739701829,8.13317787026,28.2885,8.14475,1.02932595809,40.3107106433,64.5295773521,8.13256,8.13456401879,7.53473203451,43.1824,166.944683973,0.793173,120,1.82525835243
0.39526183272,135.063427192,105.783624421,195.572866831,2.2452395541,118.551101481,0.773076,-8.51336,0.34603822734,26.1150242554,8.17547255078,28.3671,8.18805,1.12309985833,38.4784441963,69.9166548822,8.17477,8.17706659545,9.67733095709,43.3226,157.79545902,0.778145,121,1.70869811356
0.391599895993,121.84744944,96.5226078923,164.22794122,1.73623879374,117.845852661,0.776064,-8.56,0.106846265549,6.23906283046,8.22012405227,28.4541,8.23243,1.03900006221,36.3503445867,69.4896681792,8.21857,8.22173262257,10.5652333864,43.4873,137.371199792,0.762944,122,1.46441658289
0.393017081613,139.145536491,81.9441153635,131.520010248,1.28049968521,99.5848655754,0.773875,-8.5895,0.0682437243203,4.95508209597,8.24469392236,28.506,8.2569,0.939897776585,41.0368426907,67.2015782219,8.24275,8.24657653443,10.9610720936,43.678,111.23087443,0.786836,123,1.10194543925
0.397721387381,121.881429394,96.2592987317,186.81024905,2.13990590822,119.993669707,0.789231,-8.62731,0.161595941988,10.9554266268,8.28026831376,28.5636,8.29182,1.11737443279,31.977742615,78.1202708608,8.27837,8.28251471342,6.5082997932,43.8337,137.68888131,0.79242,124,1.43567449357
0.393746931483,139.106144646,81.6515397896,175.488020112,1.91045235115,55.1592387811,0.79513,-8.64747,0.404536270643,31.0424182977,8.31967304293,28.6038,8.32984,0.357719331794,33.8804267044,60.0811416716,8.31705,8.32113809706,6.46596035845,44.1088,112.640585442,0.785272,125,1.12580259424
0.401485066698,139.414829377,94.1445435239,168.674733047,1.78090321724,116.553517444,0.808061,-8.71223,0.0928405463351,7.37514152074,8.3622863324,28.6872,8.37476,1.01193334917,41.4946043247,82.9114166849,8.36288,8.36397552606,16.3726865659,44.2734,133.132660966,0.813491,126,1.40115015676
0.406367381328,138.926950699,95.7278513076,155.998131444,1.63293958518,93.5561957801,0.776853,-8.74499,0.111156777226,8.18835898677,8.39172219454,28.7878,8.40643,0.895853227388,41.1610644062,61.2593397422,8.39097,8.39362301269,6.85405650983,44.4605,135.2886912,0.818829,127,1.45593515588
0.397558679009,170.236668457,95.6332095122,181.63542737,2.12446292634,87.395844167,0.805966,-8.77916,0.188740014488,15.0258396032,8.43436381634,28.8794,8.4473,0.804743169336,43.006890314,63.2279425803,8.43364,8.43574140129,5.48577452949,44.6585,136.814159249,0.801399,128,1.41985556641
0.416331065241,132.690476052,102.948407655,192.187840128,2.13093457936,120.284308082,0.733657,-8.78667,0.303962059597,22.2007584402,8.4535865617,28.9494,8.46396,1.10408586482,44.6874882093,67.3511821964,8.45059,8.45512802091,6.7796571002,44.9063,150.926324484,0.832098,129,1.61067643781
0.416608005843,181.507215174,92.2642504289,169.259865882,1.84686084422,104.498868371,0.781937,-8.81426,0.126029246616,10.186965954,8.47747434922,29.018,8.4913,0.982134560932,41.6478842645,65.4968011591,8.47627,8.47885173776,7.0645825464,45.0971,130.878296045,0.839259,130,1.3237755221
0.411701006061,153.778684279,100.227111849,180.822052594,1.98461880493,122.873707566,0.811248,-8.84283,0.228895901538,16.1841540783,8.50590662054,29.1251,8.51903,1.18311704329,46.3850202835,83.9401710486,8.50457,8.50764640568,4.70890123661,45.2606,146.218678593,0.83036,131,1.50770267277
0.404408848103,165.037758153,93.1034663617,188.893123046,2.15780381415,93.1931083363,0.794857,-8.87652,0.120071067481,8.4391659092,8.55359147592,29.2274,8.56627,0.707595517871,43.2139937591,59.7907854687,8.55257,8.55495046612,4.34192669976,45.4586,131.458499161,0.80002,132,1.35494829968
0.401964304004,127.053371792,87.9975714353,167.9936086,1.86193888298,99.7763781098,0.791298,-8.8676,0.143269142469,9.84582559757,8.55961220967,29.2753,8.57135,0.871331182274,42.6604165284,66.9637577224,8.5585,8.56118920414,7.07874464426,45.6439,123.170697343,0.819611,133,1.21812028492
0.400898125198,140.216658228,92.1103480641,173.399760651,1.94121858788,103.22676001,0.738623,-8.91227,0.221229142131,16.2852911118,8.59008876729,29.3643,8.60014,0.904276900776,32.779222751,75.8866958,8.58754,8.59122016768,13.4116013144,45.8631,130.626383747,0.815298,134,1.32648789194
0.399581482076,172.760522762,97.1870769518,174.584892508,1.76277429849,115.622838805,0.747124,-8.90865,0.159148369358,13.1319210741,8.59382546824,29.4224,8.6049,1.0575712476,47.3209937779,66.593498974,8.59256,8.59538055385,5.76651073568,45.9713,141.006982867,0.802808,135,1.40014712519
0.402573161934,140.937907958,86.2594101862,134.529763038,1.44195800961,101.715183733,0.789892,-8.93656,0.108650286773,7.33687322774,8.60838732771,29.5175,8.62062,0.983529849786,39.6141343048,80.8394183323,8.60702,8.61024103594,5.41605798519,46.1518,118.84925502,0.81479,136,1.21794316313
0.39278643841,175.408590994,98.2968472318,170.146123578,1.83754580042,94.8859873898,0.809207,-8.94113,0.178162297074,12.159414095,8.63517698491,29.5429,8.64665,0.745570962789,45.7237543441,58.9518272387,8.63239,8.63711287421,3.77145541687,46.3449,144.445800563,0.787298,137,1.45887275498
0.404475104166,161.29213767,89.3520149632,198.525425961,2.24807494314,81.6654575436,0.775982,-8.9495,0.367711971441,25.8966456253,8.64314649492,29.6348,8.65648,0.538996888438,46.0038899064,77.0717863852,8.64177,8.64514941178,12.3992814511,46.5088,128.065729299,0.815625,138,1.23390220404
0.415076630644,131.827135142,88.1197042411,183.029167295,1.96871740119,78.5600925572,0.768071,-8.96032,0.275915661875,20.2979713463,8.64955895818,29.7023,8.66294,0.569078906298,39.9110827886,60.1781190645,8.64789,8.65277807379,5.23670804361,46.6024,124.917478197,0.877144,139,1.23102752282
0.404125839408,172.145833944,79.5941884027,168.726406943,1.90236848058,79.6372509498,0.778083,-8.98358,0.185093155419,12.6631608045,8.66813922597,29.7669,8.68251,0.603666421606,38.9960921878,58.8895016637,8.66699,8.67110909838,2.51033292976,46.7369,108.51911889,0.794145,140,1.02991118175
0.405448382333,176.868849503,82.5004524741,144.451861483,1.4283922127,85.1361427853,0.765843,-9.01106,0.209987923944,15.398765447,8.69098886447,29.829,8.70337,0.6024284189,43.1891671525,57.7122155029,8.68908,8.69343530431,14.95489702,46.8786,116.549669349,0.828454,141,1.05422304037
0.411036067482,127.758328888,77.9046256535,158.855678765,1.76538018084,65.2640954412,0.789083,-9.04534,0.206094733081,14.1826254443,8.72777015368,29.8989,8.74146,0.381177221254,33.8530618008,66.4556524618,8.72693,8.7304771719,14.7296784293,47.0412,106.298539433,0.833724,142,0.989614500835
0.414332681362,178.392614744,94.8412110841,201.893449216,2.17263909722,79.9903765386,0.805473,-9.09488,0.425904521142,31.0906193452,8.75969868073,29.9724,8.7718,0.539507064433,51.2898253963,69.1384329094,8.7594,8.76165442352,8.74830491955,47.0925,140.426583319,0.857554,143,1.38572903295
0.409854840042,115.269580489,76.3806844167,145.182679249,1.49655528617,86.7763144594,0.796534,-9.08314,0.0972404511125,6.68524634883,8.76994910977,29.9994,8.78058,0.754854013116,32.6212043372,67.4116601953,8.76837,8.77109438519,7.34933693205,47.1833,103.168450881,0.85176,144,0.946466530911
0.416595453334,139.995331505,86.4549998076,180.349221742,1.92446804473,88.5651333908,0.815154,-9.08365,0.203975406702,14.8902070907,8.77454443797,30.0086,8.78447,0.70107295987,43.2615865361,56.8276718169,8.77414,8.7756081146,6.91592026107,47.3832,124.512876289,0.899412,145,1.14031840034
0.405580432579,193.764017238,98.9257048536,234.789388434,2.5686833801,94.4553382685,0.798664,-9.09629,0.335913993062,26.3962234644,8.77575724719,30.0728,8.79033,0.745487844654,46.0684653176,76.2942682768,8.77483,8.7769733304,7.20287241523,47.5485,149.254046586,0.829872,146,1.49735667365
0.408193520232,188.732415435,89.9352016739,195.863963839,1.75908672606,97.7073236163,0.754052,-9.11576,0.195379178785,18.777937975,8.80260422959,30.1194,8.8155,0.71976281003,53.2276111361,57.5311025315,8.80132,8.8041945339,7.91329852283,47.6143,133.266176596,0.861598,147,1.20065411429
0.410393481412,142.760107951,71.3527830928,135.612822583,1.41137633133,75.9706954961,0.77206,-9.12508,0.205564838681,14.5815569987,8.80379313209,30.2118,8.81659,0.534147364825,44.3158521227,56.0567042567,8.80351,8.80519357285,8.04243740881,47.7782,95.7494468085,0.846754,148,0.807471220039
0.411328274512,156.315708106,72.8278702811,165.856160763,1.8638978976,82.6214197376,0.79405,-9.14033,0.199522871715,14.0226065632,8.82196587518,30.2892,8.83311,0.623896812035,43.2133771027,69.6693239997,8.81987,8.82336377863,8.84111578686,47.8888,98.0806695994,0.84368,149,0.831750267694
0.397290592305,156.920149799,83.0709289608,167.193631359,1.77733694247,86.2588328932,0.755203,-9.17951,0.229799198442,16.1205690806,8.86325927585,30.315,8.87574,0.647239864198,41.4062693277,54.7825522003,8.86189,8.86465434877,6.12162933825,48.0522,116.792138353,0.816949,150,1.08337736798
0.40481929588,150.426476603,81.5066295284,155.665182372,1.68742473886,68.4341823007,0.765209,-9.18607,0.224850451661,15.476837469,8.86516145298,30.3688,8.87647,0.382097820363,40.8443002423,56.4866988639,8.86394,8.86651351933,7.21568316293,48.2202,113.037174403,0.875975,151,1.07145007745
0.408880915692,167.978533281,93.0334332095,189.299185508,2.00702391887,90.0340782681,0.761442,-9.22375,0.284943421334,20.9693115556,8.90115828331,30.4318,8.91279,0.632669895093,45.6791843533,77.6198522664,8.90023,8.90256181646,9.25870134986,48.3851,138.50660704,0.873783,152,1.32267474842
0.395522959966,201.265083215,97.2381410378,283.796305181,2.43689209647,57.7630425334,0.779605,-9.22638,0.401826487263,33.9424975113,8.91751630255,30.4752,8.92731,0.410676826375,47.787260235,66.617896572,8.9154,8.9184876146,5.90949744011,48.5651,151.893986927,0.83653,153,1.38411876665
0.396379195207,161.667123479,81.7754815986,165.58354272,1.77121949527,97.9142610077,0.809145,-9.25556,0.204436318773,14.7115409529,8.93807932005,30.5459,8.94825,0.788533809545,49.8677158923,83.8400216629,8.93744,8.93892219993,5.59526984405,48.7506,113.256062022,0.814932,154,1.05259740253
0.385992028692,181.387576659,100.620698661,217.454550155,2.16967009785,99.8595417346,0.827816,-9.26316,0.25644049672,19.3564558104,8.96229106729,30.6194,8.97293,0.868715857853,49.5207615998,70.1022676483,8.96142,8.96295115611,5.04347350926,48.9057,150.054027277,0.797811,155,1.53087933465
0.398661394196,135.355056008,100.24885215,214.478724374,2.47357461283,101.095992316,0.82815,-9.24234,0.345823022954,24.5870020551,8.93912992413,30.76,8.94916,0.897132710302,36.8724581954,69.9785162843,8.93753,8.93972062913,8.06044894108,49.1022,146.564323552,0.848043,156,1.54982428431
0.403667223464,142.544233322,94.7201067906,182.851507583,2.08131807446,82.8285592024,0.814015,-9.24104,0.198951351156,13.583038827,8.94013118175,30.8231,8.9501,0.601612033435,37.9737564468,51.4881337541,8.93966,8.94100791756,7.03857726116,49.2513,135.052120348,0.854195,157,1.40903376867
0.397266509533,155.378642878,84.1257668953,191.517871545,2.16344557152,80.9112768047,0.814343,-9.25668,0.253145746155,17.7085978385,8.9527617084,30.8993,8.96524,0.61674264987,42.7016470457,70.456278449,8.95364,8.95337800892,6.28683284233,49.4193,117.332130838,0.826836,158,1.13126467511
0.401205376398,134.381767827,86.6769150626,222.343908322,2.52762955325,59.4526865885,0.814652,-9.24672,0.3687829686,28.1700911482,8.95486750883,30.992,8.96536,0.371507377173,40.3078097606,60.8836200634,8.95323,8.95586518711,7.15142390717,49.5381,125.259701836,0.854004,159,1.18973887703
0.392304051277,150.265107587,87.4977700461,211.227375006,2.44337866964,53.052780067,0.826385,-9.27041,0.49641702521,35.6651857991,8.97005209416,31.0444,8.98171,0.297382972109,42.0896624091,65.4136080466,8.9693,8.97102196977,9.05121934132,49.6648,125.590358835,0.799003,160,1.22312830904
0.398524367292,163.249316525,79.6567844369,246.538089866,2.5627591426,50.8439500323,0.799047,-9.2635,0.656277428725,54.9293181098,8.95506092831,31.1174,8.96582,0.248506383004,48.5631980726,68.6533669635,8.95489,8.95600491227,5.39829989218,49.8807,121.871940809,0.844521,161,0.98872689298
0.397499442764,177.823619666,94.51069436,263.02594095,3.05555443648,60.6601967376,0.84222,-9.29405,0.636559716036,47.2084592387,8.9793396587,31.2137,8.9929,0.33125907165,38.855808689,67.5161034684,8.97998,8.98033289998,8.42082799955,50.0604,141.10312232,0.828278,162,1.41660444229
0.388591120333,230.163078687,111.227522586,316.300852987,2.69198920094,58.2067686407,0.830796,-9.3026,0.507655119559,46.5137877306,9.00395152728,31.2955,9.0144,0.24209872872,49.7877926924,77.372420213,9.00211,9.00511075881,8.01548152505,50.2761,194.140672526,0.793392,163,1.84267220418
0.401436196438,188.515369235,108.482874964,274.447625428,3.01743360382,72.0125782302,0.859167,-9.3609,0.654496889816,49.8131266328,9.03150675174,31.3797,9.04315,0.376086010244,52.9047615085,77.06249758,9.03162,9.03273035608,12.660078614,50.4021,180.050644012,0.83496,164,1.79416483311
0.398228623499,211.044893713,112.593437003,371.855353555,2.78492394199,29.0098300865,0.867317,-9.39913,0.730584422511,75.0369316462,9.06790081085,31.4576,9.08056,0.0936136712379,58.8937699815,70.0096569584,9.06823,9.06878639277,9.80251299196,50.5283,225.146102141,0.842924,165,2.02095762256
0.398454299706,158.552764245,105.676413049,318.664274525,2.5401248586,38.5341021851,0.875986,-9.39318,0.487360823083,51.9148021819,9.07211066351,31.5215,9.08527,0.112921906426,39.85320814,72.5571774921,9.07206,9.07291787576,15.236381099,50.7018,186.642102861,0.832856,166,1.67469224278
0.396435733274,171.251024953,106.032593526,332.659108969,2.67749051441,33.602783973,0.864933,-9.45155,0.627174252224,61.4261975095,9.10804088255,31.5879,9.12125,0.0983028535475,51.6895781747,80.450341518,9.10667,9.10907814718,11.6606729065,50.8822,188.777064604,0.808033,167,1.7471287663
0.394041566601,222.817489744,115.075450092,325.964827133,2.78707974678,72.2449829572,0.85625,-9.49389,0.373507965189,38.2688372304,9.18206244481,31.6423,9.19205,0.442515521477,49.7635653117,90.7483910553,9.1808,9.18307167181,14.1490825874,51.0391,208.177189593,0.836698,168,1.98524545544
0.391467631001,192.676159895,108.348839432,321.087658662,2.47834002371,138.45913281,0.882245,-9.5028,0.46942361717,50.2753371811,9.19034373913,31.6831,9.20197,0.263840091697,54.0843047893,98.2723977853,9.19037,9.1907849566,13.5535581462,51.2218,224.349818706,0.854279,169,1.50937762977
0.393182358672,174.279219242,105.44734725,240.763013956,2.40136251366,43.762193366,0.848436,-9.52432,0.420906275452,34.6626254263,9.21263910035,31.7555,9.22559,0.220324695022,40.5155949649,64.181895939,9.21201,9.21388724243,4.89779105771,51.3672,166.705100367,0.820303,170,1.66871948237
0.385102568185,178.368973521,106.035835437,351.650131592,2.91608272972,32.4275904974,0.850902,-9.52342,0.73298919918,70.2971550882,9.21787814783,31.8374,9.23088,0.0856229320178,40.8206546833,74.4670507982,9.21689,9.21980928725,10.3583900916,51.5876,194.162747911,0.799292,171,1.76954638581
0.383627813433,182.303942537,111.696803368,340.879882579,2.60647613372,33.6608929364,0.865646,-9.56168,0.64501130947,62.4009469984,9.23382666808,31.9059,9.24766,0.0862269853048,49.0875101158,78.4234619816,9.23332,9.23535158598,11.8633698997,51.754,216.855662877,0.812115,172,1.8403461552
0.391912265006,190.419057554,107.430087379,342.296451374,2.73562071656,33.7452829368,0.856573,-9.5947,0.684882621704,69.6994450016,9.26332946702,31.9945,9.27519,0.103381722012,44.7124411554,100.082226094,9.26166,9.26473567405,20.043318211,51.8925,199.043559204,0.813068,173,1.78233894658
0.392112610763,174.491963623,104.788029412,319.390566362,2.76717141549,38.3423420971,0.85468,-9.63516,0.444223172007,51.2887493206,9.30505442161,32.0878,9.31523,0.0957928900615,46.635684242,86.6012727196,9.30393,9.30619560082,20.9080796875,52.0468,188.961988404,0.840203,174,1.60461170385
0.388844664095,204.211979593,107.392708496,269.931399109,2.90752038858,52.127850482,0.856753,-9.65058,0.596459495252,50.1934526385,9.33314907781,32.1438,9.34494,0.334945835691,42.036678185,101.928718439,9.33277,9.3341434489,29.5658540714,52.1536,179.941231069,0.827307,175,1.76038619394
0.389957667029,256.603257154,106.177965752,316.893533399,2.27826181845,51.3340193072,0.872221,-9.67093,0.403902697213,59.1618363391,9.33681661386,32.2158,9.35014,0.246295775613,58.2048184139,80.8276662425,9.33545,9.3386011576,36.7325408974,52.3619,198.636440098,0.834093,176,1.44966988739
0.39356737307,327.714260603,83.788310009,316.441410558,2.14415082959,43.5321723731,0.923228,-9.67393,0.436599936299,78.3515252291,9.34854284601,32.294,9.3589,-0.0619633842928,82.1704598042,82.4655969288,9.34667,9.34986836617,15.6787887352,52.5406,182.447419178,0.882927,177,0.399222721086
0.385102233005,165.425604135,93.4515927387,298.982159151,1.9246795528,80.6251713282,0.856996,-9.70813,0.204442511194,31.413162926,9.38062570267,32.3828,9.39179,0.507228535576,41.2133389519,95.9293135169,9.38019,9.38176837708,18.9041203818,52.6549,146.330822554,0.834023,178,1.21843613976
0.3858849746,215.403583785,107.154329933,314.164648504,1.87056112204,151.313250606,0.878649,-9.73111,0.339505589944,52.2550050001,9.40038912885,32.4462,9.41253,0.585206530916,53.4460239369,75.0700734289,9.39916,9.40154805799,17.5089946566,52.7751,238.569823687,0.844879,179,1.21900522616
0.397902642737,194.520114902,106.174353675,357.079076034,2.76411669154,28.8215167935,0.870671,-9.78001,0.664139519228,73.3322405264,9.43307512239,32.5232,9.44311,0.0775536896296,44.3028211264,69.2722929713,9.43076,9.43374679026,16.9886929222,52.881,237.067637374,0.890607,180,1.35897685569
0.384383016442,239.297308678,87.192319273,232.361123517,2.23821860919,60.6785332571,0.843534,-9.8098,0.382857496125,33.749840384,9.48762991686,32.5866,9.49803,0.407363705032,60.5886405247,94.2908964496,9.48483,9.48854446601,10.0744487486,53.0382,127.938027209,0.852035,181,1.14676467012
0.372522635154,202.784160565,110.38967651,349.765807184,2.88185981116,38.4601891827,0.855686,-9.83508,0.579431897371,61.2702237209,9.51507242243,32.6411,9.52719,0.130690347442,46.1659157786,81.7934579274,9.51429,9.51592432012,8.89872644836,53.1616,233.611816593,0.808713,182,1.8313767295
0.38641053516,153.586884206,95.9199975385,238.255491506,2.6145807152,77.7819169819,0.846658,-9.83429,0.47201030989,35.84891575,9.51577024975,32.7176,9.52813,0.569118002037,46.3790734596,70.1056396093,9.51454,9.51662224666,6.07066963827,53.2817,142.475721741,0.859802,183,1.4032317536
0.385079666999,203.374666357,102.878983826,325.937900587,2.97721677127,61.1678789869,0.860855,-9.87055,0.535102252966,43.7241629732,9.52725479854,32.7856,9.53694,0.431556233504,44.1441354156,81.03782277,9.52507,9.52800106498,18.6845887982,53.4389,158.551566395,0.83903,184,1.6076339256
0.384147820326,233.367370325,96.0817372113,279.210125331,3.28590201741,78.349684442,0.797075,-9.90104,0.581979631445,41.2288401926,9.56189695743,32.8423,9.57023,0.456785902434,57.892601162,109.762117016,9.55902,9.56293502517,27.4697296674,53.5655,147.410347123,0.84526,185,1.40633246105
0.37792389184,194.619187644,101.786500067,266.152829904,2.73468925221,67.0583701226,0.838035,-9.94841,0.652395101897,45.5665680516,9.60846613565,32.9041,9.61886,0.235110715575,58.5282713274,78.9256465903,9.60682,9.60952808783,6.31691668491,53.7377,159.75562375,0.839881,186,1.58534481021
0.382542768078,230.542471648,97.3551777192,322.887516953,3.02021931154,82.6883734205,0.825001,-9.97676,0.60671668839,69.8206366255,9.64184255299,32.9675,9.65385,0.324761281425,56.6445612037,67.2689303842,9.64056,9.64332611646,5.72716013615,53.8446,193.817434405,0.855456,187,1.11581603667
0.385533003565,156.066474905,89.5894017492,255.695217737,1.64647798452,71.0080529271,0.84033,-10.0082,0.264402195001,23.8937633662,9.65948473275,33.0067,9.67223,0.0389912712081,47.2898197611,69.5935957946,9.6585,9.66060212678,8.79134547068,54.0019,136.544359336,0.873505,188,1.09726991033
0.40489610083,248.241489319,103.739638956,353.33727667,3.01115070197,35.8992498845,0.806886,-10.0232,0.694027809983,72.4688699795,9.68384512923,33.0133,9.69528,0.0957783973182,60.4482400778,91.1120826665,9.6824,9.68479294882,7.78275560508,54.153,191.022893331,0.914744,189,1.6928045431
0.388701918787,231.937659623,122.294757659,369.45384891,3.32550007026,75.8613969794,0.840171,-10.0417,0.526941826584,47.2159608461,9.72035639519,33.0562,9.73138,0.31493837148,71.4678160627,117.583026816,9.71884,9.72105257291,36.6891110979,54.3616,249.765899349,0.853051,190,2.23033328835
0.386161667041,242.508712422,95.0946168745,239.796462614,1.65266928142,108.414053895,0.855064,-10.0723,0.203611012084,15.5262622537,9.75156975796,33.115,9.76258,0.712055228926,56.4650208386,85.4167285096,9.75086,9.75241584463,10.11346322,54.5316,142.086203765,0.834463,191,1.30298622863
0.37842849668,205.975117062,89.6354439252,288.778699163,1.63210824602,55.105154917,0.857279,-10.1062,0.261326401545,29.0020226528,9.76781306455,33.1283,9.77847,0.0632000162771,43.7942019959,98.2894922139,9.7669,9.76847615649,23.0957823987,54.6017,138.699700796,0.803655,192,1.12075817347
0.38906577426,180.607382701,88.1416569218,152.389656407,1.67495505641,10.4034296585,0.872857,-10.1427,0.281383921508,19.013319413,9.81351509995,33.1732,9.82205,-0.0215399249261,40.086257327,69.5687821445,9.81112,9.81395123458,9.85213991151,54.7732,125.327084162,0.854889,193,1.20460709141
0.405422276332,135.386181137,87.9622111093,172.898698227,1.67786606087,50.151854984,0.882697,-10.2,0.270387725209,17.7486918417,9.86051065688,33.2113,9.87254,0.07878675482,39.0505347677,68.1348986268,9.86042,9.86137195304,16.6794329195,54.8652,129.526000873,0.915887,194,1.11885109511
0.405187566566,181.024718227,87.9988912654,308.696392372,1.75284571999,33.7512034279,0.839626,-10.2287,0.408679412085,62.7081897973,9.89069372726,33.2622,9.90202,0.0805388423704,46.5299272496,75.4375372289,9.8913,9.89136776882,15.779258965,55.0215,153.913468255,0.902587,195,0.974648725864
0.404583867582,190.560918656,84.8207095093,313.786534549,1.61282977972,50.4871229858,0.860031,-10.2547,0.287842856449,45.4687343437,9.92799097356,33.2877,9.93724,0.146779994423,49.2418031749,85.6694944611,9.92768,9.92829541545,15.7054170461,55.1772,137.070845821,0.890393,196,0.93464866158
0.411429217008,198.927261489,92.0670100431,275.255257505,1.86959463243,34.8154604388,0.858657,-10.2757,0.348057043004,37.3350805241,9.95472056794,33.3153,9.96574,0.136894310682,52.1792844564,70.9236437029,9.95382,9.95522555406,8.21365651718,55.3916,146.410482386,0.929168,197,1.17118611572
0.393550829,236.308561331,108.550517631,316.915103246,2.86210999377,157.483702241,0.890276,-10.2986,0.765578033817,38.0860175428,9.97931075769,33.3685,9.99102,0.245637989749,78.6914346592,92.6890137443,9.97871,9.9800846602,6.31574809484,55.5093,258.49414504,0.892796,198,1.03136980843
0.39499406349,247.78902225,104.698962203,290.674328986,2.23594643127,144.383409305,0.869335,-10.3013,0.341284779087,38.8118031619,9.98327156195,33.4166,9.997,0.462091587791,87.014331589,90.6127696176,9.9839,9.98412223798,5.83178809293,55.6367,248.709701638,0.861128,199,0.742356793811
0.387156104583,142.130876458,83.0006348445,298.710867769,1.40490292229,48.545557949,0.895887,-10.3181,0.295801236761,39.8455845134,10.0083578887,33.4711,10.0206,0.0703253285726,40.7920036126,74.74966242,10.0075,10.009240363,5.89035063517,55.6957,132.96395611,0.844827,200,0.880706125342
0.393570397802,180.317181669,113.756328205,372.11257841,3.03655627445,110.947723826,0.834169,-10.3332,0.598360352195,58.7912997845,10.0194140888,33.5074,10.0302,0.950440746093,53.7673406092,81.7070673877,10.018,10.0198504177,9.72830481766,55.8457,221.404992147,0.882023,201,1.90812707879
0.396378741974,164.941586033,88.9138948371,293.390715948,1.27826448656,91.7956104366,0.873321,-10.34,0.209979503517,49.1734676409,10.0161221873,33.5654,10.0274,0.0608142438242,46.1913595572,80.1086409449,10.016,10.0165830092,9.75861123078,55.9892,164.059026062,0.889361,202,0.904340662948
0.40435280381,202.206533431,117.641432541,322.61538209,3.04525549621,140.946500941,0.862885,-10.3177,0.591030809578,37.1408139811,10.0247105122,33.5973,10.0363,0.540672126993,57.2236443682,100.018274019,10.0241,10.0251798783,20.1674872352,56.1924,242.909814586,0.921332,203,1.84885081259
0.387606017157,184.618514373,96.7024274702,328.977821839,2.15080702099,90.8630138296,0.861105,-10.3348,0.368675474706,44.743843686,10.046391181,33.6495,10.0581,0.651134599417,52.8760340652,102.927057913,10.0459,10.0470441072,15.0651954022,56.3457,157.375973324,0.847994,204,1.29301069693
0.389460023484,158.714797105,105.107194746,319.048020242,3.05883716463,110.30680331,0.861195,-10.3004,0.535571900658,52.9537678421,10.0002700185,33.7006,10.0123,0.589634957194,45.8444609089,71.1456204489,10.0003,10.0008004133,5.0960081536,56.5106,192.778381559,0.855388,205,1.52438022964
0.384945653307,162.826178421,88.9451368608,314.875891267,2.63762748583,87.1564607241,0.84081,-10.2842,0.443979548043,45.4597483294,9.98367169902,33.7507,9.9945,0.699396494054,36.836648142,85.1679015654,9.98272,9.98413447775,7.99323336326,56.6027,140.393745151,0.819755,206,1.13858263333
0.38548885413,223.984610333,117.867656205,291.928937696,3.28454420518,85.6803563166,0.831918,-10.2935,0.607348755428,50.1399618179,9.99718051304,33.8033,10.0079,0.581709568716,60.9507295778,84.722933118,9.99611,9.99823177135,5.38385292581,56.7769,209.748451334,0.865649,207,2.11647931788
0.384543914581,239.330986434,96.4905941491,292.834088631,2.20970393074,90.8389067299,0.83995,-10.2952,0.344401854411,35.6997005784,9.98879086836,33.8573,10.0006,0.545834143602,63.7302600749,99.7098383505,9.98815,9.98932700869,10.6907421066,56.9009,162.990807948,0.836546,208,1.29646538219
0.398920565799,265.762278758,99.3890334162,320.002766816,2.05841308816,153.83000371,0.864552,-10.2831,0.438904074461,32.3969780953,9.98304087749,33.915,9.9941,0.156524012509,61.8147392685,109.456460066,9.98223,9.98420390517,23.91741549,57.0896,257.134930715,0.89765,209,0.508126886903
0.377567541607,246.991676397,106.895038847,329.600792765,2.39939253256,41.2255344626,0.83916,-10.2802,0.486769312113,56.3353077191,9.97853757967,33.9444,9.99236,0.140683834888,54.918141596,90.5996363704,9.97967,9.97943481429,12.2024500998,57.2162,205.132134878,0.828721,210,1.65560662169
0.403099214101,127.12909698,89.2203421127,293.611604361,1.48565216303,34.0347955134,0.860623,-10.2901,0.364916654809,73.0372232786,9.97769633289,33.9636,9.99096,0.0697323941532,40.5503222554,60.1517445437,9.9775,9.97857571382,6.07274528935,57.3544,197.342847258,0.905428,211,0.564369217511
0.39664928953,193.880550099,95.1438145881,275.487962478,1.09084521577,88.1675920224,0.880131,-10.3107,0.208200357364,60.0607271602,9.99561745463,34.0201,10.006,0.111366767929,55.6462411917,75.2282551945,9.9946,9.99644820177,10.9316563233,57.4586,219.785373866,0.888165,212,0.437817241571
0.38898177681,185.952936709,85.6103133521,294.330194741,1.72564222676,31.6502208442,0.889196,-10.3747,0.345541167242,82.0881396683,10.0272398364,34.0948,10.0368,0.0371288614025,41.1198209796,111.978117755,10.0254,10.0283900039,54.6527071989,57.5711,179.834465307,0.838322,213,0.582475601973
0.387967470043,248.969520682,102.599490075,288.644602101,1.72056075094,151.114655703,0.889224,-10.4151,0.382212130488,38.3697905918,10.0700749415,34.155,10.0803,0.257908595161,61.1962060169,95.6104634472,10.0697,10.071031427,11.3602264656,57.6822,250.790325453,0.84681,214,0.757929578539
0.395540812384,234.274357117,81.1461524225,288.640928213,1.12262047364,18.2068602493,0.856224,-10.5036,0.300118921159,56.0894412571,10.148562424,34.2268,10.1592,0.0375570028403,66.5248643129,91.0549501773,10.1474,10.1489606104,22.6915381303,57.8324,141.534156869,0.864547,215,0.716497612614
0.407144984928,191.961637184,112.140106967,324.872300303,2.48782108831,131.407451352,0.878707,-10.5441,0.322505668793,51.8373892518,10.1915296885,34.3112,10.2035,0.74566819239,53.0876758954,81.9715218701,10.1918,10.1919653742,8.83658155948,57.9294,264.729389933,0.918352,216,1.08080301161
0.402371415843,180.225296616,87.2200521597,283.946058009,0.82366220532,51.0008485084,0.856586,-10.5849,0.268015583362,71.166317828,10.2191170117,34.3864,10.2321,0.0538905801926,47.3272026792,76.5029833085,10.2179,10.2197601501,14.8612913716,58.0158,196.847485924,0.894357,217,0.316862603591
0.399463359289,179.413070041,80.1263724763,273.339784175,1.39086603346,89.3701583324,0.838979,-10.6259,0.112768028962,33.5505191213,10.2849636628,34.4385,10.293,0.496841492937,41.0173318503,84.8335875094,10.2823,10.2857052186,8.76554312811,58.1257,126.761315146,0.901681,218,0.76914694443
0.400925581564,234.923679436,103.602759771,310.243044419,1.93876028569,105.046486038,0.849767,-10.6463,0.39614436533,58.1659621711,10.3011595436,34.5069,10.3111,0.393542763672,58.5406092156,75.2988506881,10.2993,10.3016499884,9.54969018755,58.276,234.747560596,0.909555,219,0.942825220126
0.39824451655,217.987604445,104.96354395,283.564820969,1.86618347985,145.517210619,0.843308,-10.6761,0.395058943551,45.3552133332,10.3403694366,34.5517,10.3502,0.362923558851,56.5173914117,71.9896292081,10.3386,10.341326032,7.16945639369,58.4032,243.846656679,0.903392,220,0.859562928127
0.382620128187,277.653964804,107.114027487,313.203684673,1.58332210575,172.9805672,0.837037,-10.6935,0.311869272341,31.6211896536,10.3715593037,34.6003,10.3834,0.47100227898,81.7286900364,106.613602169,10.371,10.3725712925,15.1932114241,58.5693,266.37836578,0.861149,221,0.785035542186
0.400015468229,230.466818139,124.641732587,399.191732877,3.53302088786,140.419023445,0.876432,-10.7295,0.617979833915,48.1086801434,10.3950844313,34.6154,10.4062,0.796513842271,55.1477928406,74.5710406006,10.3937,10.396143037,13.9151113857,58.6594,268.998827193,0.925076,222,2.14194064302
0.401409683627,255.108990025,106.305543661,291.56084443,1.19263454142,167.797646052,0.853961,-10.7304,0.177180716008,25.4244138339,10.3940816544,34.6136,10.407,0.335774268456,70.3382013742,88.7455730017,10.3945,10.3950689294,7.9393676844,58.8775,269.184963019,0.946917,223,0.636331240976
0.394213219241,187.759783787,94.1869478368,318.017163246,2.10505592812,88.7771987539,0.860892,-10.7186,0.338507333047,47.2784034506,10.3964647672,34.6217,10.4079,0.47400556109,45.3507027813,74.1080995055,10.3959,10.3971947464,11.6463102104,59.0075,163.835448126,0.889786,224,1.14830374517
0.393854942444,140.741232573,106.136575233,307.528641276,1.39071347954,101.945457562,0.838094,-10.7435,0.219762620284,39.642970408,10.4086282945,34.6684,10.4216,0.211629805872,35.21584298,71.8293366854,10.4074,10.409328934,20.660018771,59.1398,268.414324013,0.944294,225,0.697627232215
0.388244341861,206.987611096,94.401489872,303.895433389,1.73752520398,36.8441264748,0.864031,-10.7493,0.305228377353,53.5935076291,10.437044182,34.696,10.4493,0.139468504923,51.2557959768,78.2460069707,10.4371,10.4378139992,6.20969254641,59.2552,169.169172884,0.902479,226,1.11293937488
0.384431243827,218.471643294,105.269256765,297.018549299,1.17408401844,189.351599908,0.862943,-10.7725,0.170199705028,15.1041591071,10.4604573924,34.7228,10.4727,0.30723183632,58.2358556272,77.7773567869,10.4601,10.4613014581,13.0666119179,59.3796,272.315229538,0.911553,227,0.583134993883
0.385632882476,242.764661107,98.4319712746,299.255920485,1.6987500704,40.7585940085,0.877621,-10.7089,0.304776763349,75.5967019199,10.4064891378,34.77,10.4186,0.139983825049,60.0761213509,100.050143398,10.4061,10.4075037317,20.9457652169,59.5307,214.575527814,0.894088,228,0.871070213898
