QFunRegParamNorm,AverageQLoss,StdReturn,MaxEsReturn,AverageY,AverageForwardProgress,StdForwardProgress,MinEsReturn,AverageQ,MaxReturn,AverageAbsY,AverageAction,MinForwardProgress,AverageAbsQ,AverageEsReturn,StdEsReturn,Epoch,PolicyRegParamNorm,AveragePolicySurr,AverageAbsQYDiff,AverageReturn,AverageDiscountedReturn,MinReturn,MaxForwardProgress
14.1912,0.00130816,6.13275715808,41.7838495521,0.0256922898026,0.0848561805357,0.0495816947753,0.192303815803,-0.00807142,42.2433402586,0.0256922898026,0.000340187,-0.0373412287146,0.0081891,23.3073411553,8.77502498432,9,14.1287,-0.0207264,0.0337637133217,24.4863213506,16.5722217819,9.61306733453,0.227168471252
14.9813,6.9888e-05,10.892948783,93.5149164578,0.0586543405638,0.160490539919,0.0757374611303,0.166424213133,0.0585685,68.2901900889,0.0587346613932,0.988915,-0.0186947768895,0.0585793,45.6498623317,25.4983926365,10,15.1287,-0.101314,0.00475627590294,33.2612772983,21.8864540805,7.53862552081,0.408104705887
15.8953,0.000172063,13.1823318213,57.093202672,0.131583545579,0.0314248619233,0.0929120059198,4.33910687475,0.131484,72.0067940723,0.131583545579,0.992544,-0.0736715974086,0.131484,18.5054300401,13.6513761816,11,15.7143,-0.160413,0.00665745534493,10.6393602792,8.43631848752,-3.48293736303,0.46072768082
16.7573,0.0003248,28.8720340967,96.3737187962,0.187782152305,0.189111032884,0.200548028704,-2.34316816318,0.187689,116.841866453,0.187782152305,0.997401,-0.0774972851465,0.187691,25.9190864446,31.6980595947,12,16.0517,-0.20597,0.00892470088292,33.4555044322,23.3431327084,-4.45607390657,0.773801755964
18.021,0.000570998,3.87768799452,45.6907415741,0.235915283664,-0.0022848559831,0.0300463228353,1.66273795463,0.235782,18.9543738383,0.235917818191,0.994784,-0.0753867430729,0.235787,22.4736921088,14.3893110358,13,16.4732,-0.264363,0.0116059371976,5.89615671121,5.0254780863,-3.69967555519,0.0991480640003
18.8735,0.000679143,3.56755530133,13.286525545,0.266543979066,0.00210006532933,0.0272717337584,-4.29649831399,0.266437,15.8069541817,0.266551925539,0.946651,-0.0646637569572,0.266454,6.52689701416,3.71622320967,14,16.9239,-0.287057,0.0126564578345,5.84329328016,5.06107626316,-3.16066204106,0.0752641388582
19.8558,0.000961826,4.83815961861,108.003524877,0.312375940973,0.0187878371657,0.0365406106387,-1.23110455781,0.312281,24.5557935,0.312386030603,0.96614,-0.0817795601756,0.312298,29.0412635227,30.3211941333,15,17.3168,-0.333888,0.0149969495708,9.89164048805,7.92037587559,-3.25343605555,0.123236118235
20.6981,0.00131325,9.67210218197,102.728479589,0.364958765357,0.328417780948,0.0694197554585,-6.72878446107,0.364926,82.133903755,0.364987415866,0.951158,0.114512173385,0.364942,23.4558143719,28.8256056943,16,17.7487,-0.400841,0.0183347650941,58.877853576,33.7849221564,28.918835692,0.47922225209
21.6463,0.00182544,14.301456921,73.8080980712,0.432054169479,0.0978437387068,0.0979185575855,1.74726456858,0.431914,51.0802203638,0.432081120391,0.96075,-0.0660003370898,0.431952,34.2345886839,18.5414991159,17,18.0547,-0.484079,0.0218187375939,21.3552612087,15.8429165797,-2.4673704821,0.316248534938
22.5295,0.00218344,6.20914653356,45.6123479555,0.499088688877,0.0292849004584,0.0448970905748,0.544722792581,0.498952,39.7685703099,0.49911196302,0.947762,-0.0681917902788,0.499015,10.6740232866,10.0973106272,18,18.3389,-0.568201,0.0239773604136,10.5739519049,8.64269135126,-2.9379724391,0.240501336573
23.4742,0.00285889,3.4794483587,20.3959132697,0.572558182104,0.00105754178557,0.0269458521797,-1.1847269933,0.572425,14.0473062102,0.572580316941,0.952227,-0.0762204306519,0.572476,7.465437889,5.17539432289,19,18.6562,-0.663215,0.0278985355368,5.63759578356,4.89725529019,-4.6748916535,0.0685607398937
24.3408,0.00318448,4.32534138523,12.9183961985,0.639291311525,0.000264164631803,0.0340366703181,-1.34734412328,0.639177,16.7270697316,0.639339441925,0.948591,-0.133337587934,0.63925,6.74063028451,3.58340778768,20,18.8693,-0.686586,0.0296232400473,6.11668239555,5.27190063296,-10.2167784104,0.0841913218425
25.1501,0.00361587,13.7634649828,81.3129067385,0.689886381818,-0.0598603988616,0.121594217885,-24.5711172881,0.689743,47.8161349975,0.689935405736,0.910828,-0.474314209573,0.689819,12.0317519531,22.9985888625,21,19.1003,-0.738387,0.0318280563147,5.56723024452,4.88257980495,-42.5365632447,0.244693904792
25.8857,0.00413554,7.36802120272,49.343175964,0.729942743884,0.0112207973924,0.050643048765,-21.0482052119,0.729908,73.6637244414,0.73003517683,0.932143,-0.0995275084043,0.730006,3.77035298246,16.9040798268,22,19.303,-0.793614,0.0345586479309,8.51732804046,6.83131012342,-5.21571528394,0.447192533977
26.5996,0.0050058,5.3776789366,45.3121290672,0.77991641716,0.00147430860424,0.0398537179588,-11.9600521615,0.779805,52.5652237621,0.780025184037,0.935669,-0.0952370927052,0.779869,9.49075133432,13.0796063632,23,19.5412,-0.851381,0.0382560710178,7.09257973043,5.85684965517,-4.99350092492,0.305051348629
27.2564,0.00574455,16.0003219714,98.9847199281,0.837668218538,0.316680449723,0.1097828382,-1.77575384667,0.837496,92.898164394,0.83778504124,0.946246,0.00631171516579,0.837591,18.3067388901,21.3111462738,24,19.7405,-0.895366,0.041003675914,56.4636875923,33.3595845851,7.79579895867,0.536399195803
27.903,0.00596606,6.67740114355,87.3057903883,0.890742543589,0.105759635025,0.051275048338,-6.60272740081,0.89067,43.6707069134,0.890813621518,0.949649,-0.0291024317965,0.890759,20.3841999826,21.5581068797,25,19.8894,-0.955992,0.0426350137506,24.6733504066,18.0698136545,7.90247716217,0.250354887156
28.564,0.00661112,5.37286074454,33.1142703282,0.935272459247,0.0566968288453,0.040885677253,-1.20110802577,0.935157,33.506596381,0.93538143349,0.929675,-0.0564420412599,0.935249,13.5231902609,9.50814629613,26,20.0595,-1.00857,0.045819621662,16.9285751312,13.0670165611,2.32652975651,0.187895186499
29.1376,0.00759769,6.53003410454,45.8632841086,0.983228196215,0.0335911019641,0.0460319230505,2.42670573101,0.983109,38.5581003619,0.983407488028,0.964718,-0.0605349846317,0.983297,14.2436987985,8.93154532227,27,20.1885,-1.05649,0.0490656367739,14.1227825205,10.7312287249,0.443703893572,0.191818012491
29.7481,0.00777792,14.7951716007,32.5020693322,1.04475758753,0.195855984334,0.102195755052,3.27147628241,1.04462,71.3807683352,1.04490090429,0.970333,0.015372424321,1.04488,13.7461504986,6.98447549694,28,20.3479,-1.13608,0.0511115203081,38.0700935345,24.6231006251,12.5670878398,0.432027466383
30.3518,0.00867774,16.7158891065,72.5900072778,1.14144138735,0.262717200962,0.114104888564,10.2043886652,1.14123,77.2007682135,1.14151684958,0.978554,0.0114707583292,1.14136,50.497457118,18.6022122971,29,20.5283,-1.25124,0.0532210831672,47.803173577,29.7088573852,10.1918245797,0.463191280949
30.9403,0.010158,19.4173938745,73.7101534268,1.25440849253,0.17806200758,0.132630931453,6.85363736585,1.25408,80.3831380538,1.25449745088,0.982489,-0.0491731179838,1.25423,35.268158576,23.8959962398,30,20.6766,-1.34749,0.0575975478146,35.3055366838,22.784281072,2.74678799855,0.486543571413
31.5415,0.0113757,15.4547923766,73.1231279293,1.33606171977,0.214468147119,0.106731366587,5.42301639494,1.33571,73.897275288,1.33614441239,0.985051,-0.0113510793949,1.33582,36.8333284019,21.1627665019,31,20.8129,-1.43713,0.0611406922659,41.3956125143,26.0148886424,10.15760733,0.428808130923
32.1933,0.0109894,11.3641875978,85.4210145347,1.44385458492,0.391285456291,0.0777763929295,1.92614305842,1.44359,84.3852438018,1.44392306408,0.992784,0.0950657085732,1.44372,46.680392648,25.3953886007,32,21.0217,-1.54382,0.0619888194521,66.386164906,39.0662071035,22.4343804655,0.511487294944
32.8058,0.0135189,5.1361480086,82.0958028038,1.53297862559,0.0645061412407,0.0388494214485,14.2434021094,1.53268,41.0662065027,1.53306065778,0.982693,-0.0201059041013,1.53286,44.9224063062,25.8449228317,33,21.2733,-1.626,0.0660456821871,17.864717087,13.5469225144,7.06730321905,0.210255273011
33.4338,0.0159224,10.9690459502,41.9500038399,1.62113007706,0.11506378246,0.0757645479602,0.979650856142,1.621,58.4807280007,1.62123031676,0.973775,-0.0312267777509,1.62123,18.948975087,8.92645077212,34,21.4595,-1.72403,0.071096238514,27.3629481644,18.021040691,8.08278011055,0.333870362547
33.9473,0.0167664,17.7826728941,72.6633444967,1.69522464873,0.263163052071,0.124113085391,0.777067222487,1.69492,81.2776192232,1.69538905521,0.975812,-0.0575965553662,1.69516,27.8456360143,18.5202508942,35,21.6359,-1.79133,0.073953987954,45.2317779272,30.6591905849,-1.14362672704,0.514102376349
34.5202,0.0168726,11.2682998239,66.4486132165,1.76827701783,0.0580067320068,0.075748832143,1.44824589635,1.76803,50.5549991265,1.76841156711,0.976454,-0.0634392646467,1.76827,21.6834913379,17.9964422364,36,21.776,-1.86407,0.077529154356,15.474433361,11.7072216293,-2.11900383452,0.308592411683
35.1037,0.0192364,18.7409349783,45.1622888724,1.82734426383,0.131608909229,0.130100253029,0.368839600919,1.82704,101.671084867,1.82752677673,0.973147,-0.0657729030912,1.8273,21.130551448,14.2937210788,37,21.9237,-1.90956,0.0837910988436,26.1761700444,18.6882372274,-2.23135926683,0.661364218922
35.6813,0.0250634,18.9974808189,71.140872064,1.90990611781,0.140548988639,0.133912400939,2.5075986005,1.90962,97.2168642473,1.91011362739,0.978395,-0.0721267116693,1.90991,33.285643962,21.1168491707,38,22.068,-1.98311,0.0898859565711,27.1448614152,19.5435901835,-2.40519108006,0.643231164397
36.3259,0.0281251,12.4766604806,76.0419812375,1.96304468529,0.0695894903705,0.0878663351463,-0.573702568817,1.96256,57.8381383035,1.96336592941,0.978551,-0.0890760781384,1.96306,20.7613972087,18.6183352289,39,22.194,-2.03245,0.0953010346695,17.0263220726,12.861729926,-4.73834867675,0.36077201671
36.8225,0.0288032,13.9439945817,33.0711102867,2.01955838576,0.092456371242,0.0971770709193,0.56473784187,2.01931,63.1103239797,2.01992419613,0.97444,-0.0734389854091,2.01978,11.9976136372,7.81571989336,40,22.3448,-2.09957,0.0962973673936,20.1898360594,15.0753851146,-3.56747413527,0.386227792517
37.4038,0.0315543,16.3761898833,42.5830322142,2.08509971297,0.0798813463241,0.108937765805,-3.65606587227,2.08467,72.4677242293,2.08571095056,0.968405,-0.0660420256104,2.08548,14.3305586889,11.0369626299,41,22.4402,-2.17054,0.10239907541,18.5343191612,13.4466737571,-2.66694870177,0.453487551971
37.9712,0.0316532,12.9245872459,44.3454296099,2.11934619476,0.039801837086,0.0858890308431,4.48093873677,2.11891,54.2191985326,2.12000847823,0.967349,-0.0875460446643,2.11982,23.058830003,15.657013443,42,22.5395,-2.19846,0.105378593963,12.4078051216,9.36279426316,-5.21781953837,0.325280079529
38.5326,0.0354538,18.591386612,56.572926312,2.16136020441,0.213709516916,0.12983818554,2.95708164404,2.16072,91.7341860925,2.16234690995,0.96074,-0.0573502647453,2.16175,27.8734581459,17.5675681668,43,22.6234,-2.24347,0.108359299167,40.4678290575,26.5671710263,2.32784893713,0.575311907698
39.0827,0.0362909,16.0461917146,79.9380277124,2.21066419422,0.324513260739,0.109813586526,4.93312149082,2.2102,89.1292234837,2.21135232326,0.967199,0.0520725396491,2.21116,45.0328431714,25.6921629833,44,22.7128,-2.28294,0.111075105112,56.343195917,34.938693555,16.6404360432,0.549714729138
39.5756,0.0385895,14.8985236435,81.1462267188,2.28636205469,0.367746363202,0.103074739122,26.9331825005,2.28595,92.2268638919,2.28700512338,0.957535,0.0685131024175,2.28668,52.2976177598,16.4580525016,45,22.7914,-2.36494,0.114140272712,64.1261951694,36.5612110644,20.3386848708,0.544322284857
40.0752,0.035068,17.9444456721,76.7929994232,2.3456695134,0.255943808839,0.124105219516,7.67420508158,2.3452,77.8472448226,2.34632870455,0.959934,-0.0430225357669,2.34612,51.245653958,20.961219792,46,22.8833,-2.42168,0.115435063592,47.1485022845,28.9965354917,3.94613312578,0.481917133278
40.5955,0.0413585,15.513738928,62.4828642152,2.38924192626,0.241126621337,0.107285074719,4.20390958644,2.38866,78.9134828238,2.38988091908,0.967009,0.0368406320649,2.38947,35.764433486,16.4316566236,47,22.9667,-2.45745,0.120451524361,44.8817956883,28.1009094091,14.9947156688,0.493852833971
41.0939,0.0398564,11.6075250361,73.0284233864,2.4515182429,0.327423247909,0.0815335413657,22.0566995101,2.45092,90.9004049359,2.45197036961,0.972096,0.113439068058,2.45167,48.4738244738,14.557142876,48,23.0643,-2.51542,0.122150167751,58.0947957175,33.9311919072,26.9002272236,0.507848389683
41.5523,0.0394879,14.7399150933,68.391664623,2.48575468525,0.376084612161,0.105919889514,1.36067916734,2.48503,95.8175428373,2.48603959399,0.970012,0.0221593204508,2.48554,47.889796245,18.7184605282,49,23.1789,-2.55523,0.122705695056,65.6499564506,37.1089892823,16.2361813984,0.583395581212
42.0485,0.0422681,19.987270622,83.5513633221,2.5166484417,0.355846654791,0.13719761396,5.74635043124,2.51616,92.0813423416,2.51697249176,0.968823,-0.0804842672103,2.51672,50.6364550136,27.4467623126,50,23.2982,-2.59521,0.125513070258,62.4178767319,35.723812709,-0.436261598437,0.578541121556
42.5618,0.0482215,18.750062622,100.400989378,2.59046826939,0.181562346322,0.129967414856,2.18336865512,2.58974,88.4425060891,2.59092822992,0.959909,-0.042030863341,2.59042,58.0483636057,26.998981117,51,23.4287,-2.66856,0.130816924522,39.8334502245,23.4401625545,7.10010296874,0.514528663113
43.0511,0.0521225,18.6310771826,72.3605636398,2.65229868879,0.243357488557,0.127058284233,6.70350757393,2.65163,101.653765257,2.6527529381,0.975966,-0.113905977378,2.65236,38.7107954274,22.3122580809,52,23.5686,-2.80943,0.133556158865,48.8123405076,27.1080783525,5.50103407056,0.574528526336
43.5969,0.0569648,19.7919598367,91.5740712233,2.8000796088,0.174605606514,0.15098398069,0.599237180323,2.79923,87.5345661097,2.80074533976,0.960124,-0.163025644852,2.8001,44.2917236398,22.1036388972,53,23.6588,-3.00176,0.141299261014,39.8579464551,23.3751364494,-1.93674645916,0.529669646958
44.1305,0.0712706,30.0535915536,66.1627841641,2.94402562076,0.0999652309582,0.213734139433,3.96587770356,2.9427,121.445507688,2.94478252582,0.965873,-0.603822538294,2.94365,45.1961060765,18.3310310676,54,23.6935,-3.18771,0.161438131893,30.3393795679,15.5398971222,-52.1554919487,0.676086880554
44.6543,0.0801923,19.1702311455,144.961602252,3.1091966659,0.445250704171,0.140650707318,0.991228261019,3.10794,111.601600285,3.10973239059,0.963842,-0.20680278845,3.10879,37.0854603306,40.1271535035,55,23.7581,-3.34248,0.176726845538,76.2346365784,41.2699623993,2.93958284478,0.700807317131
45.1769,0.0991158,19.2814568092,85.6500226202,3.23573702628,0.292841382383,0.134469125174,28.0024155361,3.23464,99.7382316428,3.23634097659,0.969097,-0.0306235348012,3.23559,57.5860679398,17.8873068479,56,23.8382,-3.4259,0.188838329929,51.8570312984,31.7215966363,6.23003514077,0.614874217489
45.5944,0.0940356,28.847321798,77.0965152586,3.26562607547,0.368833065723,0.200855415422,29.4556151402,3.26413,100.371076669,3.26622859949,0.970421,-0.0540156626701,3.26516,53.127287907,15.9918899791,57,23.8647,-3.41662,0.185067680766,62.7973227292,37.0309239478,3.88157128883,0.646251835616
46.0122,0.0938086,6.10416944161,91.2023608477,3.32849785807,0.387001440689,0.0421378780487,2.94468406235,3.32706,78.2463897223,3.32906668684,0.968655,0.253278503108,3.3281,53.6271686666,26.9018094384,58,23.8858,-3.51849,0.182378786071,65.2319546301,39.2243670129,47.5252034835,0.486492316819
46.4377,0.0935668,19.024654055,77.2402296989,3.41056191123,0.247341028833,0.133047299527,45.6309285779,3.40869,86.671490881,3.41123488753,0.956578,0.0374488997055,3.40981,63.299726127,9.61006944571,59,23.8955,-3.59509,0.184137016955,44.4739958254,29.3400051731,14.9314016667,0.538371598114
46.8313,0.0930967,23.2551626766,79.2622505082,3.49784240121,0.291914778457,0.159320925795,10.8998699574,3.49678,92.6108575839,3.4982227686,0.959809,-0.0357377420294,3.4977,47.6080068086,18.7450999091,60,23.9251,-3.66767,0.187516529204,52.2067505652,31.7757907473,6.30534045075,0.575589688421
47.2302,0.0886143,5.84785201735,94.0376703091,3.56242949841,0.408721635232,0.0406790069524,11.6963452154,3.56122,88.24726977,3.56308995125,0.966235,0.302703942632,3.5625,66.7960141226,18.2150695903,61,23.9595,-3.7731,0.188998319905,69.0791475704,40.5077471369,56.9396663073,0.546518641023
47.693,0.106983,14.2456453272,89.5717419311,3.64259381573,0.422043369337,0.0997991311282,12.2401349375,3.64046,94.7021833543,3.64318893958,0.969021,0.146762969413,3.64194,63.8811504137,19.8827232681,62,23.98,-3.8565,0.199062950243,72.1549003603,40.4607844707,34.0055744416,0.602010929288
48.1301,0.111781,9.13648813518,106.962202686,3.80638537636,0.328484927491,0.0699448957166,21.5600210745,3.80514,76.9090494188,3.80710765039,0.97437,0.11467917993,3.8065,68.8135955086,22.5090862374,63,24.0282,-4.02729,0.201473305079,56.9693831256,35.7006872924,29.8485096018,0.467841805355
48.5715,0.118905,16.7517359587,99.4905373804,3.89444125806,0.408127256042,0.120084265567,17.2720542034,3.89287,104.790303009,3.89527305019,0.97106,0.16915977648,3.89457,69.3958418336,20.033985265,64,24.0803,-4.1045,0.200621096873,68.9491492137,40.4209269518,35.904640518,0.67013222442
48.9859,0.115649,20.196247812,98.9809862862,4.00384147141,0.385516819817,0.146634571086,32.6056912864,4.00244,103.491048101,4.00478930449,0.966275,0.029548055681,4.00403,59.3619342925,18.7735747886,65,24.1372,-4.22306,0.201130623534,66.9378903919,38.1847907536,20.6339250686,0.648503253523
49.3842,0.131685,18.9420081318,88.4393936893,4.12738712209,0.238813844861,0.134689149663,5.65311849755,4.12634,82.7956901143,4.1285182831,0.949907,-0.092353583669,4.12842,62.3407696583,25.7766019358,66,24.1856,-4.41433,0.209008435037,46.7871379695,26.9196901156,2.19350027444,0.502804889384
49.7735,0.130807,24.5673847917,61.2188727531,4.29812112445,0.108915959415,0.192369384549,5.23504063229,4.29655,86.0982754297,4.29903352754,0.949926,-0.521668090126,4.29832,43.5737871703,17.3394352622,67,24.2231,-4.59526,0.210883798974,31.1501546459,18.2046105895,-38.8489010224,0.496765258197
50.1855,0.152637,15.7834710676,62.3197173527,4.40362243362,-0.349134256425,0.127275494492,-31.335179561,4.40195,31.6792778749,4.40496582633,0.954447,-0.555652761149,4.40382,11.3983759026,28.2691403056,68,24.2897,-4.72249,0.221613759828,-29.5994971996,-14.0027201629,-55.9941862119,0.104307266278
50.5972,0.166321,17.0275619312,5.66462513717,4.54981754209,-0.304741515846,0.149250779698,-44.443297128,4.54847,12.0684883841,4.55059732279,0.95332,-0.535306940981,4.55003,-16.4155447197,19.1732925042,69,24.3697,-4.88719,0.228407561953,-25.6450158917,-12.6082652445,-52.6009621409,0.0230207577887
51.0372,0.167995,16.9574429129,42.8244732453,4.74158306535,-0.376787242431,0.139864469197,-101.571099119,4.73969,37.2713043104,4.74226659048,0.948711,-0.661880664724,4.7412,-23.4518296661,34.1928718685,70,24.4278,-5.05592,0.230532825094,-32.4868745703,-16.2684128187,-69.6340788574,0.156729299198
51.4862,0.162398,28.6446228915,41.3316434659,4.89390624238,0.0392431812134,0.208630495246,-66.7970505593,4.89217,85.8338737397,4.89490013951,0.939279,-0.498735619223,4.89386,-16.0463330556,24.7706059634,71,24.4574,-5.24778,0.235096781092,22.1229614843,12.6323137935,-49.7175914552,0.476679697389
51.9347,0.222749,30.8911466885,66.0520008183,4.92752046665,0.0443099195047,0.232540010798,-7.66818039275,4.92549,96.4862508861,4.92866164733,0.947159,-0.498921801073,4.92723,20.8017651551,20.2479868713,72,24.5283,-5.32018,0.250630177302,21.9609936426,13.3317828601,-48.0249506544,0.590270515681
52.3695,0.212306,19.7201518581,85.9023143498,5.1132969543,-0.167366880429,0.158018640828,-12.9159810257,5.11159,61.7108851694,5.11450140626,0.949234,-0.556003695992,5.11349,18.1611611091,28.5409244166,73,24.5892,-5.46417,0.252925909075,-7.12079917998,-2.5336965668,-53.0236017036,0.328143186611
52.8252,0.220991,13.6504198478,3.70681969059,5.2825608125,-0.153971216119,0.103523311347,-30.3855736996,5.28116,36.2542711879,5.28373708284,0.9468,-0.436696320322,5.28315,-9.54363533636,10.4277958135,74,24.6393,-5.67231,0.265248128938,-3.68203149451,-0.688082120645,-39.472197708,0.145402719323
53.2283,0.2765,19.7309740206,23.2905327231,5.43645145992,-0.0573431293566,0.158177729847,-42.8480515418,5.43424,57.6505947536,5.4378326421,0.945486,-0.525988996686,5.43623,-1.52128219969,17.3561291413,75,24.7014,-5.86748,0.276639038662,11.0424972484,8.20269258519,-48.2042101098,0.241304483134
53.6134,0.210666,17.762319176,52.780511643,5.60520165749,-0.214522398392,0.145836559087,-7.66348041887,5.60353,51.7305855841,5.60666122701,0.945784,-0.492047396017,5.60594,19.1248517447,15.6876119612,76,24.7397,-6.04448,0.275787384317,-9.95072118007,-2.92346676156,-40.35903543,0.219892397938
54.0077,0.334041,7.64784239374,90.9871393854,5.81447207491,0.240512024556,0.057146661362,-22.2077987743,5.81232,65.9874098853,5.81598427285,0.952527,0.0951952901698,5.81502,17.9915971088,30.9576467015,77,24.7802,-6.31829,0.294476943848,43.4222506668,28.8219091457,21.5675031819,0.413545745344
54.5237,0.374321,9.88063227259,50.7372359865,6.04528997781,0.184873445972,0.0714475585325,16.4223936812,6.04413,70.1892597241,6.04705514145,0.957186,0.0145708805179,6.04691,35.1539235671,10.5990039132,78,24.7967,-6.52892,0.309712402759,35.2971983596,24.1404328207,13.0587927597,0.404034741988
54.9021,0.353668,14.9675788519,71.6585506888,6.25347422508,0.416532793189,0.109311440068,22.5013830537,6.25104,103.90803394,6.25518767085,0.942263,0.0194761204852,6.25383,48.0216264952,11.8778201572,79,24.7994,-6.71861,0.311693553424,73.6837767038,38.3967282978,25.7658793262,0.62377679188
55.3565,0.394282,24.185004536,72.8168618258,6.37710698014,0.372865324943,0.176288624866,18.8058279502,6.37521,115.138542176,6.37916974108,0.938455,-0.254245795988,6.37887,50.5007914433,16.8994353953,80,24.8279,-6.90913,0.324388217775,67.4421386848,34.7345383136,-4.48209478446,0.664482317959
55.8164,0.490793,11.4723009976,83.6476029868,6.59891520084,0.0196215463138,0.0743520422418,14.842538309,6.59662,81.8171512776,6.6012381861,0.951164,-0.130150376053,6.60023,32.8248808515,22.2224317998,81,24.8603,-7.08759,0.336407796592,10.1114113924,7.63478387095,-9.97422357615,0.456643985018
56.2226,0.471369,17.9105715109,43.3190511234,6.72356714917,0.0498823401946,0.131436846745,-27.7582092994,6.72175,91.1343500967,6.72589335771,0.95069,-0.356099903507,6.7256,9.86479494034,15.5912753558,82,24.8913,-7.26523,0.344202236281,23.0027750299,13.6668579589,-32.5130718653,0.479875203424
56.6402,0.513442,14.288671437,39.6331256307,6.98124722148,0.0960272367823,0.113619577806,9.53549655008,6.97866,58.8450577971,6.98380993605,0.971326,-0.313635260014,6.98259,25.8739048992,8.7934230935,83,24.9174,-7.58532,0.351656777996,28.6193921365,17.8014352356,-23.3856728987,0.318450629435
57.1265,0.536863,7.84965040057,106.242813996,7.21239904665,0.378027814256,0.0574685459416,21.0754028233,7.2103,80.7933159945,7.21548723121,0.951581,0.195422715184,7.21507,39.8767850062,22.5521803434,84,24.9378,-7.82442,0.35835145052,63.9772926352,38.850764399,38.0993755154,0.504345420901
57.6666,0.788794,6.77354754396,69.7178962676,7.48742240646,0.123424380193,0.0496517397457,16.6184882642,7.48425,52.3354038957,7.49049329706,0.951463,-0.0126050664095,7.48882,39.7954868951,14.9400847961,85,24.971,-8.08049,0.383459623888,26.2571671724,18.7689660953,8.59883968426,0.295743450658
58.1067,0.597754,6.09204656274,34.0850598622,7.64268482679,0.0298573382766,0.0468163489708,1.27828808121,7.64053,33.4515817216,7.64578187276,0.947129,-0.0802746422133,7.64593,19.6402113447,7.50655032719,86,25.0151,-8.35572,0.384862595702,14.3169063346,10.7351097846,0.122804845489,0.16912845183
58.5935,0.748881,8.33153733651,24.3384829217,7.97982697706,0.113448152557,0.0603966989078,5.63383967871,7.97669,56.6026929286,7.98346975732,0.937744,-0.0635850699662,7.98246,12.5755004969,5.35760524012,87,25.062,-8.73102,0.401871348783,24.0847907023,17.7358252561,0.330898479197,0.353524596733
59.1072,0.736607,7.25388938345,38.8473485265,8.29227699133,0.0893462477868,0.0544150627386,0.646343123829,8.28963,41.6718602615,8.29589671713,0.950203,-0.0466590679116,8.29553,21.784382866,10.2599974429,88,25.1003,-9.09146,0.417224566891,22.0965347003,15.9386462386,3.95044771988,0.234976412923
59.6202,0.934924,4.13335310026,69.7690893088,8.61467483915,-0.00483257427686,0.032236679572,-4.16147624804,8.61157,18.5475850445,8.61882760269,0.955637,-0.09229172773,8.61878,19.0079542106,18.3274777132,89,25.1386,-9.45115,0.446547791904,5.33590100272,4.67639141548,-5.05938528123,0.102510818062
60.0727,1.09322,4.17515298306,10.1777129526,8.93562920599,-0.00334769223162,0.0326592873107,-1.99795635965,8.93275,17.0883268164,8.9401337434,0.959689,-0.109232428069,8.94039,5.13908034321,3.09582014048,90,25.1879,-9.78101,0.47443160761,5.79132191379,4.94173866672,-7.78652476818,0.0835159789471
60.5472,1.17214,4.25239836988,14.0085313132,9.33453756268,-0.0146554367187,0.0338204120869,-2.96771210688,9.33142,17.7330700403,9.33984643873,0.951971,-0.132093182305,9.34037,4.87182769845,4.1146661581,91,25.233,-10.2089,0.499146095395,4.61634174116,4.14262547455,-10.3075694653,0.0884632356224
61.0179,1.46335,24.1384891407,62.3630823009,9.45300540907,0.179954169649,0.166242010532,-1.70966408853,9.44991,118.708200953,9.45821818914,0.959977,-0.0685723866401,9.46016,11.8226716415,15.200409719,92,25.2658,-10.3262,0.526119978951,35.4958803422,22.7173952099,-1.20393570089,0.762278406196
61.5371,1.7314,13.9743204119,52.3194482671,9.81204364605,0.23896664166,0.0963839670631,0.389343802575,9.80822,79.4601841872,9.81682642723,0.917577,0.0346765370739,9.81892,31.2650378218,14.0146003526,93,25.3243,-10.7609,0.560836977867,44.2468858083,28.2814260616,17.1044592272,0.475635833996
62.0645,1.65754,6.22472162779,68.3706475623,10.0782535878,0.444541093098,0.0449893314174,23.9142732415,10.074,89.0637437476,10.0827609813,0.922874,0.349007418743,10.0845,47.7296007109,13.8376519762,94,25.3877,-11.0669,0.575293295433,72.939329989,43.252766856,59.0432776417,0.561596919144
62.5569,1.74622,13.5790997281,73.529960346,10.7125676755,0.100592796705,0.0949047368179,15.5085058809,10.7081,83.6057338284,10.7175513384,0.936228,-0.0580299151982,10.7179,55.3461253337,15.7763265212,95,25.4245,-11.7515,0.594048278268,24.0564089342,16.8851719874,3.2596583475,0.51611848214
63.09,1.98979,16.4345799121,25.7702636544,11.0349920333,0.086183337149,0.112811309796,2.80758678483,11.0296,100.35369342,11.0413631018,0.941601,-0.0723677280214,11.0422,15.58862711,6.47441773794,96,25.4575,-12.1407,0.624520591786,22.6905297231,15.4142299982,1.65828843088,0.622424018306
63.6374,2.04034,5.60941619531,27.3637122195,11.5500341722,0.0321737413762,0.0441328859039,3.91452124546,11.5463,33.5300939006,11.5583844882,0.935877,-0.0882829256408,11.5605,16.4863612835,6.05944941515,97,25.5172,-12.7479,0.656569706816,13.9927357223,10.779596095,-0.835109243042,0.185509686723
64.1506,2.96564,6.36731851243,38.0577896848,12.1013759003,0.0461109177721,0.0490847759307,0.518457708964,12.0996,32.3340419883,12.1105662,0.960493,-0.0800965827902,12.1156,17.060859352,7.67780870332,98,25.5694,-13.4268,0.696751564625,16.3086081696,12.2585905464,-0.0798827227534,0.164659375373
64.7074,3.13375,5.95777904505,14.437283933,12.7954534136,0.0177885616373,0.046385009009,-1.58099303545,12.7883,28.3490006828,12.8049880258,0.956183,-0.0992579384754,12.8032,9.18681495215,4.58977534051,99,25.6037,-14.1465,0.745042104955,12.7207410993,9.7227053123,-2.09606137856,0.139258859564
65.2785,3.42011,10.3298038833,37.9270797685,13.2148409258,0.0800975400522,0.07024310095,5.120155082,13.2096,51.1141992996,13.2262146792,0.956692,-0.0805032961554,13.2291,15.3466448901,7.66979584876,100,25.636,-14.6805,0.788815289415,21.5575140976,14.9386138331,-1.98158118159,0.288990001904
65.7791,2.7923,12.3863148692,46.5054704295,13.9180793569,0.0783744296883,0.0829906027686,0.376146711986,13.9142,51.7526524947,13.9312996537,0.954775,-0.150475360682,13.9338,18.3679264038,12.1626783085,101,25.6973,-15.4538,0.807730766447,20.2484005881,14.2530713388,-8.55384735378,0.303645769493
66.3471,4.26724,8.19911059255,30.4810799439,14.4948149621,0.0513481821525,0.0546701822296,-4.04638085587,14.4873,48.9205568212,14.5080523693,0.952914,-0.0575208886807,14.5084,12.504684778,9.30419597526,102,25.752,-16.1043,0.880417515616,15.8670189615,11.7890152193,-0.784382240702,0.267817393666
66.8517,5.47711,7.04519343396,27.6793220918,15.3645515041,0.0684810282839,0.0529748638144,0.705716568611,15.3575,42.4870569088,15.3777637402,0.963184,-0.0663629705088,15.3797,14.3598688337,7.33776850127,103,25.8105,-17.2366,0.946240220214,18.714010147,13.922898929,2.29214485097,0.248810556072
67.429,4.32611,13.468614437,43.736446453,16.3167091244,0.162142081559,0.0957702742637,5.58847596772,16.3077,159.675617236,16.3298541547,0.960638,-0.0650603697282,16.327,21.9509846344,10.8070495602,104,25.8505,-18.3057,0.95972105082,31.7411267532,22.2500851631,-1.7754949015,1.06885485345
68.0209,5.5127,15.3426272499,79.8307441943,17.0378537205,0.116279433811,0.106566156213,9.90973406474,17.0294,68.2761149276,17.0509003668,0.95988,-0.0833238901828,17.0516,29.1664405241,15.3927713569,105,25.8939,-19.0937,1.03659784918,24.5071043363,17.6673035617,-3.00022937291,0.410451803979
68.7047,6.51087,11.6908597371,60.7992566963,18.0230959415,0.198849175085,0.0834873592567,-1.35494481555,18.014,87.5544872906,18.0366165326,0.949354,0.0463607192662,18.0349,30.8645552459,16.0345814266,106,25.9388,-20.1296,1.07962696415,36.326918576,25.7049835469,14.4522610795,0.552297237973
69.2876,7.85773,28.511043291,83.9035946789,19.0064948294,0.404732343439,0.202551649755,14.3089615324,18.9963,137.669222714,19.0199550674,0.949317,0.0167928965767,19.0232,34.9058924639,15.8791868024,107,25.998,-21.113,1.13804402985,67.9590417411,39.6892447929,12.3645180547,0.913837744211
69.8375,9.52923,22.0205385059,106.117062018,19.1973378259,0.217849292407,0.162895168707,16.39169339,19.1873,97.1942006313,19.2109365053,0.952809,-0.160919518296,19.2155,46.0153993958,26.4776950836,108,26.0449,-21.3277,1.1931398884,45.4237069681,26.0377250606,3.7314604422,0.594897151632
70.4369,9.5095,27.7463179358,97.8549305275,20.4173472127,0.503469181215,0.205217161551,6.41556229493,20.404,171.849147364,20.4318798944,0.954882,0.0349228641836,20.4309,54.2850242542,28.4536836534,109,26.0905,-22.6862,1.25319894927,81.2303990611,47.124630148,16.759601502,1.18231264811
70.9997,9.74636,20.5931968458,134.235499216,21.5205206428,0.567929687332,0.152257939407,30.5633966742,21.5066,175.662083418,21.5348347858,0.961037,0.274861344256,21.5354,83.4519213897,25.8428227125,110,26.1467,-23.951,1.27193809256,90.5707175258,51.1898845164,53.0483829754,1.18668112037
71.6463,11.6461,27.7785176917,128.816053628,22.5354778415,0.594061927551,0.206526432101,32.4891500049,22.5157,186.25820155,22.5497803736,0.962715,0.211111769024,22.545,86.7690627514,29.5580755652,111,26.1966,-25.1019,1.34147229501,94.9737031064,54.2884404081,47.2756142188,1.17839129774
72.2081,12.5934,22.0676020691,126.783123787,23.2820174536,0.677468989998,0.163192147319,19.1313811023,23.2688,165.92102178,23.2976642818,0.957611,0.092963858235,23.3013,74.808395529,26.6304109174,112,26.2183,-26.1292,1.40855888442,104.89407047,59.294640524,40.4125912997,1.11134287241
72.7986,12.9377,22.5594616803,118.467954153,23.947802758,0.616805862143,0.165460051124,9.57000749423,23.9312,166.325462034,23.9641996989,0.950044,0.260794342125,23.959,87.6585652122,28.6049786779,113,26.2679,-26.8816,1.47184331894,96.7624454968,55.1221926455,49.9856918017,1.1376076407
73.4599,17.4807,27.4034249927,150.107551917,25.3824564283,0.28694040935,0.201576420848,31.7051977971,25.3592,136.995918005,25.395979827,0.942436,-0.210278727314,25.3891,69.570096648,31.7884216437,114,26.3066,-28.3468,1.58852744181,56.9376294413,31.5013170947,-7.31435451932,0.83271312747
74.0804,11.7955,20.0794783639,66.8331963377,26.7263544173,0.434017329338,0.155991906781,1.27070423393,26.7112,115.91147911,26.7361584162,0.94839,-0.0327543290017,26.7337,40.8885141061,20.9006391073,115,26.3533,-29.9093,1.56552685598,74.2610179738,42.4396476986,26.7951055667,0.707754902709
74.718,16.5935,11.4463229166,120.432995273,28.1225666091,0.127940771225,0.086365282955,21.3072189734,28.0982,94.6235542453,28.1272992195,0.931074,-0.0915653621503,28.1259,51.6314163574,30.5163627078,116,26.4074,-31.4959,1.71812891994,29.1633318114,19.3912377481,1.24623230844,0.602750593332
75.35,23.7731,32.9044581276,114.373256218,29.5415517763,0.633973162412,0.245939765457,4.78107939434,29.5163,162.351710244,29.546342886,0.947292,0.0287461371359,29.5391,46.2374736008,35.0474018164,117,26.4601,-32.9412,1.82584648227,102.086708158,53.723033366,24.6143912137,1.0905070819
75.9596,23.3111,34.6980305421,105.183732037,31.0930470194,0.545792341871,0.262515470333,3.09211552739,31.0659,166.93754059,31.0960229839,0.949757,-0.32844240735,31.0899,60.8101860477,25.1521770067,118,26.5273,-35.0684,1.90463717529,89.4657779703,48.0366450195,-24.8058672103,1.12529225693
76.6779,32.8791,29.1665511198,119.210019686,32.5417633853,0.245724184272,0.231874971123,1.50715248557,32.5044,122.633541412,32.5457687704,0.95608,-0.374525318743,32.5362,69.3920239531,34.7515321707,119,26.5709,-36.3294,2.05680551036,51.1684528057,29.5070590306,-18.1274091942,0.793508311006
77.3732,30.4871,11.5912445786,90.2138928536,34.4045185926,0.374125360007,0.0834590500208,13.1044947693,34.3693,102.380773638,34.4098678334,0.942763,0.0973792267336,34.3854,56.6080953624,24.435502196,120,26.6063,-38.2002,2.05566079703,63.9926477514,39.4060855411,21.8248875779,0.63744278751
78.0413,36.262,26.7099532366,87.5185894204,35.8486337563,0.437496218278,0.217648233266,9.93471936052,35.8098,111.157989887,35.8559240314,0.954061,-0.576050494002,35.83,49.3714966186,22.8605954202,121,26.6498,-39.731,2.17490287268,78.4165032502,39.6264935873,-38.8296022887,0.672508451114
78.7576,37.194,17.3809516656,107.201214083,38.2797290798,-0.358967421433,0.137025943831,-47.9889151262,38.2459,61.4946907015,38.2852856586,0.962057,-0.550506305749,38.269,21.7143682128,48.66735568,122,26.6835,-42.5251,2.29117018809,-26.062962195,-8.50780541783,-51.3329107029,0.312414055131
79.357,31.3014,14.4755947052,26.3692818001,38.825301376,0.0278708626883,0.120563906377,-52.5664455376,38.7889,45.452257606,38.8330541677,0.919423,-0.558453204469,38.819,-9.49393799959,29.4442940156,123,26.7096,-43.4752,2.30418999676,18.7743030406,12.3675415056,-49.5769628206,0.231103324733
80.0817,46.239,27.7759434595,43.2610626535,40.9484093567,0.212723238213,0.215152732849,-17.5911492509,40.9113,95.7386708086,40.9637539558,0.943889,-0.573059686002,40.9501,13.953436588,14.9229776875,124,26.7381,-45.8212,2.57519728498,48.6640573343,25.2961728952,-31.5967933915,0.566816573466
80.8872,54.7861,25.7588625216,75.7078659987,43.246769735,0.0918637217223,0.202820962201,13.1667500296,43.2024,125.319032616,43.2640684197,0.931413,-0.486740044949,43.2346,43.8901083031,19.6257234205,125,26.7782,-48.2019,2.74177264385,31.613593743,18.1637176926,-34.5048614089,0.740063267046
81.6543,55.7289,27.6527270754,97.3900546785,45.6964665755,-0.102212444474,0.219610665256,-15.7406244383,45.6608,115.809139668,45.7136786333,0.951687,-0.45983576864,45.6976,28.5749525171,28.6923918852,126,26.8062,-50.4765,2.85917107321,7.10207175235,8.27340070671,-36.5712379747,0.617584690829
82.3655,66.9912,27.0185576701,92.9087936148,46.5155285115,0.133855840313,0.204823602258,-20.8669705922,46.4692,112.413111759,46.531192861,0.947055,-0.555515355789,46.5086,32.9752095199,37.2420998852,127,26.8421,-51.2944,3.02672254485,36.4116445568,21.307910678,-42.2479693868,0.596684988031
83.0889,62.9264,20.6162796771,96.1176958771,48.4925952353,0.118883544382,0.160713789946,-4.61829579135,48.4336,89.9957366579,48.5073977502,0.958394,-0.374679729749,48.4697,47.4420398442,26.0949787199,128,26.8861,-53.3364,3.09416359222,33.2815006513,20.928856695,-23.9160968334,0.538655676885
83.7902,73.0052,24.1142344492,108.483657143,49.3677583944,-0.0587057609082,0.185531016141,6.09990062917,49.3248,100.360922754,49.3873768869,0.975876,-0.453732029197,49.3729,53.0190758919,35.5857346279,129,26.9235,-54.2548,3.20627228067,11.849693449,10.807593483,-26.3823429864,0.573695456757
84.5619,87.8843,7.89975210583,70.5960383079,51.9632607934,-0.130422992385,0.0639844802876,-19.282269017,51.9034,16.8042700725,51.9826292629,0.951932,-0.365588309595,51.9425,17.0021859117,23.950865642,130,26.9498,-56.6361,3.39840634434,-2.27161542923,0.320503981494,-28.0970226155,0.0186870093207
85.1256,65.8975,12.8479615822,7.87363596837,52.702210394,-0.20728245234,0.101344760368,-20.5144455989,52.6671,48.2620518141,52.7294500899,0.967984,-0.423745764099,52.7243,-6.11479566131,8.96883643496,131,26.9643,-58.1142,3.40460339648,-10.8656320716,-3.30646987964,-34.1440609811,0.240176663316
85.7107,81.4215,8.10947777698,2.62502296926,53.8117110713,-0.132014394457,0.0678690498555,-29.5707409364,53.7693,21.3502008142,53.8506319807,0.975,-0.321200505999,53.8358,-15.7973240317,8.23031666084,132,26.998,-59.8061,3.64461682071,-2.69688759644,0.368095491603,-22.9700503742,0.0580874018661
86.4208,78.1786,29.6050301968,63.4803103406,56.5340472241,-0.0399408261358,0.224850432347,-35.8845128333,56.4876,119.662707892,56.5726703648,0.981044,-0.503012826154,56.5486,8.63536674617,29.7232343655,133,27.0171,-62.6441,3.66634534698,13.7726469023,10.40014935,-43.9792733036,0.672077274177
87.2149,106.337,18.274812355,18.0359167655,58.3219826549,0.0234174848275,0.138802355137,-25.9784911287,58.26,80.3985166166,58.367126461,0.976887,-0.470079828759,58.3304,2.26322713681,15.6680888212,134,27.0313,-64.0648,3.93800528365,19.1109051711,13.6931575975,-38.3173119006,0.404943008148
87.8876,117.897,47.0840780902,31.5579906475,60.0838057671,0.0504570610016,0.363128540855,-37.2442129468,60.0208,115.506889371,60.1352238882,0.979713,-0.527077679707,60.0986,-8.37733604271,20.6031950517,135,27.0576,-65.9039,4.02983320866,30.7089329118,18.216759508,-42.5062290933,0.663081449949
88.5104,101.22,16.6676566636,112.29276902,62.1517578166,0.299970809244,0.131921191612,-41.9307228579,62.1066,90.2892601666,62.1966839888,0.974227,-0.18864802706,62.1787,41.3390979602,50.8170077779,136,27.0719,-67.9239,3.96780366405,57.8356497413,31.2907876804,3.15764115783,0.520449889256
89.0947,112.117,14.1384485073,57.7047886701,64.0612854382,0.0897733803812,0.0985472892845,1.82494966742,64.0109,66.7038515833,64.1153272005,0.965548,-0.0877196584887,64.1158,29.6904489656,16.1183100685,137,27.0941,-70.3847,4.06131611014,23.0137250495,15.4706579444,-1.39931565797,0.407171496043
89.7691,117.915,13.4216388823,57.608266688,64.9727751503,0.103364350484,0.104676380869,-1.90901749107,64.9057,62.8205332415,65.0318539523,0.979719,-0.206433704832,65.005,23.2343110149,19.4462475458,138,27.1184,-71.1899,4.13279048282,29.43676429,18.0672163139,-7.7754172226,0.374587827264
90.386,149.853,9.17089821595,40.2969099663,66.5100317166,0.0979131956385,0.068205738837,6.25373156575,66.4552,48.0527503316,66.5756572127,0.983847,-0.117319258492,66.5779,26.8822972545,8.71449515571,139,27.1516,-72.5136,4.35821845436,25.3170501746,17.2230493232,-2.57507281341,0.268385569695
90.8765,110.44,7.71204558059,36.2368889894,68.5458787898,0.104325205751,0.0578135800213,1.16418970403,68.4772,47.1527471559,68.6415105487,0.987715,-0.0682845556798,68.6311,23.0862675931,8.05755178952,140,27.1666,-74.8393,4.21919394385,24.926681448,18.1569897059,2.41709440312,0.26138981816
91.4411,129.899,9.56472149181,32.2342561992,69.4904720909,0.131993244602,0.0678281982348,6.58503449445,69.4299,55.5249651714,69.6081148721,0.967464,-0.027925975783,69.6078,22.7032438415,6.95842731463,141,27.1996,-75.7281,4.35633879546,29.4898167982,20.3631495861,8.9715576029,0.309023727982
92.0189,165.511,8.86833518542,48.4132214814,71.2391194712,0.166775203308,0.0653346213669,13.7140093642,71.1699,61.7568806298,71.3581506958,0.960176,-0.0399599196732,71.3446,33.841335514,10.5080988077,142,27.2453,-77.2276,4.56372056595,34.7320552978,22.6059552109,7.74039641516,0.36109746894
92.5186,147.282,11.6368192749,48.3698008504,71.4262000639,0.151514503175,0.0890201812384,9.94150356532,71.3656,68.7317341449,71.5544449578,0.973471,-0.0674682731072,71.5555,30.9406094314,8.9906337441,143,27.2723,-77.1475,4.49590816118,34.5976470694,21.5418445933,5.69235678992,0.399658433384
93.0811,147.237,11.976370134,46.5549239162,72.0100376284,0.113532602793,0.0941384932127,8.16526276751,71.9743,59.8178044132,72.1312741625,0.977389,-0.102959675187,72.1622,27.1944853382,9.7412277734,144,27.2999,-78.2589,4.55845972763,30.0042147678,18.8844702728,6.24067513923,0.343709639534
93.6205,142.282,11.6090232946,48.351862415,73.2297914929,0.105399118903,0.0909780616567,4.21001522802,73.1598,61.8966099195,73.3453869765,0.962439,-0.140168008981,73.3311,27.665160561,13.7319380587,145,27.3319,-80.1773,4.49265530149,29.0750450713,18.1172290175,-2.21895355174,0.357643483888
94.2554,167.346,10.8948794534,51.0805626896,74.9166345277,0.0945049025045,0.0837577313761,8.11770330387,74.8387,53.1176091496,75.0134475749,0.961016,-0.111360404323,74.985,27.2784100676,13.3462365757,146,27.3643,-81.9368,4.69923154927,26.8399992605,17.2084177573,1.08649542437,0.288286540598
94.7914,162.404,11.2642670444,32.6058434821,76.0827818432,0.116844087484,0.0885682627176,-5.07051819624,76.0126,55.6760534565,76.1722675741,0.951732,-0.117178264915,76.1452,18.0431493463,12.2812608726,147,27.4028,-82.8088,4.67445092432,30.4079730843,18.8093358622,2.43363329617,0.311017431909
95.411,162.911,9.72242054396,47.2527018795,77.9222394154,0.143034348867,0.0734336557679,2.00755147123,77.8457,67.2455631826,77.9995158009,0.933746,-0.0433964274366,77.9653,27.6748448656,10.6403763135,148,27.4394,-85.113,4.75319676185,32.5537608465,20.4837123528,12.0140857658,0.362592946131
96.0461,206.087,8.85703758743,57.8931743628,80.1331784503,0.155758970005,0.066384048951,16.8057670365,80.0728,60.2557274746,80.216889026,0.931866,0.0112847128227,80.1975,29.5727183731,10.9022134019,149,27.4749,-87.6769,5.08991974579,33.5920366216,21.5428231381,14.8927525435,0.354704054178
96.6821,188.361,7.37118753482,48.7382277867,81.7722108295,0.175100898396,0.0572864747248,4.26356119294,81.6618,51.345477127,81.8666785753,0.930919,0.00712000685892,81.7959,33.9120857819,11.7251526408,150,27.4972,-89.0422,5.0673558496,36.2043529939,23.3755921553,13.6681686025,0.299287068868
97.3638,238.38,7.91119265542,48.2766908234,83.7243666635,0.145481875134,0.0595548301198,1.95646540639,83.6325,51.4837906639,83.8333974348,0.953077,-0.107720030464,83.7688,32.1008030651,11.1184296188,151,27.5232,-91.1462,5.29052838332,32.02853126,20.7384190137,-1.68831564513,0.293727577692
97.9829,221.002,9.24400144309,51.5298640418,84.2544524226,0.126505981989,0.071459203943,16.3001631744,84.1719,57.737820022,84.3733645217,0.963561,-0.0493102525885,84.3221,29.6967171955,11.0729895264,152,27.5436,-91.8954,5.28902415732,30.3036961837,19.2404350015,9.14865172773,0.331233917187
98.5471,316.262,8.06463183101,49.4920201062,85.4092074218,0.16128038106,0.062550518094,11.0799635225,85.3119,54.6687475221,85.5517806432,0.963524,-0.0116033872709,85.4723,31.7772228613,9.53003495965,153,27.5633,-93.85,5.64091654921,35.180547743,21.9513574415,14.7236218083,0.310944352852
99.1158,287.706,8.20767700624,49.8673572019,86.9523444258,0.171531611433,0.0635128878027,14.9066590553,86.8577,60.8123933538,87.0792020171,0.948943,-0.0172131532208,87.0028,31.9034530302,11.0762278125,154,27.5833,-95.6354,5.58003568551,36.4989656993,22.6759338302,13.6364424318,0.336251272638
99.7582,327.377,13.4042212553,63.622590126,88.8115337143,0.133912196828,0.0968808365452,6.86787955769,88.6945,69.167109397,88.9387382401,0.948175,-0.0646468385213,88.851,31.9448809521,18.0359576205,155,27.6163,-97.2728,5.84961778895,31.0956501339,19.5791598425,3.43641828868,0.402177882987
100.384,300.366,9.21644585735,36.9468565859,90.0637516541,0.0764191257158,0.0696147914846,8.63033110885,89.9778,68.4243135407,90.1968816956,0.949763,-0.114902136646,90.1427,25.8284545478,7.34966114841,156,27.6413,-98.8261,5.84584307328,23.326470973,15.3058832733,0.700124701196,0.391633516924
100.944,365.027,9.68940018136,31.7617225256,91.4953220904,0.121111395241,0.0687882214858,10.9349124497,91.4119,58.75178401,91.6290080972,0.948358,-0.00993699037191,91.5756,23.2987343675,6.02788088451,157,27.6745,-100.597,6.11019476911,28.519902244,18.5066872402,9.84818385875,0.336172680245
101.626,388.788,11.1166491644,49.3753994842,91.7479761189,0.157688865126,0.0804503752454,2.20030717129,91.6732,61.9308673887,91.8907480349,0.950455,-0.0285785271166,91.8371,25.9335274383,13.1753752379,158,27.7006,-100.881,6.23937799563,33.5259075586,21.3624176972,8.60440368866,0.354515519658
102.202,387.743,13.5991375506,43.7216126137,93.6871188497,0.176522528901,0.0956698888974,7.26552409847,93.5836,70.9854947902,93.832532267,0.948351,-0.0468119181992,93.7526,28.4625933075,10.6872333938,159,27.7231,-102.992,6.17346191833,36.6405763527,22.8027634286,4.94132304298,0.430999268281
102.941,426.257,9.95938840519,75.1553133339,96.4688868136,0.224349956336,0.072403187742,21.8699697035,96.3882,63.6546720544,96.6034082646,0.944698,0.0467198013063,96.5438,43.5099165045,15.9056304752,160,27.7462,-105.717,6.45771617242,43.5926170004,26.3668564731,18.962697072,0.371605012454
103.725,467.013,12.8072961263,56.8867014602,98.6272265437,0.278675614338,0.0915195368105,12.6745828804,98.5691,80.7900516262,98.7756480878,0.943142,0.0453364310576,98.7413,39.6905571966,12.8761576578,161,27.7725,-107.989,6.55646978341,51.4340921091,30.1988128275,17.6834231819,0.481606465419
104.478,490.825,16.9779985133,64.6502117644,98.8799462763,0.206282030454,0.116456973315,16.3775719755,98.7806,76.5021422293,99.0214934333,0.952138,-0.00611079085216,98.9403,40.8466609997,13.969371038,162,27.8019,-108.726,6.63758281402,40.9911832516,24.5274892434,10.9364540109,0.457487750316
105.174,483.76,6.65155129113,61.9999693286,99.807602494,0.0866001027413,0.0499346425858,5.59587376333,99.7475,40.4624964822,99.9582489897,0.939371,-0.0752287456704,99.9303,30.551698763,15.9417575712,163,27.8342,-109.74,6.57906300184,22.9427899107,15.6081302636,1.46440404525,0.209099572449
106.009,536.51,9.28963551197,33.9833579759,101.710614815,0.100694512557,0.0657713556873,2.30544314213,101.639,49.0855214085,101.869571924,0.939615,-0.0494708924807,101.823,21.2274043607,9.13164177606,164,27.8651,-112.46,6.7891350905,24.6576821768,16.6824160452,4.83343138414,0.267460998727
106.822,554.655,9.4182169465,36.414351963,103.52483954,0.0751210441791,0.0665528675928,10.0735983675,103.446,45.9453272425,103.696236996,0.941863,-0.0643882694884,103.645,22.9364966101,8.25196760981,165,27.8952,-114.664,6.73248840704,20.9499537817,14.502227387,2.52314640125,0.254382676006
107.603,611.863,7.82067430353,37.1467962871,105.316788599,0.0719632168984,0.0578881127009,0.800518805328,105.24,59.5035760911,105.494653155,0.931522,-0.0450011549439,105.439,20.1579225872,9.29876264247,166,27.9323,-115.857,6.86983968277,20.4691321438,14.506081462,4.96155454356,0.358511771195
108.389,604.818,15.4880842,65.8764581513,105.359625798,0.227982210338,0.109326834315,2.20172405278,105.275,79.4973902526,105.5387495,0.939828,-0.0180611291738,105.475,23.4796983408,14.5279435132,167,27.945,-115.467,6.7852615462,42.9916171731,27.4323135874,7.25518511977,0.50681137828
109.23,716.315,9.66020840765,57.1076654006,107.23268686,0.157759497719,0.0714542136577,15.7879966078,107.186,62.9146415692,107.400577616,0.946079,-0.00115943138585,107.38,36.4778928425,12.2308770157,168,27.9777,-117.956,7.17597231927,32.8882631436,22.0161869628,13.5202347835,0.380587694576
110.02,697.285,11.9194731824,43.4563941977,108.293446249,0.122893388629,0.0855552507282,3.68772612352,108.195,62.3462016855,108.44018837,0.949375,-0.0670151994681,108.383,20.2178514594,12.6320530111,169,28.0094,-119.261,7.06552281887,28.1433051711,18.443132142,1.4512367142,0.357968032195
110.749,695.019,9.75841298819,70.8757492832,109.597206542,0.0748334154688,0.0720926327328,9.61505399796,109.506,59.085835651,109.708671134,0.955001,-0.092986128049,109.669,32.9993434915,17.6969470246,170,28.0496,-121.304,7.15530962263,22.0136503822,14.7901902558,-1.32914108087,0.34830697714
111.438,779.977,11.4268163827,45.6698227317,111.071626755,0.109864146379,0.0822603943908,6.19778412093,111.026,62.0713761326,111.145832537,0.95677,-0.0688010764986,111.154,22.8557947037,11.0240573413,171,28.0863,-122.459,7.22312644548,26.9787755046,17.5872324614,3.39826218953,0.368074389315
112.173,765.088,15.3082422497,74.0961106087,111.07260365,0.112896775092,0.107060308283,6.42609344855,110.979,72.3422392337,111.133917855,0.95643,-0.0789266007955,111.09,28.8911851644,15.5268119283,172,28.1105,-122.31,7.21838222991,26.8580954058,17.2923431391,-0.084720791373,0.431208462041
112.941,785.914,12.6232850484,36.9057295909,114.417902647,0.0640889126414,0.0897746049254,1.4216215775,114.403,62.6179884969,114.463246943,0.963372,-0.140254556453,114.5,15.1292049812,8.99134973501,173,28.1216,-126.274,7.31578782105,19.8950812346,13.3325154706,-7.39453716392,0.354644227479
113.729,899.644,6.61847521086,32.0576163673,113.810234777,-0.0236847505921,0.0492053804435,-1.56893113463,113.712,31.4253239718,113.852452486,0.95919,-0.160806348299,113.814,9.98454659897,8.15017003158,174,28.1334,-126.143,7.53806059003,7.34675908751,5.45661988994,-10.5041944561,0.151252410219
114.589,1018.78,8.48112009937,27.2969781109,115.039086535,0.0250827006942,0.0610892564044,-2.64218924883,114.956,42.2366059881,115.082860158,0.957077,-0.10593573948,115.076,9.41887792652,8.29724957328,175,28.1508,-127.953,7.84712190101,14.2935450902,9.82794979914,-2.83015551661,0.225264846853
115.285,1028.2,14.2448161408,43.9793992067,117.336847994,0.139783118084,0.098145265704,5.65372303841,117.209,73.4925076115,117.397153634,0.948056,-0.0773067341628,117.367,17.9213876853,9.84514252062,176,28.1687,-130.974,8.10283166247,30.3180351429,20.0031114158,0.140769024091,0.447661518787
116.036,994.088,24.0268234018,79.58528329,116.691879725,0.386008749664,0.174263705383,4.08263603908,116.633,148.063888545,116.753918722,0.950239,0.0343635862054,116.758,49.4363424893,20.9223730346,177,28.2026,-130.006,7.90985466678,69.3274955969,36.6366680766,25.7074867892,0.891056276533
116.734,1067.76,22.5652887988,70.7782556715,119.891596508,0.261707936102,0.165124864236,27.1636131451,119.829,125.513219772,119.945704578,0.955359,-0.200149602408,119.982,54.0222986366,11.6981519847,178,28.23,-133.968,8.34496204671,50.8080789958,29.6209688216,-3.31492646203,0.783989666991
117.435,982.758,8.7861497618,89.5647474596,123.238464002,0.0901502452022,0.0629417745323,0.820722828062,123.181,48.5069408546,123.289162574,0.945111,-0.0543502876137,123.316,39.8837158315,23.51029007,179,28.2581,-138.056,8.3727958557,23.2075406374,15.9656055574,1.63343316544,0.26854046485
118.412,1540.61,9.6928770923,50.3184699605,124.272343724,0.0859426988157,0.0685951112433,6.40827579919,124.145,61.6197564514,124.35991518,0.949126,-0.0584192793937,124.295,23.1861780748,10.2722162886,180,28.2917,-139.872,9.32244979103,21.8833556441,15.6931582905,0.678513154178,0.370519935191
119.168,1236.63,12.4182809566,41.5306113625,129.06489961,0.122059564056,0.0875802200354,5.18254357273,128.977,61.3376199656,129.157424392,0.957542,-0.0999409937949,129.179,22.0451353732,8.78866327287,181,28.3313,-144.811,9.16492911803,27.3650051897,18.7005622699,-2.17589051571,0.368382902475
119.945,1103.81,13.4382764056,79.8284525345,131.020257765,0.154825580494,0.0944083356088,1.17638923856,130.914,72.3318348547,131.142180289,0.951643,-0.0381467978122,131.123,27.4350673219,18.49873604,182,28.3652,-145.691,9.06691532297,32.5085566929,21.4667973283,4.93023430098,0.438880630219
120.857,1815.78,10.2922670548,45.9229303304,135.083902133,0.0910255162199,0.073294299444,2.92193952052,134.987,68.6022966857,135.250353695,0.953883,-0.0468691531972,135.21,26.2233857008,10.6132189788,183,28.3923,-149.827,10.3160462551,23.3039409654,16.2135875725,3.39387428762,0.413131561981
121.541,1452.19,6.16714052183,60.9653539137,134.737138505,-0.0151125172822,0.0464414821657,-0.251691792397,134.638,29.1151969745,134.895749441,0.961419,-0.124368750797,134.891,11.7541926086,13.1687114222,184,28.3943,-149.706,9.90763361698,7.58686288551,6.05253395437,-4.97252603078,0.147154942603
122.376,1735.41,7.01213530357,21.0395104692,137.600227881,0.0233978022239,0.0502302645129,-0.00879545711335,137.507,40.3043283635,137.73673381,0.966015,-0.0990247050559,137.758,12.093669395,5.49703267786,185,28.3821,-154.05,10.5004932693,13.2837297796,9.6494141862,-2.8445702325,0.200636129779
123.27,1923.4,5.88985055047,18.8185377828,141.707746233,-0.00383571925641,0.0440041586789,-5.17833377172,141.594,30.5243119811,141.887266614,0.962283,-0.118702315091,141.835,8.92875112021,6.8581236774,186,28.3789,-159.886,11.067596484,8.58659458051,6.75683993494,-6.69634866486,0.153253908324
124.065,1824.93,5.51523393127,18.6315841033,146.997130186,0.00917946981564,0.0408304211517,-3.25051433539,146.741,37.8044635365,147.187189738,0.962123,-0.0980902354426,147.028,8.26027511204,5.93513531419,187,28.3943,-165.641,11.6639193021,10.5604311806,8.20422291275,-2.73277692576,0.178082650667
124.835,2209.13,16.9919222562,40.8337115822,149.72189136,0.127904109261,0.119266513145,-0.973616681092,149.485,74.2462367266,150.017752498,0.968833,-0.0615423114651,149.875,16.2643410903,9.65587595473,188,28.4198,-168.319,12.2701542114,28.3874349921,18.7324839686,1.77095973886,0.463621158603
125.478,1965.24,12.6151065703,60.4878494998,152.418642627,0.20278964593,0.0865389650803,3.08297168346,152.246,109.337396077,152.670759775,0.970429,0.000810491085927,152.638,24.9315720734,16.6701335079,189,28.4548,-170.749,11.9898402121,39.5882252181,24.758022801,9.44497288946,0.691906764133
126.165,2147.71,11.8933183751,87.25368097,155.636391978,0.263016141523,0.0844240172099,17.6578456795,155.445,102.758856503,156.090886501,0.972851,0.0735384738237,156.039,48.2827845918,15.541209684,190,28.4754,-174.26,12.3295708218,48.311362576,29.3201981458,18.0803313318,0.660074843293
126.942,2018.35,8.87729689148,61.9795323178,164.167768091,0.246423026514,0.0626926042443,29.8962434397,163.948,76.9698362864,164.577813588,0.974002,0.0129961649273,164.425,45.3216587218,7.86824948042,191,28.4968,-182.217,12.2367376594,45.9099551764,28.2595938845,13.233347944,0.471690338707
127.618,2202.97,10.1022632972,53.0161550361,166.853046595,0.18614502366,0.0695463597035,1.40893234467,166.654,58.6794439143,167.127465097,0.955428,0.00699531779923,167.024,31.8132228159,12.1218451175,192,28.5273,-187.301,12.8176405582,37.3002909142,23.5912481944,11.8005493305,0.32684651832
128.235,1734.14,12.1920930031,53.0772277543,173.5179257,0.0994260352253,0.082358793924,8.10615573629,173.3,79.5119081803,173.907409893,0.965865,-0.0601317877077,173.81,28.4173076397,13.8655413904,193,28.5631,-196.752,12.4032205037,24.6829766049,16.6373663028,2.59744134568,0.473228377886
128.894,2008.99,11.4365965969,40.6628371678,175.973582491,0.108552234349,0.0812336821164,5.61192336205,175.716,71.4927488318,176.298724553,0.970462,-0.0498897175454,176.153,21.5979093801,9.78911756716,194,28.6021,-200.391,12.8892664343,26.0835318171,17.7679687403,2.67140813284,0.413541969486
129.571,2386.56,14.416506193,59.8749542746,182.75305147,0.0877814013375,0.0979943520566,0.476680136872,182.519,74.1624527937,183.216698548,0.966435,-0.0624545248862,183.121,29.3487196144,12.8968334333,195,28.6413,-205.376,13.2752816252,22.0392595243,15.4148650355,0.904418719925,0.433002923083
130.364,2764.03,13.5436085453,55.5765789758,189.623693174,0.0947436670365,0.0932258881173,7.76808165509,189.422,78.7255902691,189.802308291,0.960254,-0.0533135318235,189.667,23.4561007933,11.9843619484,196,28.6589,-210.203,13.803092302,23.4440188436,16.2003263441,3.71149060772,0.490616601561
131.171,2506.6,10.7928376456,32.0087408659,191.852805934,0.0750133418123,0.0741287771782,-6.05700848866,191.613,57.5165257248,192.104410734,0.958794,-0.0748493258989,191.952,15.2185568331,9.11407307402,197,28.6946,-211.741,13.4763021165,20.5525528928,14.638287293,-0.886590288257,0.315611756247
131.905,2826.5,14.9089369002,71.0417647499,191.482233314,0.135371772006,0.0997885319794,3.33066754452,191.296,74.0592954023,191.834352612,0.959766,-0.0719038708643,191.758,28.1423866221,16.4654521003,198,28.7256,-211.294,13.5610312244,30.6907310026,19.8469849009,-0.533896153613,0.424144799176
132.916,3345.27,10.2126463756,47.183338556,198.875970386,0.112150146238,0.0791906084582,1.1696800741,198.643,64.1233931216,199.128242893,0.959308,-0.08691747272,198.965,23.8249429582,13.1633004009,199,28.7399,-218.664,14.1035420169,29.243698894,18.0959767299,4.66948923844,0.369943532167
133.749,3482.81,11.1794841246,40.8141033719,197.615796474,0.139479907466,0.0804318838639,1.75257242963,197.35,93.1574773519,198.009645415,0.957771,-0.0395653159761,197.875,28.9472932826,10.7650224372,200,28.7759,-219.508,14.1294485891,30.9341530234,19.8884499703,4.2497594196,0.566582343745
134.556,2994.5,13.1844690322,40.0717866372,202.166428045,0.0938145373489,0.0923043900807,13.3043334944,202.034,59.4751070737,202.612056226,0.95891,-0.0776102303063,202.545,26.1760070587,8.0622110021,201,28.8144,-225.245,13.7335090483,23.0230939377,15.9785391892,-1.7680954935,0.339750983453
135.365,3578.21,9.57049055063,35.4622053564,204.402990777,0.0700582775977,0.0660673807948,10.8148738025,204.14,56.8068585702,204.608936943,0.963065,-0.0461140649006,204.461,21.621941323,8.28570467766,202,28.8429,-227.385,13.8878654468,19.8384359117,14.1092798148,3.92633714786,0.340195506695
136.404,4127.1,7.68139834273,49.7907226067,206.502639178,0.0565075275453,0.0529900896028,2.24202193105,206.205,46.7985274373,206.681896628,0.966122,-0.0548056323578,206.446,22.4263778522,11.0523608765,203,28.8794,-229.811,14.4398022569,17.9495765255,12.8867638765,2.52395284175,0.251515156328
137.164,3431.78,7.61442838168,39.7636518565,210.604861766,0.0372567001824,0.0548506257101,2.00566866454,210.4,45.5340992351,210.796675068,0.958032,-0.0901499027046,210.711,16.6145276639,9.4850538635,204,28.9349,-235.246,14.1119030466,15.271544224,11.1979672495,-0.330906572981,0.249468479536
138.115,3917.43,14.0393988813,64.3572097087,217.331272839,0.0501969263429,0.0953772905101,1.37950616707,217.091,71.7710332535,217.626279982,0.950516,-0.150459409593,217.507,27.3820069129,16.3812013297,205,28.9823,-243.46,14.7861981346,17.1095244979,11.8683944662,-9.4156730504,0.404084160209
139.071,4244.48,13.5796572869,57.0240927318,223.37499921,0.134326600833,0.0935740326463,5.39132382392,223.095,70.4761104822,223.642648107,0.952765,-0.043808285493,223.462,28.0889007705,15.3645319122,206,29.0276,-249.002,14.9471359751,29.5190825036,19.2996536781,3.89442060295,0.431150299567
139.957,4309.94,11.8848157651,50.8944974144,220.36610352,0.0827873112262,0.0797124532562,13.4135892496,220.141,57.2689241075,220.639443789,0.956255,-0.0588327961499,220.557,33.171572468,11.6621465241,207,29.0793,-247.105,15.2613692535,22.1033323475,14.7392098287,1.64463166223,0.322913522653
140.963,5264.6,9.72076625956,47.4465381315,231.704803674,0.0370087327737,0.0663732122053,1.14308493169,231.43,44.8104159676,231.944371257,0.957047,-0.0800586438414,231.764,15.8137726117,10.6481081768,208,29.1339,-258.064,15.9426854812,15.1598390284,10.7726911585,-0.978570714461,0.244744690809
141.841,5390.0,14.1869775814,43.7977938173,235.209993579,0.141115182968,0.0981728743618,2.17120660496,235.092,75.3045876833,235.356032131,0.949596,-0.0166988061029,235.411,15.4754472213,10.9966598118,209,29.1601,-261.151,16.440944303,30.7422081066,20.044049985,9.14589295042,0.456001854645
142.466,4572.5,9.42339913656,44.8610499413,232.903724053,0.026869141808,0.0664821329554,9.12364078947,232.744,55.1467346415,233.202622379,0.953052,-0.101974048615,233.282,24.3560304764,12.3220809859,210,29.1864,-258.384,15.8591145711,13.4283114875,10.0012938086,-4.16972282026,0.327474938723
142.908,3846.7,13.843039552,69.6470547401,236.203208708,0.262502023295,0.0975104934398,8.97549227552,235.969,78.5329215254,236.400064762,0.952912,0.0136249099324,236.448,35.9870149173,14.3471282617,211,29.2105,-263.16,15.7883368119,47.4523425185,30.3857004317,11.4232978948,0.48765711156
143.701,5438.61,18.9712014033,60.2907020182,236.766122273,0.133919042781,0.132381439303,20.0696522808,236.538,71.7221310983,236.93189141,0.956874,-0.0538226401868,236.867,40.5309943124,12.0949613199,212,29.2407,-264.509,16.0059039599,28.8183545739,19.4172900718,2.39687058111,0.438440510725
144.427,5406.45,13.6858186392,63.0592169938,248.24824852,0.092866586062,0.0938203311639,-2.45267125892,248.064,71.9048935993,248.350491689,0.959231,-0.0450293532514,248.35,28.795829789,18.6852534558,213,29.2712,-276.267,16.4022022704,23.2821066909,16.131432865,3.16647312655,0.429615921396
145.155,5965.66,11.7995573739,84.6293729635,241.607923172,0.332156971546,0.0826036141287,11.4188607086,241.435,82.3761862336,241.715710133,0.952836,0.104367470193,241.78,54.1374243798,18.7228053238,214,29.3022,-269.449,16.4805300159,57.5833211837,35.2501083321,25.7988749661,0.493120858405
145.913,5735.17,12.1927660377,69.3920615106,249.718130175,0.259390514793,0.0852512720009,30.5988981029,249.457,93.0411199755,249.801758314,0.957721,0.0916239244352,249.766,47.62365131,11.0115982772,215,29.337,-276.408,16.3969541957,47.4662273698,29.6253213726,23.6232456162,0.562301426922
146.724,6649.37,8.7411301034,76.2281496457,249.309546371,0.280847074639,0.0647934870957,4.11433019356,249.102,72.4564259281,249.384633096,0.958967,0.0931440409298,249.344,44.1734616466,15.2898311659,216,29.3676,-275.319,17.1031656457,49.6023341827,31.7890666988,28.4050252144,0.453694193388
147.348,6993.52,14.1849613342,76.2013142911,253.760710735,0.326841212752,0.101289718675,16.438623575,253.447,94.1784957315,253.8320605,0.953378,0.0336225351398,253.795,52.1282823901,13.2675969642,217,29.3994,-281.208,17.3581879065,56.0312613591,35.272295787,15.1686386091,0.598120957363
148.068,5453.65,14.070898252,68.9622365062,253.082924848,0.336944712759,0.102356187923,40.5053515203,253.009,108.359516696,253.148892617,0.952805,0.124988251393,253.383,50.0059795425,6.8479059089,218,29.4303,-278.944,16.2860736594,57.8099330937,35.8115336963,29.2992503494,0.687326347614
148.723,6451.65,19.7527523223,81.3680365265,261.150378453,0.311787043164,0.138583342081,17.6017719948,261.031,92.3187831467,261.209607798,0.955988,-0.0485491223515,261.464,45.2623965637,18.6282441391,219,29.4774,-289.261,17.6600857668,54.0263430318,33.9551046315,3.96183312091,0.581415431224
149.336,6690.92,16.1136430666,76.1585602719,261.500038501,0.0999397811815,0.111165007752,10.0787093769,261.429,78.1887862328,261.57754285,0.957016,-0.0634205144123,261.782,27.3296049956,18.5654803137,220,29.5148,-291.347,17.393505268,23.2368732877,16.0791686697,1.08426043081,0.482234828844
150.101,7360.62,21.6136841133,58.3224130175,269.662513157,0.196134614611,0.147641705584,1.88241441912,269.484,89.2584034341,269.740907452,0.955277,-0.0102299061393,269.822,22.5664562565,15.5742571848,221,29.5466,-300.106,18.1465832394,37.3894321455,24.1346640467,7.354766639,0.543713213532
150.983,7389.42,20.7996571783,60.9938765073,268.574914263,0.156756262969,0.14324135684,1.5855928955,268.254,90.0459453008,268.667970608,0.956776,-0.0439781658707,268.571,28.2410277728,16.4053890914,222,29.5809,-299.401,18.4705047944,32.0356733521,21.0785079096,3.76586003856,0.570506103513
152.185,10391.8,19.2870672492,72.6079976999,274.246969781,0.326168602538,0.137262799935,8.56891887104,273.964,111.028619355,274.344000063,0.949543,0.0593531802799,274.284,31.8134171091,19.7451652489,223,29.6238,-304.718,20.2147623102,56.7381361477,35.2779845563,19.0739669468,0.719597375532
153.176,9127.97,22.3567873356,67.8747713554,276.791154632,0.292650229296,0.155210476424,5.99196137285,276.58,111.501907222,276.897935732,0.95139,-0.0333584285099,276.856,32.212931813,17.7888883306,224,29.6521,-308.855,19.5568424024,52.1364257101,32.1312283273,4.72535546982,0.705225353169
