AverageY,Epoch,AverageEsReturn,QFunRegParamNorm,StdEsReturn,AverageQLoss,AverageAbsQ,StdForwardProgress,AverageQ,MaxReturn,AveragePolicySurr,MaxEsReturn,MinForwardProgress,AverageForwardProgress,MinReturn,StdReturn,AverageAction,AverageAbsQYDiff,AverageReturn,AverageAbsY,AverageDiscountedReturn,MaxForwardProgress,PolicyRegParamNorm,MinEsReturn
0.936259332494,10,-2.79400203411,23.2952,6.06261770203,15.4992,2.32139,0.0379625583192,2.20462,-13.7318993811,-1.93048,5.41912453095,-0.0166732809986,0.077337304483,-31.5024578828,3.79463156147,1.0,1.57785072365,-22.0994301214,0.939817643182,-12.2178831562,0.160983222566,18.674,-25.5305859422
1.93257867604,11,-20.0425448223,24.3183,2.7325164322,0.205222,1.99444,0.0334740514657,1.95336,-15.9583578179,-2.2791,-15.1017596436,-0.000415734285061,0.0734365573999,-29.8902616895,3.34747568788,1.0,0.220535066596,-22.4895612746,1.95094155825,-12.5185316345,0.138896042357,18.7915,-24.2488818244
1.50859785287,12,-12.4452771043,25.3016,6.37725078351,0.19818,1.62173,0.0789546998893,1.50787,1.30336677079,-1.7565,-4.11955702417,0.0218456950571,0.164838924696,-27.2280321827,7.98623853109,0.980602,0.205738547539,-12.7975168986,1.61367460498,-7.52028660712,0.309215654084,18.6878,-22.5705766709
1.57742987549,13,-19.230059709,26.0414,6.04093910088,0.273652,1.7423,0.0337222409814,1.59879,-12.3687371526,-1.1668,-3.54934074496,-0.00773881494386,0.0717076774967,-30.5541265723,3.35242699659,0.998201,0.237147667452,-22.6070055602,1.71987420919,-12.7188506958,0.174648170781,18.9003,-26.0642043787
1.42233144351,14,-21.9744727324,26.3963,2.49860353949,0.152204,1.53117,0.0552196789565,1.4289,-3.76608295737,-1.00334,-18.450546703,-0.0378618913831,0.08304868657,-33.5460414043,5.47726464518,0.997501,0.180464151836,-21.4986052621,1.53804831726,-11.9639813391,0.264011587522,19.2274,-26.8477392749
1.4318286094,15,-24.8676672614,26.887,3.49359504038,0.140666,1.49101,0.0262872894619,1.44041,-17.2830851426,-1.08692,-19.6788883601,-0.00818292321987,0.0566182052635,-30.6887883461,2.62645001998,1.0,0.201373171261,-24.2175255248,1.5046543702,-14.5334256593,0.126058187005,19.7707,-30.1853974879
1.32057674259,16,-21.0481333964,27.6385,3.26204428009,0.0939805,1.36165,0.0232584618422,1.32717,-18.2985287389,-1.20706,-15.490839241,-0.00326215697415,0.052013813849,-30.149053344,2.31576275112,0.998549,0.1600281437,-24.6206106029,1.36741885796,-14.9519556883,0.115262566037,19.9718,-25.9606660567
1.27255919883,17,-24.1263125,28.3786,1.5634233428,0.260271,1.384,0.0266310140315,1.301,-15.9258883985,-1.58326,-22.332825109,0.0053584998569,0.0595296146504,-29.3421795541,2.66160258554,1.0,0.201820370973,-23.928106455,1.37130452214,-14.2828302502,0.13966135711,20.3747,-26.7667890495
1.24258204316,18,-25.1412587903,29.2197,2.49711637543,0.106085,1.41328,0.0214320791384,1.24613,-19.1858279798,-1.57775,-19.3670431405,-0.00303375026423,0.052857284127,-30.1815908283,2.14263393093,1.0,0.173373530252,-24.5942455885,1.42911162431,-14.8802961013,0.107046260131,20.4674,-28.3621354536
1.38830164623,19,-23.0725337931,29.8202,2.24465166887,0.0648088,1.49525,0.0254085121718,1.3971,-14.6251630044,-1.44811,-18.0316339715,-0.0170197150028,0.0557723090456,-31.5671197366,2.53829333629,1.0,0.13127504764,-24.3031095494,1.49724818138,-14.6041870898,0.152647834271,20.4559,-26.9615902771
1.38035360401,20,-24.6728742469,30.1595,2.27509779826,0.0497812,1.40911,0.0283239888441,1.37869,-16.7099892756,-1.41642,-21.1406312615,-0.0238002929474,0.0548412591333,-32.2493034097,2.83094642475,1.0,0.109261634178,-24.3955420968,1.41525938493,-14.6965300498,0.131607233027,20.5394,-27.9722319603
1.34292852985,21,-25.050919622,30.6646,1.84685370894,0.021573,1.34435,0.0293962350535,1.34145,-16.7418578282,-1.43579,-21.2229341838,-0.0449332194013,0.0492462692917,-34.3755881797,2.93752026065,1.0,0.0720790352871,-24.9546995435,1.34822260899,-15.2070452761,0.131421244771,20.5748,-28.2211703811
1.25848230518,22,-22.2837888843,31.2803,3.78888793708,0.0168823,1.25473,0.0343108989189,1.25354,-13.8401533418,-1.24705,-17.9119217513,-0.00277347832426,0.074154505909,-30.123764849,3.43668676136,0.999665,0.064096981113,-22.4090746937,1.26026531754,-12.511755095,0.160060781237,20.4654,-29.824429388
1.15150253127,23,-23.6447530509,31.3099,2.70102535986,0.014795,1.14868,0.026137632803,1.14759,-17.1444487747,-1.09139,-20.9616054908,-0.0148355235462,0.0530199957444,-31.3630226235,2.61219155135,1.0,0.0554508395586,-24.5782372687,1.15309761508,-14.8629968737,0.127306420142,20.6689,-30.3496152086
1.05259968684,24,-22.8977781928,31.8357,2.86785878431,0.0167836,1.04733,0.0232482747195,1.04631,-17.4894875492,-1.01391,-17.2235302546,0.000613378304064,0.0559922596096,-29.816917872,2.32397521233,0.999997,0.0547136693195,-24.2822373974,1.05531910396,-14.5848829026,0.123929153308,20.9388,-27.8101165315
0.981015817666,25,-26.0496459141,32.1212,1.95690709914,0.00883362,0.978825,0.0285648486876,0.97795,-17.6154967268,-0.951905,-23.7635406702,-0.025534134901,0.0554073913511,-32.4274700462,2.85406494158,1.0,0.0420067164744,-24.3382833184,0.983100026078,-14.6605073187,0.122754324544,21.0181,-30.120471519
0.883966329536,26,-25.2184793795,32.3835,2.3792469902,0.00814989,0.883982,0.0299669078003,0.882919,-16.5360334715,-0.867806,-21.7825862345,-0.0202165736582,0.0496505921653,-31.9107845562,2.99608254839,1.0,0.041930648639,-24.9150705962,0.885655828855,-15.1700682865,0.133501840191,21.0254,-29.1885699984
0.811450087015,27,-24.5089375039,32.7218,1.6385425641,0.00712896,0.80936,0.0280879153466,0.808897,-16.5176570688,-0.774173,-22.1887118864,-0.0183562257919,0.0519831068259,-31.7055744977,2.80709871278,1.0,0.0355217652123,-24.6804587449,0.812249342101,-14.9548499087,0.133625567989,21.0256,-27.5503644174
0.744730052667,28,-24.6698499746,32.9626,1.85149455764,0.0067648,0.741497,0.0259656423074,0.741073,-18.5465188438,-0.72633,-20.5464329661,-0.0177014078468,0.0525641303216,-31.6417559299,2.59522672024,1.0,0.0346639256267,-24.6230845419,0.745474960209,-14.8896980613,0.113388589945,21.0258,-26.9296102493
0.720730150246,29,-23.4994202984,33.3602,2.27236460069,0.00505099,0.718573,0.0293834423502,0.718542,-14.312991405,-0.709305,-17.6097386555,-0.0248032836802,0.0550886262185,-32.3638902793,2.93729950248,1.0,0.0273948704701,-24.3713268459,0.72089649028,-14.6890995726,0.155721744724,21.2368,-25.7730210018
0.70729537671,30,-23.2630727902,33.585,2.96140646317,0.00397702,0.707253,0.0401852297676,0.707014,-12.8965997849,-0.707925,-18.4278101974,-0.0123812435851,0.0790514884422,-31.0788401866,4.01769002794,1.0,0.0263449961278,-21.92642771,0.707339591327,-12.0456212938,0.169313568057,21.3568,-27.4005212501
0.717263054367,31,-24.5850276839,33.8201,1.90276045344,0.00343056,0.715617,0.0246876070349,0.715617,-18.4010630032,-0.718737,-21.3674136485,-0.00994923946672,0.0463359941102,-30.8708423409,2.46693476644,1.0,0.0245160874511,-25.2458789205,0.717264606098,-15.4537096265,0.114809025401,21.4309,-27.8321943713
0.73762404723,32,-25.8389273205,34.1303,1.65466359745,0.00208727,0.736887,0.0291747242064,0.736887,-17.3014871423,-0.769466,-23.2307254363,-0.0427572021974,0.0486558368872,-34.1393408548,2.92228697214,0.999141,0.0186644507629,-24.9870769728,0.73762404723,-15.2197853764,0.125422233063,21.3973,-28.2489660155
0.721526133983,33,-24.455780745,34.234,2.84222215569,0.00197611,0.721252,0.0273011777421,0.721252,-15.4544606818,-0.709185,-20.7065816561,0.00769874685487,0.0522009308952,-29.0950627682,2.72861174033,1.0,0.0180880202821,-24.6604095914,0.721526133983,-14.9461057687,0.144349663542,21.545,-29.8212428713
0.69797155253,34,-25.467296029,34.5809,2.42236113626,0.00130977,0.697386,0.031320004791,0.697386,-15.8875553468,-0.709197,-21.8675430658,-0.0204615214037,0.0579694868536,-31.8223885661,3.12453291065,0.99753,0.0150904689272,-23.9782822492,0.69797155253,-14.333312188,0.139081969649,21.772,-28.7678407094
0.689954108179,35,-23.9934012497,34.9045,2.82679867028,0.0010002,0.689338,0.0242097710394,0.689338,-18.6817658597,-0.681359,-19.7089877997,-0.00139345334293,0.0537845044052,-30.011000471,2.42004073803,1.0,0.0121213733234,-24.499891457,0.689954108179,-14.8183089783,0.112013540693,21.9008,-29.2379229864
0.660417173144,36,-25.5503005742,35.2239,3.37817928744,0.00112677,0.659798,0.025978370521,0.659798,-18.3376011881,-0.661598,-21.3390927677,-0.00746908807374,0.0523529107102,-30.6257598515,2.59605558666,1.0,0.0123404726359,-24.6444677485,0.660417173144,-14.9303037643,0.115516089358,22.0946,-32.2386531197
0.649170232847,37,-23.8685121954,35.3966,2.26961463847,0.00082166,0.648767,0.0230842079275,0.648767,-19.8827503682,-0.652949,-20.979185469,-0.00876184990006,0.0484748051201,-30.7552775473,2.3076061212,0.999994,0.00945700660006,-25.0316347749,0.649170232847,-15.2940290879,0.0999271674905,22.1477,-29.0361048273
0.645947710669,38,-24.4164446822,35.606,3.08034797661,0.00056942,0.645548,0.0305810028464,0.645548,-17.073335386,-0.6485,-18.2778647294,-0.0156207126951,0.0549476183869,-31.4282900828,3.06093587206,0.999606,0.00821072434089,-24.3726120779,0.645947710669,-14.708146674,0.127770242724,22.2207,-28.7884017377
0.640309631747,39,-24.5429827734,36.0449,2.16550194085,0.000499786,0.639931,0.0270509389808,0.639931,-18.0447509306,-0.642348,-19.5623704229,-0.0185994283976,0.0518456214231,-31.7320600792,2.70505082029,1.0,0.00806978204272,-24.696040047,0.640309631747,-14.9640316626,0.118419396416,22.2043,-27.1082918022
0.627283688222,40,-24.693408767,36.1525,2.55536707604,0.000422489,0.627129,0.0254014496065,0.627129,-15.7567579329,-0.629884,-21.1401364838,0.027934429586,0.0691918016687,-26.9060812024,2.56751110537,0.994192,0.00838545716846,-22.7782529043,0.627283688222,-13.6586864818,0.137259915846,22.2226,-28.657547592
0.612082134718,41,-23.6443455611,36.3088,2.82742493968,0.000299656,0.611905,0.0270917967022,0.611905,-17.420707128,-0.61473,-18.5152516703,-0.00245812783925,0.0532154656509,-30.120437744,2.72495429703,0.99921,0.00692285715218,-24.535892866,0.612082134718,-14.8090595557,0.123647964428,22.6208,-27.8911465448
0.605036100039,42,-24.7389826413,36.4642,2.13688085232,0.000222715,0.604815,0.0268967807089,0.604815,-17.2859282177,-0.608158,-21.9113714715,-0.00123751836479,0.0567889061327,-29.9909989528,2.68954813987,1.0,0.00600317032917,-24.2021969632,0.605036100039,-14.5314728059,0.125917800858,22.6498,-28.34230927
0.597956269675,43,-22.3040461582,36.6592,1.3055059306,0.000169167,0.597696,0.0264011839219,0.597696,-15.6953249295,-0.601399,-20.3094766286,0.00400046257748,0.0602656845364,-29.4743977109,2.63781231092,1.0,0.00576296063068,-23.8548204337,0.597956269675,-14.2265758944,0.141922236759,22.6498,-24.5338041039
0.590830580052,44,-24.0682716227,36.9871,2.65774456687,0.000138736,0.590543,0.025089408467,0.590543,-16.2952909728,-0.592484,-19.286697893,0.00113227227718,0.0540844607197,-29.7599011258,2.50790581997,1.0,0.00500589856788,-24.4724571989,0.590830580052,-14.7748665796,0.135902686259,22.6498,-29.5474111877
0.582516037211,45,-23.6421488456,37.1974,2.02740874029,9.22624e-05,0.582346,0.0284564702046,0.582346,-16.0206137373,-0.580197,-21.4622849067,-0.0240424824216,0.0535863462539,-32.267861866,2.84464855036,1.0,0.00447137650736,-24.5217433627,0.582516037211,-14.8036949535,0.138644131135,22.6498,-27.8815627863
0.572027946022,46,-24.1795248613,37.3918,3.43483570655,6.15607e-05,0.57194,0.0266251759324,0.57194,-17.0495247813,-0.572023,-18.5307628044,0.00507078607022,0.0549634182148,-29.3732853345,2.66153035291,1.0,0.00355339827163,-24.3848090976,0.572027946022,-14.6770042102,0.128348560921,22.6498,-30.9209560267
0.561511733152,47,-21.5682441086,37.6547,1.88890183876,6.88282e-05,0.561367,0.0328839057379,0.561367,-15.8609098009,-0.564663,-18.0299767753,-0.0216917809104,0.0751328323687,-32.0086067147,3.2887552711,1.0,0.00330569323272,-22.3189853717,0.561511733152,-12.3572209265,0.139601313228,22.6034,-23.8683004019
0.552242757134,48,-25.8825473918,37.8235,2.99401942764,5.60024e-05,0.552159,0.0258723539221,0.552159,-18.330945251,-0.550181,-21.7558934605,-0.0132599507147,0.0562119410968,-31.1990096192,2.58453215294,1.0,0.00321142837017,-24.2588839424,0.552242757134,-14.5724974038,0.115545613758,22.8233,-31.0184009444
0.543992505205,49,-23.2488927802,37.7907,3.97719913369,5.60644e-05,0.543896,0.0349731011543,0.543896,-14.0202989878,-0.544914,-16.3655389572,-0.00573488539961,0.0749472233166,-30.3989582437,3.49652010585,1.0,0.0032346718895,-22.3393628891,0.543992505205,-12.4217734382,0.158261395887,22.7744,-28.8340985134
0.537263135513,50,-23.4646215591,38.0129,3.49386419364,7.6862e-05,0.5371,0.0235962745413,0.5371,-18.7973874563,-0.538647,-16.6541914823,-0.0140700973926,0.055533580558,-31.2833406453,2.3589634774,1.0,0.00340671449901,-24.326349133,0.537263135513,-14.641288515,0.110848523211,22.8532,-29.2366623881
0.530072952567,51,-22.2896022525,38.2291,4.31873946377,6.64857e-05,0.530017,0.0396515514804,0.530017,-13.3311831649,-0.53129,-15.6946662353,-0.0222311155446,0.0771194047921,-32.0721929465,3.96503734479,1.0,0.00343237491447,-22.1185652537,0.530072952567,-12.1992801554,0.165199726794,22.8123,-30.3072842688
0.521933623504,52,-21.8637081638,38.3659,2.23333008241,7.22131e-05,0.521892,0.0389793308263,0.521892,-12.0340114626,-0.523682,-17.4383924755,-0.00344448414768,0.0778548503266,-30.1750377024,3.89747371858,1.0,0.00338423035107,-22.0484666337,0.521933623504,-12.1828648231,0.178274967476,22.8136,-24.7069518228
0.512841397398,53,-23.2972495816,38.6035,4.36126691507,9.64767e-05,0.5127,0.0324204570063,0.5127,-14.1068999386,-0.511018,-16.7349573651,-0.0117409217931,0.0695044269617,-31.0110445051,3.24301000706,1.0,0.00372235859799,-22.8834898247,0.512841397398,-12.9428512535,0.157270585909,22.8136,-32.0450549643
0.50436731797,54,-22.2243457456,38.8577,3.14650445781,9.65015e-05,0.504231,0.0341573891153,0.504231,-13.6321871576,-0.504309,-17.6377373845,0.00145220575635,0.0755388966627,-29.6845387367,3.41626650754,1.0,0.00361843148581,-22.277322032,0.50436731797,-12.328910958,0.161893102966,22.8136,-27.0059606723
0.496032454461,55,-21.5447351986,39.3256,4.2034983536,0.000113566,0.495814,0.0357949069584,0.495814,-12.2351682932,-0.494942,-16.9586779801,-0.0130559266513,0.0796325157818,-31.1371349289,3.57705066175,1.0,0.00387416092348,-21.8675341046,0.496032454461,-11.9289531173,0.176188580021,22.8136,-30.8598212174
0.488497247899,56,-21.6781924271,39.5802,2.75478279827,9.81384e-05,0.48837,0.0344915911289,0.48837,-11.0011754172,-0.488793,-16.2551019449,0.00936038164671,0.0731947961996,-28.8902463677,3.44984393822,1.0,0.00360168175955,-22.5154514275,0.488497247899,-12.5850549495,0.188336959654,22.8136,-25.6715606031
0.482462512633,57,-21.968635552,39.8527,2.13848699494,0.000118029,0.482324,0.0375420144522,0.482324,-13.0466535542,-0.48362,-18.0712943464,-0.011573413982,0.0754798777782,-31.0025961484,3.7545970767,1.0,0.00397739960615,-22.2864349406,0.482462512633,-12.3812799564,0.167990188961,22.8136,-25.6023765766
0.474462558879,58,-22.2976262513,40.0859,2.31206841484,0.000119781,0.474266,0.0318355750875,0.474266,-10.6647023922,-0.473156,-16.976982493,0.0119597195757,0.0798295520895,-28.63337733,3.18178932973,1.0,0.00412076707067,-21.8504522148,0.474462558879,-11.9200776986,0.191689794422,22.8136,-24.7687054836
0.46638682913,59,-22.593904773,40.651,3.45199761893,0.000106711,0.466282,0.0373408038127,0.466282,-13.2375390804,-0.466739,-18.6619116098,-0.00879828061306,0.080771563235,-30.7061516343,3.73595600678,1.0,0.00391100051265,-21.7569688381,0.46638682913,-11.9329686142,0.16603705422,22.8136,-31.0695127146
0.458272298924,60,-22.8127413855,40.9548,2.46688652821,8.92202e-05,0.458204,0.0365528706259,0.458204,-14.6995685977,-0.456565,-19.5936561682,-0.0020545379392,0.0732037802078,-30.0370812964,3.65599769671,1.0,0.00354271178933,-22.5128822775,0.458272298924,-12.5926261255,0.151356362845,22.8136,-27.8222267124
0.449618315945,61,-23.3506542536,41.249,2.81571484521,0.000115052,0.449402,0.0270674981908,0.449402,-16.8390162193,-0.451124,-19.7206035077,-0.00751835664161,0.0529869112286,-30.6229969027,2.70619057973,1.0,0.0040406528178,-24.5816874814,0.449618315945,-14.8767152736,0.130472366869,22.8945,-27.9044692174
0.444495709912,62,-23.3014860568,41.7047,2.51587636363,0.000112746,0.444286,0.0266052580111,0.444286,-17.9752464644,-0.445738,-18.1155753618,-0.00526057471792,0.0533210792229,-30.4103450111,2.65902467095,1.0,0.0039527182086,-24.5481222526,0.444495709912,-14.8289853697,0.119085215227,22.8946,-25.774104902
0.43899735266,63,-24.570161332,42.6719,1.57617155745,0.00011685,0.438773,0.0264145309788,0.438773,-17.409358486,-0.438733,-21.715242531,0.00369129949127,0.0581207264467,-29.5213696491,2.6414342627,1.0,0.00425672017096,-24.0682043677,0.43899735266,-14.4275609468,0.124693643859,22.8946,-26.4192179526
0.433049083064,64,-24.8122871527,43.1642,1.87805072485,0.000106024,0.433001,0.0251395528052,0.433001,-19.7657126595,-0.433033,-21.4029708894,-0.0132709846415,0.0481963292885,-31.1948370587,2.51364133094,1.0,0.00420368214216,-25.0603833869,0.433049083064,-15.271806304,0.10112673887,22.8947,-27.8529389137
0.425866340179,65,-24.2264278045,43.7639,1.7978884745,0.000122776,0.425703,0.029605133412,0.425703,-14.9728517646,-0.42577,-21.1889486734,-0.00186263256025,0.0552246100362,-30.0798879806,2.95825855025,1.0,0.00436540279253,-24.3561764717,0.425866340179,-14.6648749625,0.149131044119,22.9257,-26.8834481004
0.420031821416,66,-24.3989915441,43.8801,3.41611336342,9.05926e-05,0.419903,0.0402117271972,0.419903,-10.7124447763,-0.420671,-18.9656365182,-0.0200735662513,0.0728605155684,-31.8329967252,4.0186472068,1.0,0.00383731939473,-22.5456176428,0.420031821416,-12.6025800876,0.191279712597,22.8973,-29.2946611785
0.415468390417,67,-23.2096682109,44.167,3.67102869624,8.49321e-05,0.415348,0.0337139663671,0.415348,-12.9001647585,-0.417216,-17.0004170694,-0.00811853197186,0.0678439873745,-30.6509396278,3.37227262187,1.0,0.00368077499526,-23.04721073,0.415468390417,-13.0301906778,0.169555019375,22.8998,-29.9011270058
0.410042259374,68,-23.1410795637,44.5288,1.35809403295,8.96895e-05,0.409904,0.0275985512507,0.409904,-18.3558766737,-0.41149,-21.2151428266,-0.0078814007406,0.0515956627321,-30.670113326,2.75876646975,1.0,0.00365509993355,-24.7212438303,0.410042259374,-14.9722297484,0.115350115447,22.9623,-25.7887160948
0.402479425196,69,-23.6990104325,44.5965,2.86413241749,8.1188e-05,0.402455,0.0380002180224,0.402455,-14.0166524915,-0.402844,-19.2910256896,-0.0126692669217,0.0720616682884,-31.1053209857,3.79904734304,1.0,0.00354076800904,-22.6277708806,0.402479425196,-12.6753950105,0.158141215208,22.9118,-28.2955221933
0.395253922933,70,-24.5361325867,44.9535,2.86367062419,0.000104472,0.395109,0.0241079656444,0.395109,-19.810781887,-0.396076,-20.0640633428,-0.00681841214966,0.0530980224307,-30.5627699825,2.4094156497,1.0,0.00396567912045,-24.5707281072,0.395253922933,-14.8713753195,0.100717908103,22.9686,-31.3938910939
0.389667412564,71,-25.1997055911,45.67,2.66164467963,0.000120678,0.389386,0.0284258807726,0.389386,-17.9446796181,-0.389258,-20.4193081927,-0.00235926140882,0.0533215447127,-30.1218184282,2.8430450629,1.0,0.00427419786843,-24.5478490129,0.389667412564,-14.8145259321,0.119387707917,22.9996,-29.2026814037
0.384913883332,72,-25.5819897758,45.8584,3.36790213381,9.13352e-05,0.384754,0.0285700358375,0.384754,-18.95891792,-0.386033,-19.1942806194,-0.0409829674317,0.0527697395917,-33.9781721993,2.85615952419,1.0,0.00368225927422,-24.6034753796,0.384913883332,-14.9028313059,0.109398123814,23.0083,-30.855032935
0.378590610545,73,-22.090353117,45.9156,5.37459056483,8.3586e-05,0.37846,0.0312935791229,0.37846,-14.6051687397,-0.379122,-7.35400507078,-0.0228709997327,0.0716529188269,-32.0819691179,3.12807586661,0.999984,0.00356583387906,-22.6675451703,0.378590610545,-12.7275445198,0.152345354188,23.009,-26.2338254705
0.372454665,74,-22.6925182871,46.3086,4.39099382006,7.94157e-05,0.372332,0.036083167469,0.372332,-13.7348108945,-0.375733,-12.5864006014,-0.00882278380947,0.0799651571622,-30.7194878783,3.60797620666,1.0,0.003538587343,-21.8385091656,0.372454665,-11.9909284365,0.161243646568,23.0003,-28.3929839513
0.366105119041,75,-24.2502493865,46.3993,1.99946787245,6.47306e-05,0.366018,0.0254806821551,0.366018,-18.3533953343,-0.365932,-21.1755251719,-0.00509757005636,0.0548870485213,-30.3906453913,2.5459885625,0.999993,0.00323939047446,-24.392780158,0.366105119041,-14.6834178212,0.115258444753,23.0556,-26.9125280575
0.359288001958,76,-22.4930593925,46.8556,2.32684500875,6.71693e-05,0.35917,0.0348497551979,0.35917,-10.6838763861,-0.360092,-18.3331393491,-0.000587374708689,0.076034183843,-29.9077441182,3.48478523491,1.0,0.00363101635531,-22.2307838046,0.359288001958,-12.3425077931,0.191634453152,23.0306,-26.7119079461
0.353341393981,77,-23.2644683195,47.443,2.93437828242,6.86824e-05,0.353205,0.0254724799991,0.353205,-17.6864098681,-0.353073,-16.8929086115,-0.0102714343049,0.0553006416389,-30.9053545863,2.54834723589,0.99994,0.00363874762919,-24.3488302859,0.353341393981,-14.6599458046,0.121869596681,23.0707,-27.8603976719
0.346365305858,78,-24.3090892973,47.7767,3.23892967451,7.97683e-05,0.346206,0.0290296929683,0.346206,-15.7255413202,-0.34467,-21.6046265606,-0.00680639844625,0.0532440592487,-30.5488178624,2.90250987652,1.0,0.0041146686403,-24.555996525,0.346365305858,-14.8358195724,0.14153348222,23.0708,-32.6790300849
0.339261780912,79,-25.2801849054,48.3713,1.86118920419,5.51959e-05,0.339168,0.0249682567115,0.339168,-17.8154033257,-0.33805,-22.6547230793,-0.00448345011882,0.0564822694581,-30.3336156718,2.49589818243,1.0,0.00329360696878,-24.2323231586,0.339261780912,-14.533092985,0.120634923609,23.0707,-29.058440081
0.334152181745,80,-24.6955226327,48.6909,2.67085376003,6.51175e-05,0.334013,0.0258344150399,0.334013,-17.4724973507,-0.335565,-20.489481121,-0.0126745287284,0.0506670654976,-31.1450857617,2.58183473095,1.0,0.00342846128036,-24.8135783565,0.334152181745,-15.0844020427,0.124235874282,23.0707,-30.9533398405
0.329386155323,81,-26.1487939855,48.9298,1.80588830959,5.19432e-05,0.32928,0.0227060494603,0.32928,-17.938347467,-0.329926,-23.5554027875,0.0174342223037,0.055642975367,-28.1328439932,2.26904474027,1.0,0.00319428286294,-24.3158404988,0.329386155323,-14.6312733565,0.11948585572,23.0708,-30.5367218818
0.323915957199,82,-24.414043834,49.2775,3.67468552812,5.20471e-05,0.32381,0.0272444708163,0.32381,-17.9473068238,-0.322529,-17.7700934156,-0.0174108555985,0.0538319966003,-31.6107483996,2.72305133891,1.0,0.0031969154626,-24.4959273482,0.323915957199,-14.8122039716,0.119292093176,23.0708,-29.7910000114
0.318324010092,83,-21.8773773414,49.6571,4.30895904049,5.89777e-05,0.318187,0.0373372604284,0.318187,-12.9842161946,-0.320654,-11.9648939816,-0.013008351699,0.076907810783,-31.1354873566,3.73390957048,1.0,0.00348120575845,-22.1419087274,0.318324010092,-12.2540605736,0.168383271606,23.0354,-28.199268982
0.313556309466,84,-25.157446909,49.7468,2.96666630592,4.73736e-05,0.313479,0.0265508611235,0.313479,-19.0408160345,-0.316689,-19.4681832517,-0.0160455900694,0.0518481084744,-31.48654342,2.65386565391,1.0,0.00314496348658,-24.6947857256,0.313556309466,-14.9536161002,0.108343470752,23.0744,-29.4699230361
0.309280702257,85,-24.0520018328,50.0237,3.11664427994,3.85725e-05,0.309212,0.0287766540839,0.309212,-17.7708998386,-0.30955,-20.2166602727,-0.0204617499499,0.0589178110649,-31.9197120953,2.87514690769,1.0,0.00284250968174,-23.9896795343,0.309280702257,-14.338279107,0.12110898586,23.0745,-31.0359830363
0.303398869287,86,-23.5413880237,50.4204,2.66786212125,4.17348e-05,0.303324,0.0348546172505,0.303324,-12.206430875,-0.303483,-20.0656953972,0.00566238299205,0.0818688771389,-29.2816694482,3.48424490971,1.0,0.0028803210651,-21.6456703028,0.303398869287,-11.789957188,0.176394156523,23.0492,-28.6984700658
0.296838590094,87,-24.5121121196,50.5274,2.51389791728,4.13368e-05,0.296765,0.025692261271,0.296765,-16.5475556468,-0.296577,-20.8187695864,-0.00680181391428,0.0555776284492,-30.548536534,2.5676136989,1.0,0.00280540610053,-24.321574479,0.296838590094,-14.6393397468,0.133360915062,23.1005,-30.0992081737
0.290644647983,88,-24.8735120148,50.7007,2.49987017553,4.97055e-05,0.290562,0.0252478694509,0.290562,-19.1238607929,-0.290766,-21.4688565285,-0.018119463239,0.0529719858292,-31.6863731507,2.52289883628,1.0,0.00304172938127,-24.5831037016,0.290644647983,-14.8565957798,0.107612844287,23.1005,-29.5653558609
0.285631157813,89,-25.0304814036,50.8652,2.39460463697,3.75506e-05,0.285581,0.0255533873627,0.285581,-18.1450469225,-0.286133,-19.5606381186,-0.0154978278067,0.055446853712,-31.4240494629,2.55504439338,1.0,0.00270612880203,-24.3356199133,0.285631157813,-14.649680488,0.117337104503,23.1006,-28.6136000778
0.281482611046,90,-24.6086567055,51.3316,2.09003130977,4.40882e-05,0.281446,0.0275108380872,0.281446,-17.3442871375,-0.281133,-20.7486474813,-0.0155595903849,0.053021009013,-31.4169068444,2.74924442018,1.0,0.00289453268498,-24.5776014873,0.281482611046,-14.8724922168,0.125396664261,23.1006,-27.9897645644
0.27557855389,91,-25.3321635358,51.8083,2.31263948599,4.89366e-05,0.275534,0.0277599717269,0.275534,-18.0950724499,-0.274397,-20.0219082808,-0.0208807109604,0.0496428279749,-31.9594774559,2.77430886358,1.0,0.0030543288447,-24.9143636692,0.27557855389,-15.1857457502,0.117922196449,23.1005,-28.4682807596
0.267676744342,92,-24.2380156478,52.26,1.11288070296,6.38083e-05,0.267599,0.0282116447815,0.267599,-16.6704407216,-0.266798,-22.7906827711,-0.00410324811859,0.0556141436713,-30.2894732683,2.81965788894,1.0,0.00344150105184,-24.3178558267,0.267676744342,-14.643032619,0.132052145548,23.1137,-25.7601528553
0.260275230839,93,-23.7590095786,52.8476,1.8118816673,5.63087e-05,0.260188,0.0239433682001,0.260188,-19.6851598921,-0.259206,-21.3895616407,-0.00453950803619,0.0492036950978,-30.3236061133,2.39291431883,1.0,0.00320470534344,-24.9592968763,0.260275230839,-15.1809165565,0.10186047687,23.1136,-26.5843442207
0.255240168594,94,-21.3151749933,52.8547,4.7911859382,4.84961e-05,0.255191,0.0355925288555,0.255191,-13.6173173381,-0.256025,-12.0846526823,-0.00814984847117,0.0690587192343,-30.6572917729,3.55886991736,1.0,0.00306847190041,-22.9248932018,0.255240168594,-12.9020521237,0.162051863164,23.0623,-30.3014233876
0.251711534602,95,-22.9172951071,53.0449,4.68270803655,5.00586e-05,0.251625,0.0373087617707,0.251625,-11.5974044679,-0.25267,-16.3548545296,3.9522579971e-06,0.0769339519089,-29.8267470155,3.73058642065,1.0,0.00325917908082,-22.1378247323,0.251711534602,-12.2444527438,0.182280727118,23.0625,-31.0339269192
0.244722994872,96,-21.3941691126,53.5869,4.24115066031,5.9693e-05,0.244617,0.0353914072872,0.244617,-13.261393274,-0.239771,-15.4050896642,-0.00271951742846,0.0789589330919,-30.0992953119,3.53865992873,1.0,0.00357447322613,-21.9356578525,0.244722994872,-12.0134764567,0.165778073327,23.0625,-28.2839526921
0.238608237727,97,-22.1626929974,53.9237,2.98753090292,4.25713e-05,0.238523,0.0378952876303,0.238523,-11.6230667284,-0.239915,-16.6860639165,-0.0058537396638,0.0776798435982,-30.4342526374,3.79138828524,1.0,0.00305887871076,-22.0647430184,0.238608237727,-12.1941812287,0.182101836999,23.0625,-26.9045170762
0.233981360303,98,-23.0567298148,54.2217,2.77519609003,3.73379e-05,0.233906,0.0345402358199,0.233906,-13.9587639608,-0.232967,-18.2502202802,-0.0589701294766,0.0757657391066,-35.7212759087,3.45287438741,1.0,0.00266189749006,-22.2562249173,0.233981360303,-12.3177739202,0.158731379233,23.0625,-26.9504333087
0.229277597796,99,-21.2725046918,54.3699,3.18799012806,3.71048e-05,0.229204,0.0370527223992,0.229204,-13.1006008067,-0.229794,-14.4844185919,-0.0361868471162,0.0752707186227,-33.4578722036,3.70340631401,1.0,0.00270574091098,-22.3051603387,0.229277597796,-12.4080889376,0.167487838395,23.0625,-25.9557541611
0.224012352646,100,-24.1894572059,54.7017,4.44935969174,4.36462e-05,0.22393,0.0327427192271,0.22393,-12.9275983414,-0.222978,-15.2859712978,-0.00655608440478,0.0680280420203,-30.5029604838,3.27365051749,1.0,0.00288692995563,-23.0304486572,0.224012352646,-13.0922115332,0.169170739001,23.0625,-31.1092728668
0.21984620073,101,-21.7912025519,54.8646,3.3451361573,3.12381e-05,0.219782,0.0346644282515,0.219782,-12.3950114546,-0.220815,-16.0316289697,-0.0171640717011,0.0721414117237,-31.5457749762,3.46507431922,1.0,0.00235283628131,-22.6179235137,0.21984620073,-12.6386991362,0.17438579912,23.0625,-27.0775572166
0.21558908173,102,-21.5747234973,55.2792,2.9872289911,3.12242e-05,0.215538,0.033843442677,0.215538,-14.3871721953,-0.214201,-18.7739828311,-0.00934264555935,0.0778183700995,-30.7684997159,3.38458427139,1.0,0.00247628453825,-22.0519464074,0.21558908173,-12.1500460763,0.154600350599,23.0625,-27.5268966983
0.209193081397,103,-21.4389852231,55.4649,2.72348648931,3.58528e-05,0.209134,0.0363945633924,0.209134,-15.0557122337,-0.206852,-18.5331758713,-0.00254511929556,0.070156424547,-30.0933863234,3.63985996633,1.0,0.00248080714649,-22.8181981199,0.209193081397,-12.8983186369,0.14790529065,23.0617,-27.0721740006
0.203111885716,104,-23.4364314033,55.881,2.51140718639,3.52766e-05,0.203062,0.0291674327608,0.203062,-17.0182131154,-0.203543,-20.4276626271,-0.0075960748583,0.052249051471,-30.6434032823,2.91468986587,1.0,0.00252092165691,-24.6561237593,0.203111885716,-14.9388983758,0.1286045389,23.0986,-28.5366860218
0.197980246602,105,-23.2174256878,55.9243,3.5334440797,3.52862e-05,0.197948,0.0361693172377,0.197948,-10.468302191,-0.197808,-15.8067945006,0.0009778912358,0.0773516374999,-29.742261142,3.61526968218,1.0,0.00256488601989,-22.0977154972,0.197980246602,-12.1875560775,0.193745022315,23.0722,-29.013538821
0.194334653279,106,-21.0749994316,56.0731,4.46303521031,3.89055e-05,0.194285,0.0435863415972,0.194285,-10.9118270372,-0.195049,-13.6629726788,-0.00975139384394,0.0702166041998,-30.8113337634,4.35833979642,1.0,0.00260183954554,-22.8111082917,0.194334653279,-12.8549356201,0.18929929255,23.0722,-26.3554321262
0.190208635803,107,-25.4653108453,56.2405,2.54601669228,3.63817e-05,0.190151,0.0414200966978,0.190151,-12.3340062299,-0.190058,-22.0495609829,-0.00911418091125,0.0764604435835,-30.7519186515,4.13945031587,0.999995,0.00242081062462,-22.1870769999,0.190208635803,-12.3122451469,0.175142443619,23.0769,-29.7366819705
0.187706325183,108,-22.0097239599,56.4773,3.35291803536,4.08317e-05,0.187654,0.0334688336753,0.187654,-13.7406582525,-0.188509,-13.0740017154,-0.0113247880744,0.0799517656945,-30.9694035206,3.34649941451,0.999999,0.00279023983007,-21.8357178194,0.187706325183,-11.9615450175,0.160976651161,23.0828,-26.5153920856
0.183902152359,109,-24.0314394451,56.5909,2.82458449632,3.98734e-05,0.183859,0.0272837058165,0.183859,-18.8431440398,-0.183825,-18.8164904632,-0.0349503688999,0.0481708095495,-33.3776031698,2.72694624507,0.999991,0.00250486509923,-25.0640363355,0.183902152359,-15.3128072479,0.110354114919,23.1228,-28.1194389627
0.18033434585,110,-24.95752538,56.621,2.62821661351,4.16368e-05,0.180288,0.0270186581637,0.180288,-18.7830298903,-0.180591,-19.6949895487,-0.0219027082684,0.051775087781,-32.0776092767,2.70179130663,0.999996,0.00258068666638,-24.7022573449,0.18033434585,-14.9703941399,0.110905233491,23.149,-27.8936140813
0.176195314962,111,-23.2329363648,56.8084,3.50016782802,5.0618e-05,0.176154,0.0350599706895,0.176154,-15.6257562042,-0.177167,-16.7779084297,-0.0172893212249,0.0709327760035,-31.5678683619,3.50652951364,0.999999,0.00274995161669,-22.7406416766,0.176195314962,-12.8402411167,0.14208485365,23.1356,-26.8479583845
0.172908589178,112,-21.8418595067,56.8995,5.2755876635,5.0939e-05,0.172852,0.0312143906937,0.172852,-11.764340578,-0.173751,-11.3604849503,0.0234093076597,0.0772856553107,-27.4959674145,3.12103065522,1.0,0.00274491950364,-22.106011835,0.172908589178,-12.2393010479,0.18078096889,23.1191,-27.8963804304
0.1702999459,113,-21.7126687599,56.9891,4.02992506103,4.7373e-05,0.170251,0.0369483322848,0.170251,-11.0878836752,-0.17175,-14.3749940638,0.00265096360058,0.0838124117961,-29.5412869365,3.69473321339,1.0,0.00265055902222,-21.452044206,0.1702999459,-11.6087311487,0.187580126594,23.1201,-28.0454418328
0.167209903871,114,-24.7166733886,57.0337,3.69393884235,5.47976e-05,0.16716,0.0377263574919,0.16716,-11.295354484,-0.166925,-20.0063289572,-0.0129413785349,0.0734571593618,-31.133528335,3.7727434368,0.999994,0.00273795428212,-22.4881846081,0.167209903871,-12.620600834,0.185512642079,23.1289,-31.4474865523
0.163716614598,115,-21.667232562,57.2907,1.97410423513,5.44433e-05,0.163661,0.033501601688,0.163661,-9.15223797067,-0.164614,-18.2757055147,-0.0207051689775,0.0819603019622,-31.9122577011,3.34915635412,1.0,0.00313028582523,-21.6386635046,0.163716614598,-11.8293386264,0.206859340411,23.121,-25.1062703722
0.160459827206,116,-22.5798164367,57.6,4.42776977267,4.83567e-05,0.160393,0.0366561853703,0.160393,-13.581670394,-0.160598,-14.2603922083,-0.00643415490123,0.0696098736966,-30.4747880486,3.66389332229,0.999997,0.00285168430058,-22.8719538911,0.160459827206,-12.8855403283,0.162626833194,23.1306,-31.054614564
0.15597756428,117,-24.846483329,57.6363,2.69282011149,4.64495e-05,0.155928,0.0248381567311,0.155928,-16.5210215119,-0.156481,-18.1242509264,0.00127881352533,0.0557977617421,-29.7443249702,2.48266376523,0.999998,0.00281791086433,-24.2989455324,0.15597756428,-14.6055138484,0.133585710481,23.1717,-29.0660834661
0.152380205954,118,-24.7853417236,57.9412,2.98798208481,4.52923e-05,0.152321,0.0242211121469,0.152321,-19.1369622793,-0.152123,-18.4998721156,-0.00879379149075,0.0539345434268,-30.7516764197,2.42108266378,0.999998,0.00281132327039,-24.4870123962,0.152380205954,-14.7519101179,0.107534860628,23.1716,-29.3057407455
0.14871472975,119,-27.4018275571,57.9043,1.27200318898,4.62022e-05,0.148676,0.0261652115992,0.148676,-17.4811781649,-0.148841,-25.1635383351,-0.0132527346061,0.0513975375285,-31.1985048401,2.61657011364,0.999956,0.00267402654155,-24.740262817,0.14871472975,-14.9924845353,0.123984858548,23.1691,-30.0276124649
0.145210177793,120,-21.1442675761,57.9581,4.52183104383,4.69546e-05,0.145165,0.0320944108773,0.145165,-12.7298287134,-0.145181,-12.8761891699,0.00310254394044,0.0752250633164,-29.5352538733,3.20906507331,1.0,0.0027509942534,-22.3116900038,0.145210177793,-12.4495679228,0.171135026657,23.143,-28.0598421497
0.140990058414,121,-25.0732131448,58.0864,2.11905467892,5.13088e-05,0.140934,0.0275704731469,0.140934,-18.0669830136,-0.141091,-21.8000813381,-0.0157918200844,0.0569744248162,-31.4599050923,2.75732170276,0.999999,0.00294240297914,-24.1828970937,0.140990058414,-14.5169043165,0.118074963803,23.1804,-28.1813921766
0.137390083996,122,-23.2912288998,58.0225,1.81854418822,4.96343e-05,0.137341,0.0259521959597,0.137341,-17.9092757514,-0.137387,-20.0284754188,-0.0115663679169,0.0558789858149,-31.0336342849,2.59464382051,0.999998,0.0029491989997,-24.2929105899,0.137390083996,-14.6020066196,0.119836018094,23.1798,-25.6083318928
0.134328288707,123,-24.4467856491,58.3557,2.0759561161,4.9569e-05,0.134289,0.0293857466017,0.134289,-15.9233872933,-0.134701,-20.2808144322,-0.0144162652269,0.0553883702576,-31.3095105195,2.9376892921,1.0,0.002898679767,-24.3414420497,0.134328288707,-14.6579139682,0.139484538825,23.1822,-28.0941434373
0.131960572524,124,-25.0551355318,58.5863,3.0024180113,4.77547e-05,0.131924,0.029892576856,0.131924,-16.1386697948,-0.132307,-21.1367202273,-0.0182425471188,0.058574584978,-31.6909951818,2.98666620404,1.0,0.00288198845243,-24.0238333975,0.131960572524,-14.3615927182,0.137590514778,23.1827,-31.5034412743
0.129148062246,125,-23.7477116128,58.874,2.11945558892,5.29727e-05,0.129112,0.0258476845913,0.129112,-16.4926139024,-0.128911,-19.8113802491,-0.00941734931771,0.0551789596046,-30.8279878733,2.58457574531,1.0,0.00294151021837,-24.3635010762,0.129148062246,-14.6768755935,0.13379396079,23.1825,-26.9278316315
0.125531862403,126,-23.8216704731,59.053,1.85376979059,5.00816e-05,0.125514,0.0284296898033,0.125514,-17.0730727164,-0.125845,-21.0144983232,-0.0101697726347,0.0518541929842,-30.8932676551,2.84157302788,1.0,0.00279762545503,-24.6942031129,0.125531862403,-14.9708961518,0.128138121749,23.1829,-26.932646404
0.122941876537,127,-22.5494112865,59.2446,2.6059703488,5.01414e-05,0.122911,0.0334185702833,0.122911,-12.425716038,-0.125555,-18.455950555,-0.0105100078816,0.0767811967732,-30.8578126831,3.33980288209,1.0,0.00283176845622,-22.1521602614,0.122941876537,-12.2353412666,0.174155795121,23.1508,-27.1154699647
0.120865598286,128,-23.319609402,59.3859,4.21527032019,4.9601e-05,0.120832,0.0347417514355,0.120832,-14.5822798802,-0.121833,-15.3435731138,-0.00130954861005,0.0747602766191,-29.96621422,3.47354789138,1.0,0.00281259331437,-22.3574405741,0.120865598286,-12.4203791702,0.152255285097,23.1516,-28.0338891568
0.118029875847,129,-24.1502285154,59.4864,3.16394268474,4.39294e-05,0.117992,0.0332178585747,0.117992,-13.7285852379,-0.118216,-16.4846365174,-0.0106301954991,0.0796347719185,-30.8794123191,3.3197389042,1.0,0.00259237098458,-21.8677478607,0.118029875847,-11.9802307394,0.16104313484,23.1516,-27.8492196665
0.114816863108,130,-21.8928251286,59.8928,3.13676597941,4.68686e-05,0.11478,0.0359780108342,0.11478,-8.66671430209,-0.11424,-17.0565703367,0.00324052730229,0.0725841625101,-29.5051912263,3.59573040725,1.0,0.00274446136371,-22.5759954239,0.114816863108,-12.6821165482,0.211974212928,23.1518,-25.6909972129
0.112761619929,131,-22.5708018758,60.0159,2.85829010122,4.94903e-05,0.11273,0.0384325165214,0.11273,-13.020835021,-0.115232,-17.1998844992,-0.000990967317019,0.0801927332129,-29.9270374132,3.84285068342,1.0,0.00284177258417,-21.8138251517,0.112761619929,-11.927776575,0.167995882948,23.151,-26.4460247947
0.110432852688,132,-24.322525987,60.2066,2.56734545852,4.63913e-05,0.110416,0.024293216059,0.110416,-20.3375265915,-0.110597,-19.8451805771,-0.00935549221408,0.0511424674768,-30.8037646946,2.42796446309,1.0,0.00271605128384,-24.7661867556,0.110432852688,-15.0094152492,0.095476499352,23.2019,-28.0933716648
0.107399703481,133,-24.2638888785,60.3022,2.75779398097,4.956e-05,0.107372,0.0273357193026,0.107372,-18.4513240113,-0.107428,-20.837351467,-0.0104731032098,0.0504564502847,-30.9159916675,2.73185211352,1.0,0.00279509349004,-24.8352805358,0.107399703481,-15.0847734099,0.114312692168,23.202,-30.8751608406
0.104590366499,134,-23.8407252047,60.4687,2.48768592075,5.81321e-05,0.104541,0.0265155680463,0.104541,-17.7997428361,-0.104062,-18.9519511636,-0.00426013237302,0.0546733353796,-30.3221886638,2.65153112932,1.0,0.00319491756462,-24.4133464017,0.104590366499,-14.7135353964,0.120841274626,23.2016,-27.6868484329
0.101973911008,135,-23.9815110342,60.649,1.75066913411,5.718e-05,0.101913,0.0261492884763,0.101913,-17.3055305814,-0.102445,-20.3741757178,-0.0120537023327,0.055659312491,-31.0864309262,2.61518604122,1.0,0.00314647980672,-24.3148241825,0.101973911008,-14.6182544305,0.125756196173,23.2018,-25.8701097908
0.0995897377358,136,-23.1065303856,60.9721,2.80188681501,5.9403e-05,0.0995542,0.0301882602047,0.0995542,-17.2032577991,-0.100506,-18.8172699029,-0.0209291379709,0.0496855975286,-31.9653560873,3.01740394988,1.0,0.00316376348318,-24.9113404066,0.0995897377358,-15.1706297094,0.126734041563,23.2018,-27.5305085363
0.0974901951965,137,-25.2949414416,61.0051,2.73195934332,6.11644e-05,0.0974744,0.0297711931678,0.0974744,-16.3643966207,-0.0979497,-19.4538078952,-0.0114874192229,0.0563638082417,-31.027042486,2.976143962,1.0,0.00318866877108,-24.2430894625,0.0974901951965,-14.5777877469,0.135176053947,23.2018,-29.0099415098
0.0935556605089,138,-25.4203670537,61.1579,2.95651994842,7.88452e-05,0.0935153,0.0251453355745,0.0935153,-18.8396661784,-0.093608,-20.9004114693,-0.00295355193324,0.0591218615611,-30.1771611498,2.51386255769,1.0,0.00354253875479,-23.9678024427,0.0935556605089,-14.3298131462,0.110466086565,23.2018,-29.6577091952
0.0899819661001,139,-25.0053452938,61.6503,3.17527687911,6.65431e-05,0.089934,0.0231026005588,0.089934,-17.9101348983,-0.0899496,-20.2724389186,-0.00818149530795,0.053810800047,-30.6787568464,2.30843429342,1.0,0.00330987543691,-24.4991488734,0.0899819661001,-14.7910596024,0.119731222324,23.2018,-30.7175063396
0.0871611017336,140,-24.4601486319,61.9733,2.5083072407,5.66646e-05,0.0871121,0.0294784019504,0.0871121,-17.9004771797,-0.0873397,-21.2679725581,-0.00934127605184,0.0533523072522,-30.808354805,2.94646097993,1.0,0.00305542742357,-24.5449944595,0.0871611017336,-14.8356840945,0.119837678803,23.2018,-29.7698813992
0.0849358544835,141,-23.3423725203,62.0992,3.25299110106,5.15427e-05,0.0849103,0.0283530159817,0.0849103,-18.4114219884,-0.0849868,-17.7090787717,-0.019588318558,0.0530170175347,-31.8400724431,2.83404785946,1.0,0.00295246108772,-24.5792461639,0.0849358544835,-14.8623955175,0.114603834376,23.2018,-28.1623699519
0.0813582598764,142,-24.6001458983,62.4408,2.42552816522,4.85366e-05,0.0813356,0.0284561416958,0.0813356,-17.6359437941,-0.0805541,-20.7241407458,-0.0188797945366,0.0542202513023,-31.75445017,2.84361583986,1.0,0.00295334257219,-24.4580688591,0.0813582598764,-14.7518077657,0.12242543131,23.2018,-28.9779506114
0.0778397386915,143,-23.5866559448,62.6327,2.24882411936,4.78933e-05,0.0778159,0.0235832731938,0.0778159,-19.2903248415,-0.0777288,-19.1450633376,-0.00651595043856,0.0528194683413,-30.5240257199,2.35526906582,1.0,0.00300477990188,-24.598418638,0.0778397386915,-14.8816474205,0.105925800867,23.2018,-26.4827632606
0.0738231809592,144,-25.6573633787,62.9418,2.40246967152,4.72346e-05,0.0738046,0.0248008766457,0.0738046,-16.6450036049,-0.0732688,-22.7125322049,-0.00584594925492,0.0504768966117,-30.4603012947,2.48043327906,1.0,0.00292987822482,-24.8331505573,0.0738231809592,-15.0775380308,0.132320317345,23.2018,-30.4843994582
0.0709974126514,145,-24.5467968277,62.8077,2.08039729047,4.41537e-05,0.0709733,0.0280015327499,0.0709733,-17.9653710252,-0.0706905,-22.2781533504,-0.00476038500066,0.0537665777256,-30.3542717495,2.79863462891,1.0,0.00288935466171,-24.5026292787,0.0709974126514,-14.8280867444,0.119145344795,23.2018,-27.6568711381
0.0670924898996,146,-26.3743338717,62.9981,2.32631743762,4.85138e-05,0.0670607,0.0265051872635,0.0670607,-18.2487739502,-0.0665318,-22.3296885665,-0.0121575923043,0.050665513176,-31.0987524761,2.648806899,1.0,0.00310864174054,-24.8146040206,0.0670924898996,-15.0588888084,0.116316472289,23.2018,-30.2221311757
0.0637449738238,147,-24.3240393531,62.8891,1.72329037198,4.65313e-05,0.0637193,0.0273105245751,0.0637193,-13.5055249802,-0.0633987,-19.6693218378,-0.00305047277674,0.0540633899327,-30.1791423363,2.7305174144,1.0,0.00299388521706,-24.4743472316,0.0637449738238,-14.7603376265,0.16379394706,23.2018,-25.9160324432
0.0609418940029,148,-25.2057841798,63.2333,2.21976665532,4.34036e-05,0.0609323,0.0240223717641,0.0609323,-18.916585838,-0.0609954,-21.5976669496,-0.00617751962672,0.0558630265708,-30.4913254555,2.40147176807,1.0,0.00285817514056,-24.292843164,0.0609418940029,-14.6200484295,0.109692160102,23.2018,-29.0156280669
0.0575893732772,149,-23.5177009475,63.2561,1.60072228971,4.62502e-05,0.0575725,0.0253445650126,0.0575725,-18.5356572031,-0.0574023,-21.1247693868,0.00339638958175,0.055193556213,-29.5273334887,2.53357981929,1.0,0.00287412621328,-24.3605498938,0.0575893732772,-14.6518606775,0.11341024304,23.2018,-26.1369285875
0.0540830910445,150,-23.978112676,63.2722,3.23261842328,4.33097e-05,0.0540648,0.0274314502431,0.0540648,-18.1469838817,-0.0540593,-18.5762432924,-0.0105155465377,0.0523469010122,-30.9195115293,2.74214821827,1.0,0.0026902841366,-24.6462506913,0.0540830910445,-14.9402601003,0.117388770798,23.2018,-28.2521012153
0.0509501787308,151,-24.9964966821,63.3805,3.70677186633,4.07721e-05,0.0509323,0.0242254161691,0.0509323,-17.1137212668,-0.0506062,-18.4767995708,-0.00982657973178,0.054871322225,-30.8555639853,2.42057508466,1.0,0.00277056467482,-24.3936131237,0.0509501787308,-14.7149875584,0.12771703625,23.2018,-30.2541006474
0.0480416266555,152,-23.0170136172,63.63,2.50684389905,3.91222e-05,0.0480303,0.0290577394877,0.0480303,-17.4169938814,-0.0479094,-18.7798659223,-0.00585450384852,0.0554493400129,-30.4603890868,2.90384305825,1.0,0.002775422292,-24.3350400708,0.0480416266555,-14.6506313108,0.124730556205,23.2018,-26.2306992271
0.0452444976498,153,-26.279631679,63.8787,2.81546621195,3.64559e-05,0.045224,0.026013239261,0.045224,-16.6559877225,-0.0446884,-20.6938035254,-0.0126743204638,0.059437602909,-31.1345964498,2.60071832993,1.0,0.00278985537218,-23.936046554,0.0452444976498,-14.2920332249,0.132166910517,23.2018,-30.5832907857
0.0422720882395,154,-23.0494960129,64.3935,4.04998533841,3.33383e-05,0.0422509,0.0287980500559,0.0422509,-16.7575437762,-0.042201,-15.9870499506,-0.00839613683606,0.052917775751,-30.708359585,2.87807382128,1.0,0.00274535207588,-24.5877476033,0.0422720882395,-14.8771530847,0.131294526946,23.2018,-29.7486893771
0.0396238069543,155,-25.0241505703,64.5933,2.12098632619,2.79168e-05,0.0396099,0.0276801184422,0.0396099,-17.5050824523,-0.039371,-21.6434465924,-0.0340204959674,0.0489505146179,-33.2778999896,2.76631264661,1.0,0.00240827465987,-24.9848284369,0.0396238069543,-15.2269838814,0.123787521246,23.2018,-28.5860990325
0.0364374426438,156,-25.1907794716,64.594,2.89019957824,2.83998e-05,0.0364183,0.0230735909229,0.0364183,-16.6514529314,-0.0358125,-20.0459530527,-0.0174018578367,0.0537645318523,-31.6276465323,2.30647996203,1.0,0.00247458364752,-24.5028535126,0.0364374426438,-14.795339915,0.132364331835,23.2018,-29.3256999163
0.0333947185402,157,-23.3371650496,64.7329,2.88456460434,2.43835e-05,0.0333777,0.0356609296457,0.0333777,-11.086075775,-0.0339218,-17.5644936858,0.00192006014838,0.081053909005,-29.6331256444,3.56508088643,0.999986,0.00222696431979,-21.7280614817,0.0333947185402,-11.8928589157,0.18751499008,23.162,-26.8580450463
0.0320345078378,158,-21.9452000271,64.6713,2.72733771404,2.62373e-05,0.0320241,0.0354267963575,0.0320241,-13.5907072303,-0.0322588,-15.8685729142,0.00363127765345,0.0769476839238,-29.4639858854,3.54374059105,1.0,0.0023178495588,-22.1392016023,0.0320345078378,-12.2471208345,0.162406704218,23.1539,-25.9617623548
0.0302257282821,159,-22.8426518802,64.5414,2.44774595165,2.25554e-05,0.0302106,0.0290013679542,0.0302101,-17.4008921153,-0.0301078,-18.332883291,-0.0161085380909,0.0520968639556,-31.488810818,2.90302098778,0.999669,0.00221634887424,-24.6611166071,0.0302257282821,-14.9457622229,0.124610368977,23.1907,-27.7862341443
0.0288445086277,160,-24.1066690924,64.8035,3.11416909299,2.23614e-05,0.0288311,0.0388376872856,0.0288273,-12.0335609234,-0.0287441,-19.1447237418,-0.00289886866068,0.07782849883,-30.125156009,3.88376598072,1.0,0.0022231647027,-22.0481139109,0.0288445086277,-12.1540895767,0.178084995036,23.1712,-29.0353241157
0.0261361629108,161,-22.5799371671,64.5548,3.68284986556,2.10275e-05,0.0261276,0.040584755467,0.026122,-12.9810127786,-0.0258309,-15.4666054962,-0.0158347924831,0.0766753784696,-31.4227167664,4.05904868074,1.0,0.00206672933064,-22.1663654944,0.0261361629108,-12.3116296683,0.168619146027,23.1716,-27.9631413623
0.0225523312837,162,-25.1343983377,64.776,3.31456375017,2.11639e-05,0.0225504,0.0283039194036,0.0225412,-17.2482980684,-0.0229403,-19.62582723,-0.00693067784783,0.0519601539273,-30.5644405138,2.82950072389,0.999996,0.00209202623046,-24.6835825413,0.0225523646642,-14.9441400857,0.126298764192,23.2173,-32.4384800582
0.0195430316656,163,-24.1112511075,65.0109,2.38162289142,2.22148e-05,0.0195523,0.0268645390677,0.0195321,-19.2089044564,-0.0198336,-20.7013424885,-0.0177857530663,0.0500548859027,-31.6593159996,2.68587198868,1.0,0.0021275718283,-24.8737192209,0.0195433705077,-15.136752573,0.106735658264,23.2174,-27.9781448906
0.017597495173,164,-23.4493244863,65.1761,3.32230033565,2.19387e-05,0.0176279,0.026102278629,0.0175879,-18.522854343,-0.017588,-18.6878956049,-0.00599995387193,0.0551182230498,-30.4766905053,2.60897130839,1.0,0.00205868450525,-24.3679955489,0.0177293005165,-14.6965930829,0.11364620471,23.2174,-31.4131023041
0.0146970819423,165,-22.8237050598,65.0528,3.50251485655,2.37793e-05,0.0155497,0.0313010254243,0.0146901,-14.8734549482,-0.0144886,-15.5448770015,-0.0025611315933,0.0756973688125,-30.0884678957,3.13014526743,1.0,0.00205358747281,-22.2613078312,0.0159107715461,-12.3562667273,0.149625027787,23.1891,-28.3026698976
0.0118811585305,166,-23.4158637089,65.4118,1.85877967753,2.65241e-05,0.0146376,0.026062332003,0.0118684,-19.2720306443,-0.0119945,-19.5927190646,-0.000472956914637,0.0570667860644,-29.9240899433,2.60411433131,0.999999,0.00219210300751,-24.1734405627,0.0151184566083,-14.524301386,0.106084538963,23.2318,-26.1970052526
0.00910666558065,167,-21.9216484999,65.3574,3.44808565034,2.64523e-05,0.0142977,0.0324786276756,0.00909115,-15.162633343,-0.00961356,-15.9527987143,-0.0490689571602,0.0732401422865,-34.7512177769,3.24791210592,1.0,0.00220114101661,-22.5100827302,0.0148148728993,-12.619221455,0.146735377134,23.2057,-27.5244472604
0.0069714419173,168,-23.5239595581,65.5104,2.831339796,2.62011e-05,0.0144333,0.0260489182048,0.00695893,-18.8663972983,-0.00685437,-19.623494488,-0.0187983095273,0.0566429944553,-31.7540263226,2.6038240353,0.999988,0.00230205809666,-24.2155317561,0.0150294017368,-14.5259343984,0.110119260889,23.2356,-28.5195378742
0.00482820003696,169,-21.7548065255,65.6053,3.35754539769,2.33648e-05,0.0148804,0.0385720823288,0.00481649,-12.213375822,-0.00513322,-16.3862119131,-0.0240557039161,0.0800767194754,-32.2333806761,3.85625883026,1.0,0.00215223630894,-21.8283053407,0.0153981423709,-11.9638164907,0.17635507731,23.2037,-26.7097936808
0.00316755802984,170,-24.5502142499,65.5202,4.03643543523,2.19056e-05,0.0157327,0.0377066341924,0.00315939,-11.9743803832,-0.00380076,-17.0130290519,-0.00975429342092,0.0797903517659,-30.8177276837,3.77054406898,1.0,0.00204342973954,-21.8544915829,0.0161902506712,-11.9707784117,0.178629442642,23.211,-30.6640488459
0.00162319420023,171,-21.0999071369,65.4604,3.70067943407,2.55529e-05,0.016386,0.0368918648207,0.00161821,-13.3973127232,-0.00181527,-15.6315387184,-0.00707980639824,0.077290489262,-30.5413877808,3.68947149756,1.0,0.00218227641487,-22.1019571141,0.0169856956679,-12.2081617085,0.164472249089,23.2114,-28.2284092965
-0.000308543990527,172,-22.0676739546,65.3182,2.31555925653,2.74591e-05,0.0172321,0.0329314338447,-0.000317616,-12.0634362208,0.000186181,-18.851831486,-0.0136521457425,0.0755485503305,-31.2130745954,3.29205170726,1.0,0.00227713524747,-22.2772446139,0.0179047424183,-12.3488458728,0.177586088847,23.2117,-27.6500443961
-0.00206595182575,173,-21.2592869329,65.1789,4.42043094315,3.16435e-05,0.0178208,0.0375583819808,-0.00207112,-14.194695437,0.00145727,-14.2696358243,-0.0100503288247,0.0692615654581,-30.8486861609,3.75598057251,1.0,0.00239389778167,-22.9050024712,0.018551635461,-12.9049645138,0.156492798723,23.2117,-27.1032422505
-0.00425345098271,174,-19.2018436099,65.359,5.21059152994,3.25175e-05,0.0184099,0.0321022387164,-0.00426845,-11.9488988372,0.00380211,-5.82151024561,0.00510934462759,0.0796552612735,-29.3121075954,3.20725104424,1.0,0.0023188509658,-21.8674861769,0.0189936481198,-11.9800991671,0.179004928162,23.2117,-25.9588857116
-0.00653024916975,175,-22.2996787177,65.4923,1.88034330596,3.43133e-05,0.0189019,0.0378238407863,-0.00654419,-10.012137004,0.00690578,-19.6756915404,-0.0232762567298,0.0756265280931,-32.1441752967,3.78112920096,1.0,0.00248267987509,-22.2700126428,0.0195884862449,-12.3711005848,0.198412482207,23.2117,-25.0122707207
-0.00865234387377,176,-22.0924287418,65.7385,2.60087295894,2.79197e-05,0.0196138,0.030005103946,-0.00865916,-15.2162728827,0.00744735,-18.0849351992,-0.00500810471735,0.0682369544688,-30.3314022122,3.00174901245,1.0,0.00218810057925,-23.0106216805,0.0201532535887,-13.0529782873,0.146014029113,23.2117,-25.860075282
-0.00999132297098,177,-23.4936385115,65.8584,2.37571538279,2.95321e-05,0.0203789,0.03131687332,-0.00999842,-15.7014148093,0.00963237,-20.5727169031,-0.00550811664774,0.0723198354567,-30.3939475707,3.13117680829,1.0,0.00227776309032,-22.6011033501,0.0208578061418,-12.6405116908,0.141382856193,23.2116,-29.4696707472
-0.0117988296481,178,-22.8641514554,66.0505,3.28348795647,3.48439e-05,0.0210272,0.0384348919077,-0.0118098,-13.0701048704,0.0111404,-17.5641776647,-0.0528644734786,0.0689699831031,-35.1288823803,3.84264757454,1.0,0.00270148014247,-22.9355195889,0.0215618290653,-12.9700757912,0.167635660462,23.2116,-28.3758710543
-0.0136462489249,179,-21.5386875786,66.1576,3.235335764,2.77883e-05,0.0218572,0.0350126272151,-0.0136552,-13.0975576202,0.0129191,-16.8825439111,-0.0373853864037,0.0703265068959,-33.5732037116,3.50101903329,1.0,0.00242015252126,-22.7986859412,0.0222504749137,-12.8430503311,0.167369737225,23.2116,-25.9592228664
-0.0144104434141,180,-23.6669933164,66.2795,3.54874283943,2.61952e-05,0.0220835,0.0391578271512,-0.0144163,-13.0582045593,0.0127056,-17.8705799428,-0.0329082936402,0.0677256882478,-33.1122849261,3.91389040214,1.0,0.00241761275308,-23.0590250401,0.0224859776798,-13.0355953115,0.167781630567,23.2116,-30.7231594373
-0.0161134911933,181,-20.6025245665,66.4791,4.29755565504,2.37008e-05,0.0227444,0.0344620171228,-0.0161181,-13.4309314212,0.0158823,-11.563129261,0.0106213961135,0.07949424197,-28.7727303216,3.44541598056,1.0,0.00229827526409,-21.8845717211,0.023108587541,-11.9763810989,0.164198114695,23.2116,-26.1553581155
-0.0186719188607,182,-22.9387099027,66.7083,3.44395983866,2.26196e-05,0.0241485,0.0335195735399,-0.0186786,-13.636745435,0.0189247,-17.4016892197,-0.0290987802998,0.0767164034909,-32.7475647697,3.35435249854,1.0,0.00224270705836,-22.1606144712,0.0244233680932,-12.2928291467,0.16198970563,23.2116,-30.2014523189
-0.0209274319356,183,-23.2964551821,67.0068,5.19237898893,2.46796e-05,0.0255675,0.032254006386,-0.0209316,-11.4756091304,0.0214531,-13.1811522688,0.00939925222451,0.0837346591457,-28.8968982765,3.22481802508,1.0,0.00240659632198,-21.46009544,0.0259064849206,-11.6229840755,0.183757870565,23.2116,-29.2160928012
-0.0241080235858,184,-23.7898144535,67.0047,2.50605477924,2.16052e-05,0.0277435,0.0267538580841,-0.0241122,-17.1536861645,0.0237981,-17.7136896022,-0.0068882168709,0.0480917724917,-30.5659616504,2.67390086902,1.0,0.00219622670146,-25.0697691371,0.0280190364189,-15.3062526594,0.12717534531,23.267,-28.2290285259
-0.0271510352813,185,-22.524995619,67.0532,2.97182940491,1.97044e-05,0.0299433,0.0323237626017,-0.0271553,-13.7636495037,0.0271014,-18.7185683902,-0.00350840642395,0.0712608037109,-30.1913787366,3.23135322153,1.0,0.00206896810331,-22.7059831727,0.0301957886877,-12.7230350563,0.160871750848,23.2494,-26.89680935
-0.0280323518606,186,-22.2186816165,67.2633,3.28725680704,1.88943e-05,0.0306759,0.0343466556457,-0.0280355,-10.9451333242,0.0255288,-17.6045571571,-0.0138048189549,0.0797642690598,-31.2319981628,3.43421802081,1.0,0.00206668766971,-21.8574036213,0.0308334810049,-12.0235229209,0.188981319115,23.2494,-27.8716610294
-0.0281687791914,187,-23.3378682017,67.4728,4.07583638459,1.85557e-05,0.03077,0.0375327798466,-0.0281744,-13.6999389567,0.027215,-14.3221179375,-0.0147509662364,0.0774873888523,-31.3194649381,3.75235053991,1.0,0.00203519471956,-22.0864176538,0.030987237806,-12.2016022835,0.161375801111,23.2495,-28.4834072728
-0.0304938752565,188,-24.3001628124,67.5288,2.55968118442,1.87892e-05,0.0326308,0.0296474160244,-0.0304999,-18.4432316411,0.0301164,-20.5624143732,-0.00676654696675,0.052686471099,-30.5480461852,2.96341075922,1.0,0.00196364272457,-24.6107739607,0.0328442377598,-14.8934067789,0.11421132609,23.2831,-28.4515347333
-0.0331001837479,189,-24.5923009978,67.641,2.9550222497,2.02869e-05,0.0348343,0.0229284057473,-0.0330992,-18.6518336905,0.0333154,-19.9887695026,0.0147495425636,0.0575928282019,-28.3988568291,2.29179865741,1.0,0.00218765215376,-24.1198493607,0.035003937525,-14.4464702674,0.112231460325,23.2831,-28.3791147344
-0.03547190094,190,-24.3381540483,67.9403,2.43495450688,1.96193e-05,0.03682,0.0262248191369,-0.0354784,-17.7752446048,0.0354705,-21.4535384577,-0.000831271199758,0.0546604804788,-29.966813627,2.62162272913,1.0,0.00219350702754,-24.4140705466,0.0369948549139,-14.7254296788,0.12108726378,23.2832,-29.2744702299
-0.0373382644372,191,-25.3835759644,68.1935,2.27717318513,2.05763e-05,0.0384261,0.0284260726127,-0.037344,-16.0110989328,0.0375854,-21.1767246899,-0.0252350781865,0.0530307542244,-32.3869490076,2.84135356546,1.0,0.00215044576863,-24.5759797873,0.038610900243,-14.8569627342,0.138574198228,23.2832,-29.0052351616
-0.03937520094,192,-23.9593096355,68.2339,2.87456220581,1.89984e-05,0.0402077,0.0241585227997,-0.0393789,-18.519919611,0.0394359,-17.7587576211,-0.00205152844085,0.0486241895887,-30.0784947031,2.41391166895,1.0,0.00200088214668,-25.0161369037,0.0403405258032,-15.2607964921,0.113603817158,23.2832,-29.4171382329
-0.0409664058376,193,-24.0838061506,68.4519,2.50995434959,1.90261e-05,0.0418233,0.0234524129552,-0.0409679,-19.3078048303,0.0408789,-17.8002413922,0.000293872777383,0.0533903283159,-29.8373670185,2.34414018222,1.0,0.00204118629233,-24.5405972132,0.0419034268834,-14.8238991942,0.105614794618,23.2832,-27.0480873776
-0.0430771178878,194,-25.3727773548,68.584,2.87821124512,2.1963e-05,0.043781,0.0281313502066,-0.0430761,-17.9804492657,0.0429839,-20.0205476056,-0.0256941344519,0.0536151636859,-32.4362072918,2.81179306059,1.0,0.00213849878637,-24.5178707241,0.0438662177393,-14.8031127904,0.119009079222,23.2832,-29.9695520547
-0.0450102999045,195,-25.3953061731,68.7371,3.09607023826,2.20775e-05,0.0456086,0.0270891324576,-0.045011,-16.6097144674,0.0454786,-21.078125494,-0.0142636406455,0.0541097551538,-31.3158274703,2.70829823843,1.0,0.00205321257326,-24.4686295511,0.0456981394019,-14.7533520013,0.13262757842,23.2832,-30.8950575577
-0.0473241260945,196,-23.4857798248,68.9454,1.68320412293,2.26386e-05,0.0477612,0.0239234907383,-0.0473267,-19.458070246,0.0472456,-20.197549771,-0.00251141628392,0.0580033713804,-30.1398242657,2.39153966032,1.0,0.00204931331587,-24.0789937913,0.0478400047516,-14.4152194911,0.104220168162,23.2832,-26.23235546
-0.0489832594257,197,-23.6712638589,68.7749,2.76490556724,2.46224e-05,0.0493681,0.0240741137953,-0.0489882,-18.9478763747,0.0489999,-17.9926300726,-0.00603690299294,0.0521083537974,-30.4814235637,2.40617385926,1.0,0.00213136588682,-24.669616981,0.0494322305289,-14.9453572728,0.109345292524,23.2832,-27.3090999407
-0.0509518100127,198,-24.1502789546,68.8472,3.12383014152,2.33962e-05,0.051327,0.026532601176,-0.0509511,-18.8226364444,0.0509891,-18.4433105606,-0.00374346401556,0.049988542026,-30.2552733476,2.65130151475,1.0,0.0020463093208,-24.8822657852,0.051372464001,-15.1144818459,0.110615128088,23.2832,-30.0786801105
-0.0527276848045,199,-24.3616235209,68.683,2.50687101485,2.72741e-05,0.053015,0.028462924277,-0.0527303,-16.9006775065,0.052772,-20.1551634176,-0.0190577881186,0.057409186819,-31.7804269043,2.84588562992,1.0,0.0022013225286,-24.138894635,0.0530509685596,-14.4964329455,0.129830852145,23.2832,-28.9022992435
-0.0541976606675,200,-24.8514888312,68.8533,3.96804198708,3.03489e-05,0.0544609,0.0306670453251,-0.0541976,-16.1742479401,0.0540046,-18.9167537041,-0.00296511055398,0.0559381998218,-30.1656009043,3.06338546988,1.0,0.00226825909932,-24.2873787014,0.0545066599603,-14.5956283694,0.137172356909,23.2832,-31.7676658213
-0.0562632293655,201,-24.8353332093,68.8387,3.03866272506,3.20227e-05,0.0565,0.0261476345639,-0.0562619,-17.1209785195,0.0561266,-19.1491894281,-0.0071751451458,0.0520890001094,-30.5865509233,2.6130704905,1.0,0.00248710588432,-24.6706460381,0.0565310687265,-14.9489672034,0.12744689613,23.2832,-29.7906940075
-0.0580239511477,202,-24.6789284879,68.8332,2.38808186541,3.52936e-05,0.058258,0.0256843179511,-0.0580243,-16.4971439202,0.0581596,-20.2954131475,-0.00368025933007,0.0494903548802,-30.2529334112,2.56749208708,1.0,0.00268484335098,-24.9309998211,0.0583181275304,-15.1713263413,0.133929674887,23.2832,-28.4350745843
-0.0599114890532,203,-23.9173128089,68.9635,1.9457135313,2.81128e-05,0.0601278,0.0289754764084,-0.059913,-15.8346996075,0.0602671,-21.3094971528,-0.00512562707312,0.0519276517741,-30.3970038616,2.8962584784,1.0,0.0024068306276,-24.6878494446,0.0601425280039,-14.9483724056,0.140582983057,23.2832,-28.2436319754
-0.0619876561657,204,-22.9624457063,69.1481,4.55564051085,2.71009e-05,0.0621673,0.0326307142099,-0.0619902,-13.368339988,0.0616051,-16.0004655688,-0.000340540638781,0.0752501352456,-29.8815220954,3.26284276131,1.0,0.00238656266824,-22.3072407485,0.0621778598978,-12.377238934,0.164832159358,23.2601,-30.0038803383
-0.0637166094331,205,-24.1558427972,69.2096,2.32638324442,2.37942e-05,0.0638784,0.0296314651101,-0.0637153,-16.6109538649,0.0638508,-20.1418057783,-0.0506029190133,0.0545366115811,-34.9317009553,2.96103745286,1.0,0.00218197462593,-24.4252914915,0.0638969687709,-14.7224169807,0.132808507486,23.2899,-27.6388603109
-0.0651405198968,206,-20.9343499973,69.381,4.11602790655,2.58974e-05,0.065243,0.0339298917454,-0.0651415,-14.7154528944,0.0640508,-14.8627212588,-0.0110343964292,0.0785985101139,-30.9319341411,3.3935666934,0.999999,0.00225312119606,-21.973404346,0.0652869191128,-12.0586247912,0.151230709279,23.2648,-26.4363506324
-0.066294337297,207,-25.6346119269,69.4536,2.55218710028,2.82537e-05,0.0663934,0.0220160771129,-0.0662935,-19.7799045382,0.0663142,-21.216993361,-0.00357226803795,0.05174365565,-30.2333873568,2.19976013624,0.99998,0.00235533324264,-24.704344993,0.0664142599449,-14.9848632688,0.100987038108,23.3112,-29.3025226712
-0.0672144571733,208,-22.5839412841,69.6007,3.35284408261,2.54106e-05,0.0673004,0.0378354769904,-0.0672161,-14.3161193596,0.065518,-16.3637040591,-0.0135237296376,0.0733249526705,-31.1836390981,3.78357317726,1.0,0.0022502643264,-22.5021481985,0.0673101073281,-12.6088523095,0.15519617625,23.3029,-26.9834478191
-0.068297826073,209,-22.3101220451,69.476,3.21980893056,2.69062e-05,0.0683628,0.0272627288217,-0.068297,-15.8896137095,0.068202,-16.0011404119,-0.00286411710683,0.0600661354231,-30.1550244175,2.72523368951,0.999996,0.00227961632468,-23.8727058922,0.0683798616476,-14.2501282987,0.139954924994,23.3515,-27.2915235531
-0.0697835799616,210,-22.2126449065,69.6261,2.42346239448,2.78891e-05,0.0698502,0.0371357190937,-0.0697789,-12.9030441232,0.0692173,-17.7976120518,-0.00182326316344,0.0858916734872,-30.0197112861,3.71283784117,1.0,0.00225465014928,-21.2437776547,0.0698652549904,-11.4384840907,0.169348253803,23.3452,-26.5461345455
-0.0713924663603,211,-25.2801481697,69.6954,2.73267924434,2.95114e-05,0.0714508,0.0287270912393,-0.0713942,-16.6404529226,0.0713443,-20.4593242189,-0.00555839353958,0.0585974093549,-30.4296655974,2.8721247099,0.999995,0.00235780952374,-24.0209439844,0.0714663298758,-14.3640381068,0.1322993693,23.3892,-29.6983015939
-0.072321618519,212,-20.4882045708,69.6459,3.70243258059,3.24575e-05,0.0723777,0.0381151058033,-0.0723195,-11.6457843018,0.0707243,-14.9121981735,-0.027741520348,0.076194567144,-32.6011472748,3.80931235384,1.0,0.00245893472166,-22.2159210652,0.0723870787503,-12.3377989415,0.181937872224,23.3748,-28.3876323074
-0.0734328690614,213,-23.5126969851,69.8128,2.77317713851,3.013e-05,0.0734667,0.0265631025841,-0.0734305,-18.5475597533,0.0734249,-19.3258999801,4.11473821732e-05,0.0525362031868,-29.8579971351,2.65383256644,0.999998,0.00236512224526,-24.6269944255,0.0734909942071,-14.8992606586,0.113365253961,23.42,-27.2483616333
-0.0754282988489,214,-25.3697742649,69.8823,1.95308688129,3.31149e-05,0.0754463,0.0286367609345,-0.0754246,-17.1301366813,0.075197,-21.9650526181,-0.00915895355394,0.0545021222723,-30.7979040852,2.86372157114,1.0,0.00249285661986,-24.4296999181,0.0754653933328,-14.7185078154,0.127471382646,23.4366,-28.4719011551
-0.0769688781651,215,-23.0753413937,69.922,2.80854938649,3.21312e-05,0.0769893,0.0279963195717,-0.0769653,-16.6171767657,0.0768452,-18.4144355437,-0.0219933200976,0.0532878310023,-32.0774739246,2.79731091783,1.0,0.00243481741505,-24.551150056,0.0769995058886,-14.8402926321,0.132747644157,23.4366,-26.5197584642
-0.0782326308121,216,-25.2988068486,70.0453,1.77535619922,3.46536e-05,0.0782545,0.0283441364652,-0.078226,-17.9220456712,0.0781914,-22.6687357667,-0.0234893800143,0.0496371867109,-32.2114253253,2.83377591562,1.0,0.00254310516417,-24.9172123486,0.0782736391771,-15.1577527256,0.119659074022,23.4366,-28.2803835813
-0.0793928885368,217,-25.5888907118,70.1501,1.47559285916,3.14142e-05,0.0794111,0.0235067546113,-0.0793955,-17.9443578514,0.0796209,-23.8321356918,-0.0114152929651,0.0523437885458,-31.019060798,2.34923497612,1.0,0.00242183867662,-24.6463539849,0.0794219737287,-14.9162758023,0.119297891065,23.4366,-28.2869560291
-0.0807289465736,218,-22.9359078372,70.3332,2.07861856127,3.31249e-05,0.0807502,0.0287540380511,-0.080724,-16.8836306622,0.0808846,-19.783818291,0.00059465244608,0.0543914442082,-29.8191231811,2.87539167615,1.0,0.00243545139707,-24.4418885411,0.0807553958361,-14.7335518736,0.129793491684,23.4366,-26.3847661298
-0.0821379455414,219,-23.5665741591,70.5356,2.29704150703,3.09309e-05,0.0821474,0.0239493973241,-0.0821372,-19.7776276147,0.0820337,-20.8155363562,-0.0148092360889,0.0466269604624,-31.3622381455,2.39278419957,1.0,0.00231793829999,-25.2165599914,0.0821549318108,-15.4217337482,0.101044805572,23.4367,-27.998994928
-0.0837947794919,220,-24.7264522756,70.8524,2.36952423304,3.26133e-05,0.083805,0.024407372909,-0.0837931,-18.3656740479,0.0843991,-20.0004537281,-0.0214045889399,0.0525525863809,-32.0073320558,2.43846807363,1.0,0.0024704045772,-24.6249348461,0.0838041440488,-14.8971938928,0.115219000051,23.4367,-28.6668053897
-0.0853437997544,221,-24.0872414186,70.7932,2.0313361979,2.88474e-05,0.0853453,0.0272402103406,-0.0853398,-18.2424850882,0.0854755,-20.185314952,-0.025428457455,0.0487573344672,-32.4342193021,2.72371934145,1.0,0.00229442067784,-25.0055254391,0.0853521039102,-15.229067362,0.116362449249,23.4367,-27.5503419656
-0.0866016565258,222,-24.2932460939,70.9127,2.26957868503,2.94689e-05,0.086612,0.0280153151742,-0.0866025,-19.0047745378,0.0865641,-19.9599131544,-0.0169928351226,0.0547660701283,-31.5683648438,2.80098983414,1.0,0.00237428046025,-24.4041166411,0.0866110481559,-14.6872108117,0.108684178649,23.4367,-28.8776406402
-0.08775518994,223,-23.2934781991,70.958,2.51472930599,3.12467e-05,0.0877631,0.0290147803025,-0.0877526,-14.9771891389,0.0877023,-19.504719714,-0.0106463873008,0.0537952370504,-30.9538402683,2.90186596847,1.0,0.00246696148271,-24.5004347069,0.0877679733995,-14.7961708366,0.14901048163,23.4367,-27.3653693787
-0.0889172828669,224,-24.0982755233,70.9211,2.00533185897,3.05776e-05,0.0889187,0.0294143503452,-0.0889097,-17.7107255055,0.0892801,-21.1049401658,-0.0185929402471,0.0547093303094,-31.7286775115,2.93984950151,1.0,0.00238373607302,-24.4080714341,0.0889301787062,-14.7168323416,0.121721720009,23.4367,-28.0493639852
-0.0904599285756,225,-24.3653194764,70.9983,2.29220531769,3.22236e-05,0.0904669,0.0266310956994,-0.0904605,-17.9899360473,0.0902096,-21.3248231947,-0.0174224928996,0.0558685927678,-31.6184440332,2.66378013957,1.0,0.00240010768199,-24.2929309411,0.0904759926771,-14.6094392266,0.118898154277,23.4367,-28.5237665999
-0.0918731293355,226,-26.0761394768,70.8938,2.61143594689,3.10057e-05,0.0918708,0.0279172277159,-0.0918687,-19.0828247925,0.0920558,-22.0220405781,-0.0247295189084,0.0489836939786,-32.3320595309,2.79018385888,1.0,0.00241945009779,-24.980826793,0.0918823976577,-15.2277728561,0.108050015994,23.4367,-30.6971625168
-0.0934194300474,227,-26.3944400594,71.1918,3.26923198202,3.00067e-05,0.0934235,0.0263573933598,-0.0934177,-18.4992003369,0.0938005,-20.614171713,-0.0115200560668,0.0539811077041,-31.0230578882,2.63376900489,1.0,0.00235841329359,-24.4821082885,0.0934337794953,-14.7707409907,0.113740505284,23.4367,-31.7251797498
-0.0955595924306,228,-24.2198920651,71.1833,2.14579958937,2.74114e-05,0.0955562,0.0267919984026,-0.0955558,-16.1233150066,0.0956943,-20.95190246,-0.0141283296157,0.0549124963989,-31.274714295,2.67778127097,1.0,0.00230227841528,-24.3887387715,0.095563396157,-14.6933617457,0.137544487089,23.4367,-28.3312346877
-0.0973732330114,229,-24.6706381466,71.5828,3.43037911455,2.57233e-05,0.097374,0.0271706482822,-0.0973725,-15.2794509462,0.0976266,-19.5319962389,-0.0293698861404,0.0499343004876,-32.8157703886,2.71651590735,1.0,0.00214153141025,-24.8880067446,0.0973746075774,-15.1087019762,0.145926938726,23.4367,-30.5118950113
-0.0991218054471,230,-23.9969165826,71.6712,2.65378627524,2.49362e-05,0.0991177,0.0268267221109,-0.0991174,-18.646237741,0.0989014,-19.9887749897,-0.01469825033,0.0494665430572,-31.3484562442,2.68184799528,1.0,0.00214242935459,-24.9314547899,0.0991221380314,-15.1846757055,0.112312714313,23.4367,-28.595479823
-0.1002265591,231,-23.7420546436,71.8717,2.04461741853,2.26488e-05,0.100224,0.0263608369757,-0.100224,-18.0271835304,0.100438,-18.4592074641,-0.0273949595355,0.0475202113288,-32.6083308268,2.63391904746,1.0,0.00208210322413,-25.1270658318,0.100227141964,-15.3625094693,0.118498269102,23.4367,-25.813143404
-0.10148460632,232,-25.8852174164,72.1686,2.01207676726,2.27194e-05,0.101486,0.0299843497574,-0.101484,-17.9157282649,0.101618,-23.5108898596,-0.0320320841371,0.047397346568,-33.0895525595,2.99832513679,1.0,0.00213463220298,-25.1402707481,0.10148621298,-15.3547549396,0.11976784114,23.4367,-29.9370642347
-0.103032641311,233,-24.0282081597,72.5534,2.85560837593,1.94112e-05,0.10303,0.0275534836382,-0.103029,-17.7536262876,0.103265,-19.0968601427,-0.0121357324893,0.0576366509602,-31.0898481964,2.75336264995,1.0,0.00196610600488,-24.1171321229,0.103034656526,-14.4649688702,0.121345548593,23.4367,-27.5814140642
-0.104619090557,234,-23.5565083655,72.6135,2.67515385129,1.98281e-05,0.104615,0.0231379916623,-0.104615,-20.0764933083,0.104833,-18.3980868409,0.00104098445476,0.0539813452986,-29.7713049881,2.31285409136,1.0,0.00202400312707,-24.4820029375,0.10461948724,-14.7870678299,0.0980891170511,23.4367,-28.2221649557
-0.106537240751,235,-25.1769994674,72.6748,2.09258324202,1.94489e-05,0.106534,0.0291312228301,-0.106534,-15.6354088662,0.106795,-21.5835719374,-0.015104081658,0.0593592744759,-31.3871613741,2.91160657645,1.0,0.00197431786173,-23.9433084943,0.106537240751,-14.3138832559,0.142467695411,23.4367,-27.8261111278
-0.108191011675,236,-24.0676312,72.6836,2.79603810087,1.58396e-05,0.108189,0.0267968307121,-0.108189,-17.6708695362,0.108524,-19.112570559,0.000382505708066,0.0543561865527,-29.8337990237,2.67783578784,1.0,0.00185567574718,-24.4450701629,0.108191011675,-14.7435274438,0.122004916967,23.4367,-28.9850629588
-0.10961287923,237,-25.3524623157,72.7975,2.34617945289,1.85652e-05,0.109612,0.0271818705752,-0.109611,-18.681281059,0.10969,-20.8070254089,-0.007488350841,0.049821496769,-30.6336171804,2.71730267729,1.0,0.00201739414128,-24.8979194923,0.10961287923,-15.1372065996,0.112108667104,23.4367,-28.451030698
-0.110916407488,238,-21.1470041469,72.9395,4.99885350152,1.50863e-05,0.11091,0.0370451776701,-0.11091,-14.2741666097,0.110928,-11.4526728507,-0.00409146087578,0.0735111031805,-30.2545943003,3.70433579737,1.0,0.00178893625882,-22.4807512646,0.110916407488,-12.5320570103,0.155594419514,23.4304,-29.0778418025
-0.112269648575,239,-23.8662787639,73.1634,3.20114114415,1.57465e-05,0.112265,0.0266314042284,-0.112265,-16.2083961718,0.112191,-20.169326885,-0.00155404944879,0.0558786293889,-30.0308663267,2.66244580292,1.0,0.0018374943077,-24.2933519646,0.112269648575,-14.6141652602,0.136727794393,23.4414,-29.8014869479
-0.113249602777,240,-25.9168494164,73.0922,2.57869385285,1.57646e-05,0.11325,0.026750510234,-0.11325,-17.1368721508,0.113313,-22.6698932818,-0.0108213573535,0.0466900084306,-30.9544478341,2.67277269017,1.0,0.00185584223492,-25.2117778275,0.113249602777,-15.3937101602,0.127449145133,23.4414,-31.2764315136
-0.114647620401,241,-24.4304006508,73.0957,1.93234824464,1.3842e-05,0.114648,0.0219569742531,-0.114648,-18.1881514114,0.114869,-21.0570089817,0.00913979676483,0.053789330849,-28.9737013398,2.19477088084,1.0,0.00171654443629,-24.501445474,0.114647620401,-14.7828413388,0.116928460426,23.4414,-28.3645413478
-0.11598893278,242,-25.3178662436,73.0994,2.30867914995,1.31738e-05,0.115988,0.0240906852352,-0.115988,-17.5547046468,0.116011,-21.5730032935,-0.0049339865536,0.0536378785464,-30.3708611655,2.40707560638,1.0,0.00168137056065,-24.5168490463,0.11598893278,-14.7993986683,0.12316476055,23.4414,-29.0670499407
-0.1171587583,243,-23.9272154737,73.2527,3.43655095642,1.22406e-05,0.11716,0.0324275186513,-0.11716,-15.956247023,0.117075,-17.0664121143,-0.00606999097486,0.0735749291367,-30.4405727335,3.24275903305,0.999999,0.00163817105484,-22.4756056634,0.1171587583,-12.5878542764,0.138917634311,23.428,-28.5180473065
-0.118282994246,244,-23.8579906969,73.3234,2.68075190845,1.13744e-05,0.118286,0.0287716168385,-0.118286,-17.6504577928,0.118397,-20.1542074167,-0.00993512011735,0.0565316154143,-30.8694017383,2.88025741541,0.999802,0.00157225753521,-24.2210779242,0.118282994246,-14.5567373643,0.122051364509,23.4423,-28.0038446644
-0.119357273499,245,-24.8234080592,73.3728,2.22094079826,1.4424e-05,0.119355,0.0258813946367,-0.119355,-18.4269429038,0.119317,-20.4818797817,-0.00068043655361,0.0509961987399,-29.9554387824,2.58622759582,0.999999,0.00168499125653,-24.7805080092,0.119357273499,-15.0064783096,0.114565149457,23.4424,-28.8614035329
-0.120361557934,246,-25.266208323,73.6926,1.66655614876,1.37914e-05,0.120359,0.0270180684478,-0.120359,-18.2459960446,0.120198,-23.4916893265,-0.0176221261568,0.0509747856922,-31.6433562273,2.70102923518,0.999999,0.00161254935632,-24.7822706346,0.120361557934,-15.0407286462,0.116301339861,23.443,-28.4226435712
-0.121671540816,247,-22.7574054996,73.9073,3.76325729495,1.41635e-05,0.12167,0.0317456046992,-0.12167,-13.1890190837,0.121268,-18.2952780522,0.00979957941363,0.0769036733763,-28.8595400243,3.17536661114,0.999999,0.00168434229978,-22.1437993448,0.121671540816,-12.2555545299,0.166541207512,23.4323,-29.6634133554
-0.122709004887,248,-21.6531599166,73.8903,3.33925199676,1.46361e-05,0.122706,0.0303147722218,-0.122706,-15.7809901073,0.122457,-15.432003323,-0.0107049153999,0.071911973775,-30.9022455938,3.0314486702,0.999999,0.00166956030342,-22.6414194636,0.122709004887,-12.6844262309,0.140543928984,23.4354,-26.0374874304
-0.123037311829,249,-22.979433519,73.9547,3.43845692762,1.32626e-05,0.123042,0.037303699399,-0.123042,-11.8289385147,0.122606,-16.64668989,-0.0435651067646,0.0746047048343,-34.1862809383,3.72934044697,1.0,0.00161728337565,-22.3723285727,0.123037311829,-12.4828098587,0.180093848062,23.4451,-27.1270387104
-0.123890511235,250,-22.1898781665,74.0706,2.68313022427,1.4796e-05,0.123889,0.0275844387107,-0.123889,-18.6649944738,0.123846,-18.1837319422,-0.0238239689575,0.0537981110064,-32.2612845752,2.75574446778,0.999991,0.00172913710099,-24.500919981,0.123890511235,-14.8084734629,0.112287409613,23.4665,-26.5730182185
-0.12518972311,251,-22.0371366262,74.0419,2.87081165754,1.57949e-05,0.12519,0.0348171996594,-0.12519,-13.1223741962,0.125036,-17.3376153187,0.010416989458,0.0818732283328,-28.8056745199,3.48111780916,1.0,0.00178645135633,-21.6464573227,0.12518972311,-11.8021641346,0.167267179139,23.4934,-26.0964553797
-0.126422904649,252,-24.7710665444,74.488,2.1790432284,1.45139e-05,0.126421,0.0269971981657,-0.126421,-17.8273665513,0.126484,-21.8478108526,-0.00121458158869,0.0523936373283,-29.9806580833,2.71143599371,0.998985,0.00173159716332,-24.6113897694,0.126422904649,-14.8938682279,0.11969614158,23.5024,-29.1513679956
-0.127110969083,253,-24.372425217,74.6798,2.66983038955,1.3897e-05,0.127109,0.0369200691061,-0.127109,-12.5858253214,0.126584,-21.0411513044,0.00842902746842,0.0789561974707,-28.991201439,3.69011463135,0.999999,0.00167718525053,-21.9385929814,0.127110969083,-12.065593354,0.172565256331,23.5051,-30.5432692084
-0.12772334448,254,-23.5151000454,74.6868,2.61487727896,1.6982e-05,0.12772,0.0359326791213,-0.12772,-15.0721048388,0.126898,-19.2518795527,-0.0263634248848,0.0725550942099,-32.477779282,3.59353604403,1.0,0.00180585774128,-22.5759156258,0.12772334448,-12.5801947454,0.147758525635,23.5104,-28.6084717728
-0.128252470803,255,-24.6822352545,74.6296,3.20676808191,1.83685e-05,0.128251,0.0403539605089,-0.128251,-12.8659942315,0.127414,-18.6908109391,-0.0250909581635,0.0743454465904,-32.3606190991,4.0367068119,1.0,0.00181146164589,-22.4004571277,0.128252470803,-12.5343401744,0.169642865921,23.5105,-27.7894846895
