PolicyRegParamNorm,AverageAbsY,MinEsReturn,MaxForwardProgress,AveragePolicySurr,AverageAction,AverageForwardProgress,StdForwardProgress,MinReturn,StdEsReturn,AverageQLoss,AverageAbsQ,AverageEsReturn,MaxEsReturn,AverageAbsQYDiff,AverageY,MinForwardProgress,MaxReturn,AverageDiscountedReturn,Epoch,StdReturn,AverageQ,AverageReturn,QFunRegParamNorm
16.0211,0.0203205995686,-26.762988483,0.0850542469808,-0.239521,0.916984,0.0550498934059,0.0110402052396,2.89038986411,4.05024923398,0.0666807,0.220184,-3.13978097023,13.186047805,0.233297213053,-0.0129775856716,0.0224833960576,15.9396388743,8.36264382666,9,2.30933427053,0.205841,9.72072364071,11.0124
16.0675,0.0802760485793,-6.21127731318,0.0429778350525,-0.0312236,0.902938,0.00831045297332,0.00890882665169,-5.40204222751,3.62917045375,0.00508588,0.083463,1.44589323523,11.3916633224,0.0485094367795,-0.00987389996629,-0.017256136063,7.54570872756,0.0669843458304,10,1.90564725363,-0.00625604,0.0689417591732,11.0689
16.1968,0.115516683878,-27.7265874285,0.0271217487482,-0.121941,0.798098,-0.003978378222,0.0115573777277,-8.27607481555,6.13267581521,0.00188246,0.10982,-4.48294140943,5.93410960408,0.0312645044895,0.0927516400144,-0.0326424103554,4.20218351929,-2.08964349137,11,2.40381935619,0.0927533,-2.30171243937,11.32
16.2003,0.132467767825,-4.68410014526,0.0575561681954,-0.141348,0.9103,0.0119623089764,0.00962380861685,-6.05051553881,2.58054708519,0.00118256,0.129112,0.988533320935,7.27061507012,0.0246010421001,0.117432789451,-0.0194607529167,9.98305517622,0.539100928369,12,2.01328656468,0.117341,0.623319422955,11.8119
16.1872,0.145990885575,-2.51066863947,0.0643797707359,-0.155154,0.82836,0.0403668055533,0.00802814055204,1.41566556101,3.04481173831,0.000905993,0.143787,4.16131712759,9.41556155737,0.0212587410412,0.132007734374,0.0189175017594,10.9395026897,5.35107710662,13,1.68906076387,0.131929,6.03859581312,12.1324
16.2554,0.163196593633,-7.14224677181,0.0676934082776,-0.172604,0.876601,0.0410025344377,0.00839265568351,1.08301885161,3.00748362094,0.000862835,0.161749,4.47156164789,9.29565275825,0.0208180116252,0.14718705321,0.0159517922383,11.7871443992,5.53217121821,14,1.7560373749,0.14717,6.25586747971,12.4565
16.3958,0.180730267424,-4.67336703768,0.0627859732212,-0.188571,0.924343,0.0415341028536,0.00820776281363,0.806264328955,3.07345999811,0.000887886,0.179646,4.25313164449,10.6892428551,0.0211734280845,0.163623589337,0.0165098834664,10.6931040358,5.59398477124,15,1.71218400176,0.163657,6.34787159659,12.7214
16.5358,0.1988627356,0.0160377237733,0.0681850177513,-0.206376,0.910485,0.0425494523146,0.0084339271764,2.0144078191,2.39351818535,0.000900422,0.197911,4.8172913746,10.1018167628,0.0210896956775,0.180615041145,0.0211627949957,11.8164480381,5.77224040799,16,1.76121181756,0.180644,6.54406354211,12.9619
16.6385,0.220103414448,-7.56476803545,0.0633255572675,-0.23014,0.967464,0.0417452525401,0.0087533192203,0.81462458905,3.56211961841,0.00112419,0.218978,4.24560037827,9.70041502284,0.0236295040287,0.202373455238,0.0152454112544,11.0160486146,5.57089424095,17,1.82649218519,0.202398,6.32178975967,13.2293
16.7512,0.239680351021,-2.87787965591,0.0659534933365,-0.249619,0.999099,0.0410278423574,0.00865917300306,0.696819257049,2.94952260756,0.00131239,0.238792,4.77497996689,11.6195777232,0.0249778455947,0.22154801395,0.0164098357545,11.486003813,5.43726884974,18,1.82947808232,0.221556,6.17052952187,13.4677
16.8881,0.261486980413,1.05061857302,0.0871175885747,-0.27754,0.991755,0.0568183271506,0.0107743256838,4.14865703426,3.35645351993,0.00138274,0.260554,8.09488411874,16.9493443724,0.0254608707015,0.243694118987,0.0286423118753,16.4359852231,8.61989072649,19,2.25370061386,0.243655,10.023379936,13.7039
16.9761,0.283318259717,-1.92964253881,0.0814816056512,-0.301682,0.994341,0.0566935111886,0.0106881421898,0.666538759654,3.65260545347,0.00147955,0.282722,7.12732675493,14.4602952707,0.0265344371464,0.266156144074,0.0122504655562,15.2025661379,8.58348164459,20,2.23854259528,0.266276,9.98019111886,13.8997
17.0258,0.305680443817,-3.32346657023,0.0945133412165,-0.330607,0.989145,0.0560873609546,0.0120496342991,2.51186902432,4.00359673069,0.00165505,0.305022,7.22057064218,14.3025109509,0.0276595974082,0.289716476838,0.0210794678712,17.8803219123,8.4628395131,21,2.51984121815,0.289762,9.87545941685,14.0607
17.0766,0.334774798762,0.269131743612,0.0914316907938,-0.360161,0.988901,0.0560195055242,0.0118587486915,3.15382508205,3.25206277501,0.00171574,0.334372,7.73871522754,16.2338694476,0.0282483608811,0.320129822474,0.0241867836567,17.314681289,8.46570514608,22,2.47567772712,0.320215,9.88739665892,14.3096
17.1085,0.363705745635,0.969236092019,0.0846180667257,-0.395546,0.989969,0.0554136011155,0.0112396674997,2.74193678912,2.89522178819,0.00211137,0.363501,6.95114650285,11.5423355881,0.0305390746526,0.35151956626,0.022133600894,15.8277722609,8.36867394341,23,2.35574029261,0.351633,9.74400194291,14.6239
17.179,0.393854721755,-3.69056078201,0.0958982421566,-0.426447,0.989496,0.0558772421489,0.0119773941309,0.985817307296,4.38950486813,0.00206308,0.393704,6.82747561752,19.3478648075,0.0305304730181,0.383045877474,0.0140241020805,18.2657131448,8.42755499864,24,2.51352486279,0.38309,9.84191917434,14.8426
17.2335,0.420185432987,-1.93383561105,0.0875425537621,-0.453087,0.984799,0.0547848710311,0.0116071236399,3.08381341631,3.23707866103,0.00212786,0.420072,6.27769874968,14.3686284861,0.0305506221056,0.409465945417,0.0232391768609,16.4432592396,8.20000994503,25,2.41303897393,0.409557,9.64585863445,15.1049
17.324,0.444205190752,-5.56092917847,0.0878503054892,-0.478806,0.967544,0.0554426276661,0.0124122639228,2.00446399842,4.40336201239,0.00233121,0.444155,6.21864519064,16.2677818147,0.031409459372,0.433882628193,0.0182952183398,16.5317581987,8.2007237749,26,2.57978287081,0.433951,9.7879053701,15.3294
17.3711,0.460395844733,-3.92406734321,0.104795906222,-0.488675,0.96059,0.053405652678,0.0134218544467,0.889269708887,5.14269962517,0.00250477,0.46018,7.23367468101,25.0531401217,0.0328321485461,0.449910414854,0.0128860462864,19.9635351148,7.88635516903,27,2.78931921276,0.450025,9.3729559003,15.6276
17.43,0.475683801149,-1.49134358926,0.0903368529176,-0.500398,0.97152,0.0578590055468,0.0122748860619,2.79324359474,3.07454870162,0.00250135,0.47546,7.59994902453,12.7405793207,0.0332063393574,0.463940369165,0.0219187972684,17.0321301205,8.75405633638,28,2.55524386297,0.464066,10.3073946541,15.8514
17.4512,0.492765868531,-7.03760266461,0.0934507738668,-0.519342,0.953283,0.0563370773819,0.011975072021,2.1439156422,3.79432723768,0.00267743,0.492766,6.81638751139,13.7973343297,0.0340802241484,0.481312685232,0.018925620747,17.7380739163,8.48518537985,29,2.49417541029,0.481378,9.99364515007,16.0827
17.5355,0.510287557767,0.47902023081,0.107519350939,-0.536344,0.917628,0.0563042549156,0.012631767716,3.71169108422,4.4229165439,0.00280149,0.510016,7.46667057153,21.7056313652,0.0348284257115,0.498253724061,0.0259937862309,20.6677228558,8.43812203446,30,2.62488256428,0.498463,10.0179831289,16.238
17.6348,0.523591651813,-4.12811858778,0.0977958025717,-0.547255,0.958988,0.0558052206805,0.0123231380675,2.57614856426,3.95907430967,0.00290266,0.523261,7.56170518968,17.5483711914,0.0348580218977,0.511042127679,0.0209896251419,18.6315798161,8.37961394234,31,2.56139498941,0.511163,9.88281147134,16.44
17.7366,0.535590360889,0.889156347564,0.0925642454852,-0.564876,0.95031,0.0568860203963,0.0109522828276,3.77340895597,3.60186588541,0.00279773,0.535381,8.20961649908,18.1403802663,0.0344735952591,0.524476232046,0.0269761268231,17.5134609077,8.59004304641,32,2.28887336726,0.524544,10.0471617896,16.6143
17.8708,0.551933752322,-0.97867304696,0.0879518210002,-0.583315,0.933519,0.057547836332,0.0115101408415,3.46577146358,3.83829357427,0.0033796,0.55188,6.4094316962,13.3893595733,0.0378873436029,0.543983213191,0.024860375418,16.4880825074,8.71520666741,33,2.39569383224,0.544164,10.2343280546,16.8731
17.99,0.564059042693,-4.25762175202,0.0914363180291,-0.592546,0.933217,0.0497377931866,0.0143188041714,2.03076637446,4.51915436588,0.00301191,0.563899,6.35421624792,15.7740610008,0.0354078240786,0.557048083075,0.0173402458707,17.3506270527,7.41920304636,34,2.95442605131,0.557044,8.73236034349,17.0691
18.0905,0.57292313364,0.0275946213031,0.0955169338705,-0.599858,0.96185,0.058012230117,0.0119009022836,2.68552506935,3.33228286788,0.00304441,0.573089,7.80846661252,17.6460264549,0.0358516564614,0.565443338788,0.0215349262661,17.9998745141,8.75078908685,35,2.48022512049,0.565534,10.2704471923,17.269
18.1608,0.586842971933,-5.00600625432,0.091897851548,-0.61649,0.953383,0.0542303578298,0.0146452841471,-0.598501518701,3.26248683309,0.00307913,0.587136,6.24022447943,13.2882383153,0.0365940273111,0.579962945089,0.0051755064449,17.3941716515,8.14718794533,36,3.00567749727,0.58005,9.51754571222,17.428
18.2514,0.596288877514,0.719695687239,0.0840988034926,-0.625032,0.962017,0.0553103524655,0.0107499455002,2.52242294535,3.46456730589,0.00323854,0.596662,7.29026491694,15.6501511882,0.0378959243284,0.589240624238,0.0212245204584,15.6897997141,8.31808653393,37,2.24373695449,0.589334,9.69877313485,17.6438
18.3528,0.61085729595,-2.84547787371,0.0952238377806,-0.639099,0.970074,0.0584422241599,0.0117862770107,3.07366273698,3.9459999011,0.00373457,0.61142,8.32972594055,15.453833077,0.0391694164857,0.603859690883,0.0227098691759,18.1284649618,8.84441691558,38,2.45590466548,0.603875,10.4239591635,17.8904
18.4139,0.614684226204,-1.72536576433,0.0976610556261,-0.639843,0.962426,0.0591753452809,0.0118689975647,4.19999688209,3.92263455075,0.00369583,0.615225,6.99264545377,13.5787930893,0.0390539349317,0.607074570678,0.0280614683641,18.5020474783,8.95349995151,39,2.46032255974,0.607135,10.5848533433,18.1525
18.5357,0.629135601794,0.7977754362,0.100292974834,-0.655694,0.944141,0.0575145444524,0.0128700354717,3.39562155691,3.47597191641,0.00415393,0.629593,8.96628271247,15.4718452585,0.0418153534448,0.62184852092,0.0242500109793,19.1345188325,8.69096367474,40,2.67390017812,0.622085,10.2776321678,18.3785
18.5967,0.639535806739,-4.06728849945,0.088353017883,-0.668841,0.961404,0.0564643543215,0.0125234905655,2.43650867283,3.97599873895,0.00423961,0.639745,8.00427006111,17.1167006057,0.0421637931126,0.632429232515,0.0197164559379,16.5928423932,8.39177868436,41,2.59678013083,0.632398,10.0224594129,18.6171
18.697,0.645480872706,-0.637204957754,0.0929411558944,-0.676418,0.921602,0.0563695040076,0.0117298173577,3.14807827161,3.5383079116,0.00450274,0.645823,8.1494237166,15.8645463526,0.0424402607757,0.637712026238,0.0231507902453,17.6746548673,8.48493595658,42,2.43322556731,0.637769,10.0755674198,18.7588
18.7682,0.662114022693,-13.04205558,0.101917907887,-0.696181,0.871469,0.0570256240755,0.0147062772492,-1.14732832826,4.73545152058,0.00536362,0.662485,6.7095670864,13.4923131927,0.047253718212,0.654155155957,0.00291537131729,19.5033385285,8.45650963148,43,3.04615513113,0.654318,10.1615976049,19.0004
18.8587,0.666589366908,-0.828888617116,0.0914979694023,-0.697528,0.889267,0.0542571474369,0.0114961629009,0.880744557157,4.34561016165,0.00559063,0.666842,6.97937535518,18.7942606611,0.0460003316455,0.659228217029,0.0136314981765,16.9633152403,7.77724217701,44,2.39103001459,0.659256,9.28055216148,19.1669
19.0344,0.6762706648,0.572919523942,0.104437501958,-0.706972,0.909757,0.0572730025063,0.0128661891937,3.58466932075,3.18223713112,0.00666007,0.676712,6.97789963908,12.6887102665,0.0510202255525,0.669669312212,0.025377117593,19.9042868562,8.48884485173,45,2.66905603652,0.669722,10.1742549241,19.4606
19.1574,0.679614553105,-7.98826595949,0.0872498770348,-0.708239,0.900033,0.055178870851,0.0126321908903,0.218345854556,4.47669075279,0.0057598,0.679872,5.26455374829,11.5041052257,0.0471446479035,0.67235966006,0.0102344001752,16.0853636345,7.8301626236,46,2.62067930558,0.672318,9.42488714459,19.6172
19.2172,0.68299742784,-28.084820074,0.0837523316675,-0.703549,0.920045,0.0509845286745,0.0131236612271,0.880724730347,6.68657210039,0.00575341,0.683366,5.69447227169,14.7024995495,0.0479420711535,0.675190370854,0.0150243847101,15.2922674798,6.99341008689,47,2.72654737837,0.67541,8.36522776926,19.7404
19.3112,0.685975689419,-0.153294682804,0.0911378650714,-0.71087,0.926931,0.0533974591378,0.0142586708962,1.07876697313,3.33058419032,0.00577324,0.686028,7.3030227707,13.244624336,0.0474204403893,0.67733266997,0.0158995055453,16.5120623658,7.25176651453,48,2.92647501842,0.677299,8.82230782158,19.9271
19.4181,0.686989301257,-0.909363969284,0.0874588956645,-0.710413,0.931415,0.0478897848706,0.013108254297,0.360518708922,3.89666265789,0.00584782,0.687033,6.10895462423,14.8982056119,0.0474157396945,0.678707955968,0.0113338010891,15.6164563798,6.3143494334,49,2.66220361821,0.678748,7.60379874928,20.0429
19.5145,0.690908694603,-1.46759649906,0.0989745432694,-0.715256,0.938945,0.0491988294293,0.0145131562247,0.738277146892,3.70978393508,0.00530074,0.691137,7.22464883105,15.501275267,0.0455363837614,0.682618244503,0.0142139993247,17.6919313611,6.35512107485,50,2.95447920138,0.682626,7.69550871172,20.1753
19.6296,0.691548364745,-4.37926400203,0.0957246705458,-0.713601,0.938079,0.0521049392232,0.0134836430642,-1.16434575524,4.73739647707,0.00602489,0.692196,6.8963794229,15.1223538088,0.0484886921127,0.684412785869,0.00367064183411,17.6197228619,7.18033129581,51,2.75023854097,0.68472,8.70222260373,20.3821
19.7593,0.706495341947,-3.227605172,0.0972090903891,-0.73323,0.93188,0.0469671996739,0.0134738496467,1.06203846277,3.55877589851,0.00798608,0.707019,5.74247762519,13.062060393,0.0565008291278,0.701100918251,0.0136147874009,18.1416264756,6.39806668224,52,2.75505105198,0.701467,7.83695480635,20.5435
19.9298,0.707021675269,-0.201354428625,0.0849390806304,-0.730249,0.917551,0.044685881616,0.0141175062016,0.15325763062,3.11131796683,0.0054515,0.707085,5.61089187976,12.0772308126,0.0461772167241,0.702029964991,0.0104558014759,15.3955969791,5.91083664783,53,2.87268714608,0.701863,7.14745871891,20.631
20.0276,0.721753356498,-1.56947963205,0.0851325447076,-0.749597,0.901077,0.0468962662076,0.014504335154,0.440048978793,3.74190076259,0.00813334,0.721913,5.58064945343,15.7629036024,0.0569246686059,0.717173332665,0.0108819246969,15.7607525894,6.34724048362,54,2.98310686829,0.717391,7.8760676838,20.8221
20.0875,0.725049170013,-8.3727485821,0.0881285284852,-0.751345,0.886039,0.0489058741943,0.0145798851295,0.919875512073,5.4668565295,0.00595682,0.725186,5.40413475069,16.6417902653,0.0474123075558,0.720592665631,0.0126821941816,16.4070919538,6.69246686654,55,2.99778861296,0.720565,8.31805141033,21.0154
20.1553,0.720686348562,-3.71719197506,0.0972174206562,-0.744647,0.903604,0.0553488917166,0.0135003988411,2.28023339274,4.24227942786,0.00462641,0.721137,7.40310718329,17.4377385039,0.042044044382,0.716330441068,0.0193581641804,18.2769758224,7.95740348892,56,2.78092896364,0.716069,9.72539866358,21.173
20.2625,0.716938704456,-4.20913867662,0.102029852815,-0.741136,0.895476,0.0579946517271,0.0149457502493,1.31230431282,5.09455171222,0.0041034,0.717384,6.11056678619,15.3345538787,0.0396366270058,0.711934322533,0.0155896500775,19.238701214,8.20313855738,57,3.09976921954,0.71199,10.0671158422,21.2836
20.318,0.71735688383,-1.98398376091,0.0991344865483,-0.741659,0.927081,0.0587221637382,0.0133010727494,2.85000180178,4.16877503738,0.00458551,0.71823,7.52995173679,16.6608358152,0.0417580691705,0.712759218432,0.0221831318067,18.8343698317,8.74597832711,58,2.75013673607,0.712911,10.4687749917,21.4413
20.3526,0.714833328248,-7.79958429921,0.128124296173,-0.737185,0.918826,0.0619610513011,0.0145323248615,3.50260941042,4.60276945325,0.00414003,0.715528,7.0431286264,14.8132329345,0.0404542136348,0.710183070149,0.0277254470568,24.6075244052,8.77772008385,59,3.07655488963,0.710367,10.7258847481,21.5915
20.4085,0.716666639068,0.420929187767,0.101987615554,-0.73736,0.919237,0.0586884230617,0.0162063081712,0.87132632983,4.38066401432,0.00477605,0.717417,8.37665004873,21.9825299884,0.0428334598568,0.712404262977,0.0145876537507,19.0255338869,8.1819665855,60,3.33340461465,0.712496,10.0723956158,21.7537
20.4898,0.717753622247,-1.94631606199,0.073919695212,-0.741443,0.947494,0.0386130372194,0.0149576897375,-4.77019189723,5.18956717347,0.00494274,0.718361,6.56766337305,16.2468466829,0.043800048544,0.713412326534,-0.00847967348246,11.8597738887,3.82367859579,61,3.05560598995,0.713322,4.8024100691,21.9058
20.4883,0.712948658372,-129.499818576,0.145219360171,-0.736554,0.917306,0.0732977929352,0.0218849623279,1.88855886248,39.1470318922,0.00488939,0.713301,-7.47211963369,18.6307587645,0.0445318416779,0.706035098138,0.0184859586282,27.7339660129,9.91461274047,62,4.47693602707,0.705965,12.9929730501,22.1634
20.5215,0.717255865319,-36.6914277203,0.0687612166682,-0.733599,0.848289,-0.0044106109274,0.0200775474311,-14.5026543596,7.94767239726,0.00434957,0.717529,0.127093690471,10.4852165879,0.0421020009851,0.709232510271,-0.0629421291198,11.528584121,-1.56148417946,63,4.07466096185,0.708794,-2.50369641154,22.3321
20.5766,0.714978256748,-0.841070202057,0.46720173697,-0.761269,0.772443,-0.321265701343,0.400009653152,-213.172517097,16.5708785912,0.00476839,0.715426,9.69756107863,64.8595551715,0.0440878964809,0.705411389921,-1.03479522069,88.7085778868,-27.7701470401,64,79.5376816737,0.705071,-67.4407014962,22.622
20.6247,0.714607956669,-103.655671103,0.19701012151,-0.765301,0.817737,-0.75840330954,0.344270763726,-252.331580505,41.1456784543,0.00468057,0.714768,-30.353969924,22.437671975,0.0450508126736,0.703453595946,-1.22622319257,31.4417350227,-59.35784101,65,68.2131043061,0.703079,-156.748241361,22.7004
20.837,0.756576094809,-88.7243789327,0.439503170676,-0.819183,0.682649,-0.200488852279,0.353645980221,-178.182913168,36.8948917499,0.00543342,0.756478,-39.0864072415,26.0789412823,0.0485777849486,0.742716449247,-0.878318609293,81.6012289545,-15.4612615617,66,69.9517783052,0.742166,-45.0344238755,22.8619
21.0204,0.79236320961,-29.5411830765,0.48526365102,-0.865856,0.566432,0.0481414617407,0.241153169694,-105.348410677,21.9815318606,0.00576353,0.792705,-11.4609857737,25.9640774528,0.0497763223873,0.778235478217,-0.494041918074,91.5874009996,11.2285091677,67,48.3934577898,0.777742,4.47238004989,22.9865
21.141,0.835406131545,15.5941080316,0.39564072807,-0.922001,0.584837,0.296491975408,0.08273509114,-35.6572404452,22.4950607186,0.00695575,0.835895,40.8225749615,80.2442087288,0.0539652548986,0.822778641837,-0.14761049012,74.7737447727,22.2049092939,68,16.7034972422,0.822615,54.2002798569,23.1719
21.2766,0.875268287699,-27.6302474863,0.893048453623,-0.965538,0.532547,0.498546117652,0.156996685463,23.0231621334,33.8607472676,0.00776075,0.876065,12.385753355,101.34814526,0.0558176327497,0.864059539635,0.142995636681,175.547194548,41.3896456451,69,30.9168446513,0.863962,94.3593317309,23.3348
21.3643,0.914175947944,-39.9516612304,1.08069853893,-1.02542,0.681525,0.805469940806,0.135926366761,92.5036883793,72.0479391004,0.00885354,0.914735,21.9966520852,184.154978469,0.0588643096137,0.903036002902,0.489602529456,212.040253653,56.4772772499,70,27.2735587783,0.902859,155.95508279,23.5397
21.4476,0.970355224789,-19.1712849243,1.39653292415,-1.0997,0.695026,0.619441261694,0.490811421671,-85.09969254,143.732143463,0.00934568,0.970331,130.715099229,401.468978175,0.061121238131,0.959242196612,-0.389517535941,274.97003101,26.0395278299,71,98.2613679445,0.959127,118.695730748,23.7073
21.5843,1.06195167134,-31.4440061284,-0.0487368986603,-1.20849,0.795755,-0.102406353185,0.0238148470624,-40.8045389024,80.1789371718,0.0100688,1.06213,22.0321667751,217.739989439,0.0637613647861,1.05114741841,-0.186969856093,-14.0592818455,-13.8588495944,72,4.67172704499,1.05096,-24.7241565246,23.9945
21.76,1.15859372976,-18.0429375767,0.0844867240671,-1.31566,0.953256,-0.0151715474801,0.0453862850354,-37.5275030936,7.26665431124,0.0138522,1.15837,-6.71229805757,3.29633411095,0.0734875906454,1.14866558497,-0.154443199685,13.1993713209,-4.06004331585,73,9.34643356928,1.14853,-6.65568159309,24.2709
21.8395,1.24430295494,-34.6628239915,0.0614976483057,-1.4058,0.94067,-0.0398520853767,0.0513374428632,-49.0784691195,11.7223953787,0.0140596,1.24476,-13.5401189983,8.58957777252,0.0753164556795,1.23496665189,-0.217678593413,8.33641400525,-6.87704233103,74,10.7126287667,1.23502,-12.0285195082,24.467
21.9903,1.33033598974,-16.2643924538,0.0741764904461,-1.49499,0.884617,-0.0356281998424,0.0545262364102,-42.4632916216,7.16959667721,0.0152708,1.33111,-4.56161294542,8.49853461108,0.0785365457804,1.3208394881,-0.185448821416,11.054603059,-6.24205052671,75,11.3195126574,1.32107,-10.9043010728,24.6979
22.115,1.42477617554,-28.0830512445,0.0502059083289,-1.59712,0.857598,-0.0214432900891,0.0344790897034,-26.1415563472,9.09661869073,0.0153317,1.426,-10.3006531578,2.73005715878,0.0808363220482,1.41698811365,-0.112127424793,6.42770815015,-5.08513146094,76,7.00507001047,1.41752,-7.33535289692,24.8997
22.1934,1.51352363756,-17.3667542967,0.10105729158,-1.67136,0.864489,-0.0499164852936,0.0570101565897,-49.9068371614,9.44248525652,0.0163206,1.51438,-2.47647956735,13.386339456,0.0805787999734,1.50629051302,-0.245329427716,15.3677465082,-7.76833715561,77,11.6325216853,1.50691,-13.9397187093,25.0284
22.2593,1.57316669391,-42.6525733828,0.058707580263,-1.69913,0.869604,-0.0780302811263,0.0633981488024,-51.6328170664,12.8820470806,0.0154824,1.57396,-11.7399370382,3.30350252965,0.079363725534,1.5668356414,-0.229687018302,8.14151640383,-11.1800576499,78,13.0170828085,1.5672,-19.811253347,25.1647
22.3719,1.61711068155,-34.0602217739,0.097620248502,-1.72708,0.838475,-0.019020267589,0.0494220582196,-30.3427938431,14.0373337043,0.015547,1.61799,-12.549802398,10.3754404639,0.0793032597146,1.61035875627,-0.130601251777,15.8498327169,-4.48078336396,79,9.99818227472,1.61082,-8.49346604642,25.3668
22.4556,1.63951619282,-23.8634483647,0.46855482691,-1.73508,0.837848,0.0454645577158,0.0897790318844,-79.3969346129,36.0552208481,0.0163088,1.64046,12.1303317547,118.167471361,0.0809865302277,1.63324531479,-0.349680977129,88.7413466431,4.07148585332,80,18.7904407171,1.63357,4.14953718534,25.4688
22.4672,1.65632222041,-68.9341808408,0.296364103008,-1.7573,0.802606,-0.0382330256774,0.0709192680784,-48.2475255315,25.684857285,0.0177388,1.65783,-11.1651780632,18.1910399887,0.0825460282668,1.65032166071,-0.226686276081,63.9423452789,-5.78291538946,81,14.7920329749,1.65079,-8.86545628036,25.6796
22.5464,1.69075335479,-43.012939642,0.54495003035,-1.80245,0.817041,0.151848487826,0.187486249983,-106.617494209,29.6273825171,0.0188436,1.69242,-2.32621812358,46.7480322778,0.0848034758667,1.68439074163,-0.517233663852,102.205043225,11.5729942772,82,37.7735933785,1.68532,25.1779442846,25.8886
22.567,1.73009839665,-33.4488157315,0.25165931895,-1.83713,0.755743,0.0425808078906,0.0863689281754,-77.830970322,21.2945293338,0.0187709,1.73171,9.70571890697,39.1869643453,0.0857917410343,1.7239435014,-0.356383485178,41.1634661421,3.84162383088,83,17.7111829941,1.72429,4.21236122076,26.1282
22.6681,1.78123973337,-13.2893184154,0.2941269006,-1.89542,0.775625,0.0608089550967,0.0690687497364,-69.1878499447,9.85430280766,0.0193825,1.78232,6.3617323767,29.1442333647,0.0893533247731,1.77618039653,-0.309593006466,45.3356938463,4.50638185029,84,13.2271275285,1.77692,8.42773235443,26.3191
22.6759,1.82381181085,1.83948504755,0.288206882319,-1.92832,0.733757,0.0546168664769,0.0857234764012,-57.043366711,47.1312388897,0.0202198,1.82421,46.7010845648,147.782350417,0.0890329262694,1.81913629948,-0.260432051716,50.6206276283,7.23804228327,85,17.2533563166,1.81911,6.7223270962,26.4405
22.7226,1.87635669863,-27.1383686202,0.263522836748,-1.98888,0.795993,0.0746980726747,0.037961185659,-8.17522433332,11.3603319751,0.0205806,1.87733,9.03740045107,24.7031471153,0.0899010146565,1.87224028243,-0.0122476923048,48.0046151295,8.43625398524,86,7.61502604418,1.87288,11.7181689335,26.5656
22.723,1.92219703051,-0.318968668666,0.144557587851,-2.0346,0.869503,0.0822593758068,0.0248504876564,4.33947472198,5.42838357525,0.0221133,1.92258,11.3650771656,23.0985937914,0.0899706527549,1.91836792717,0.0292834664454,25.1797577352,11.3475576737,87,4.13528603032,1.91847,14.386414119,26.7314
22.7294,1.97624165902,4.70428982875,0.14959992937,-2.09019,0.815319,0.0922546642989,0.0268711554223,6.56225328698,8.11707728463,0.0215802,1.97701,17.2621564268,31.1199744074,0.0903446633304,1.97211790166,0.0405743982418,27.5158412474,12.6710674571,88,4.99431158662,1.97239,16.481903899,26.8802
22.7537,2.01850961221,-0.937088263455,0.207796865418,-2.13495,0.75728,0.103261477124,0.0398565132595,3.25912590828,6.20693279521,0.0239738,2.01953,13.9310934543,26.8706891698,0.0924930142402,2.01491081718,0.0237293232284,39.0766519528,14.5275349952,89,7.54238542981,2.01508,19.0902102844,27.0134
22.7535,2.08168510844,-8.95528857237,0.171124042978,-2.2076,0.831336,0.107775268312,0.0269026851141,7.2070303599,9.57930287562,0.0250601,2.08191,14.7390420877,32.5601203439,0.0954814026716,2.07846847288,0.0452141815543,31.8044999239,13.6577607789,90,5.29275587141,2.07789,19.4444482744,27.1267
22.7893,2.13630645761,-7.47421227902,0.159070062871,-2.25118,0.804298,0.0693146523871,0.0367025041254,-5.90090946496,7.557540436,0.0259747,2.13774,13.3795160052,25.0894708398,0.0972067809512,2.13297314465,-0.0185198786751,29.2913237104,6.90621507996,91,7.22036158634,2.1336,11.4284903256,27.2159
22.876,2.16593114246,-15.5907900278,0.106227337368,-2.28867,0.805913,0.0283159893632,0.0231214917879,-6.30802948164,7.95303489561,0.0254178,2.16723,3.48654378556,16.5342256682,0.0965703314446,2.16286278828,-0.0204982289795,19.202219719,2.26349005779,92,4.62765205383,2.16326,3.58220668852,27.3636
22.9671,2.22015301973,-6.88564275683,0.0853948993357,-2.34752,0.808989,0.0315190500381,0.0201373695905,-5.68540388425,9.83650365299,0.0325263,2.22121,5.22369431271,29.7742672845,0.107462636175,2.21729129696,-0.0184850875795,15.1743699537,2.93950955251,93,4.02573651602,2.21818,4.31965950978,27.5429
23.075,2.26686010924,-18.3983214522,0.18438429926,-2.38558,0.795134,0.0530498723446,0.0406170948955,-10.205793723,12.1459740558,0.0316976,2.26785,7.92691578893,36.6620164734,0.10754758294,2.26428033534,-0.0337148608281,33.942947284,4.73521014829,94,8.11388768751,2.26514,6.3169555755,27.79
23.2027,2.29407324238,-4.10284885467,0.172692368027,-2.40968,0.767459,0.0664145187343,0.0473069396028,-3.85510735732,7.96466263217,0.0296869,2.29605,8.31104692206,22.8454992152,0.104316615958,2.29142295442,-0.0107380365668,31.7615328405,7.08884749866,95,8.86703696072,2.29249,10.4066330041,27.9825
23.3254,2.31688718804,2.96209759171,0.190076892969,-2.42792,0.745212,0.0903332862318,0.0330351732901,-0.351034044371,6.71686454142,0.0317787,2.31873,14.2246020965,26.8182064059,0.105411461372,2.31435753445,0.0194127930472,33.6570011007,10.1567381946,96,6.6248525052,2.31542,14.4313941237,28.1725
23.3999,2.33387837689,-0.0282459723887,0.170553619217,-2.43111,0.793018,0.06601456305,0.0303482145401,-2.28411606798,8.24453068557,0.0312282,2.33639,10.7502389743,28.7905825227,0.104873524018,2.33154533994,0.00469951861493,30.3212269024,7.30167803009,97,6.10152363781,2.33307,9.38117117897,28.4421
23.4778,2.34330288219,-17.8061306976,0.17411718074,-2.44439,0.801664,0.0909303513372,0.0352850792795,-4.00397383675,11.4240001985,0.0326141,2.34549,0.60232305112,19.4412459414,0.107438820743,2.34103553629,-0.00214555698388,31.085448836,9.6278240542,98,7.17678697083,2.3423,14.146457166,28.6402
23.5731,2.37026637735,-9.88843892038,0.156013919724,-2.4707,0.823175,0.0642837635976,0.0317243531629,-11.9275685331,8.73267009974,0.0422127,2.37127,11.2427657837,26.8116923662,0.122420632601,2.3684221757,-0.0468622548073,26.9397084282,6.13013105549,99,5.834317079,2.36972,8.88634599006,28.8564
23.6222,2.38847121956,-24.8399156229,0.169949210401,-2.4783,0.802463,0.0686306567829,0.0419966321225,-8.66600941883,8.97169559712,0.0426912,2.3895,0.418055559346,13.3804057436,0.119863941074,2.38699322264,-0.0246128159381,30.0860950548,7.212629207,100,8.36733485503,2.38753,10.3589375407,29.0431
23.6903,2.3887923853,-12.6671366459,0.207496396422,-2.48286,0.874307,0.104170161781,0.0314314990602,3.02986213568,10.0734781062,0.0385992,2.39042,7.97960959808,25.7330680262,0.113140697067,2.38732607167,0.0303301387648,36.8874246029,12.406457127,101,6.04300492956,2.38767,17.3831018065,29.2992
23.737,2.3933722138,-9.98552826824,0.180436381947,-2.47712,0.818609,0.100661685954,0.0355591663042,-3.85460223327,9.23007133862,0.0406122,2.39507,9.31147383559,25.8545976452,0.118161222613,2.39200656504,0.000936201098188,32.4195364278,11.9993222321,102,7.23492342329,2.39263,16.2251528893,29.4869
23.7922,2.39167926835,-19.7212165791,0.0222703490082,-2.48669,0.910951,-0.0470722033743,0.0219585912782,-24.3871972451,9.11361378223,0.0379282,2.39411,-4.83374568419,26.091281375,0.112487480781,2.39032014251,-0.109649146063,2.15440244345,-9.17396373486,103,4.54831087381,2.39069,-11.4732565091,29.6689
23.838,2.39676506373,-39.3443254764,0.710850482543,-2.48937,0.783929,-0.0491130052891,0.0767049070669,-69.1973555725,17.6091600646,0.0430469,2.39853,-5.86978804423,48.5510179648,0.12142432842,2.39528821798,-0.314974193632,135.116008358,-9.41617038475,104,15.5754991546,2.39588,-13.3515805509,29.8347
23.9011,2.40074571523,-15.7604856612,0.230225547755,-2.48823,0.830403,0.0773745033337,0.0564584375791,-18.8249464501,9.52081203535,0.040555,2.40175,3.47382195654,17.6943052187,0.116248091828,2.39945448359,-0.0754615063244,42.5591842349,8.30153959539,105,11.4318637452,2.39951,11.795533423,30.0499
23.9286,2.40414477351,-6.72962497797,1.38930375506,-2.50677,0.84712,0.280392397114,0.370391070077,-24.5978119199,66.2324911081,0.040973,2.40628,30.6854991687,245.456513115,0.115569804014,2.40277625509,-0.0933088829311,271.411409646,18.1742176934,106,72.966034625,2.40374,51.5580345142,30.2733
23.9918,2.42056486811,-88.6767475517,0.802691757705,-2.52846,0.768693,-0.0978378013672,0.191476049849,-86.8122591756,79.9074889022,0.0395804,2.42236,18.9228818605,173.055783512,0.114204831115,2.41913278884,-0.403404654854,154.728808255,-10.7120824138,107,38.3056442873,2.41958,-25.5406416407,30.4478
24.0631,2.4380512157,-65.6775809077,1.65989632632,-2.55015,0.813444,0.959164936649,0.72354299955,-135.761756275,77.8603727513,0.0441049,2.43942,11.0316914946,212.378508752,0.120732764266,2.43661857898,-0.63992561021,324.735154412,44.3486991297,108,144.162339035,2.43685,185.030852796,30.6686
24.145,2.45079447232,-53.9648253861,1.16098375446,-2.561,0.811543,0.467574073251,0.563841762414,-38.7864570663,12.5749620775,0.0378538,2.45272,-20.2498306104,6.75724512391,0.113249726278,2.4492239691,-0.17097081695,224.963191338,17.9615163049,109,111.351032535,2.44917,87.9123341084,30.7959
24.1892,2.45308382996,-59.5365274395,0.722400299665,-2.56077,0.805878,0.14746304609,0.358981174489,-68.4627107937,34.8222053567,0.0385446,2.45597,-1.20509674898,57.8211264523,0.114455466718,2.45148098774,-0.299469793221,138.419838703,3.58435537159,110,71.2808163248,2.45204,24.2917301917,30.9347
24.2712,2.48080654232,-50.7019221943,1.31082748326,-2.59244,0.767,0.573689051662,0.509425191249,-43.4050528014,34.4620468597,0.0372749,2.48371,1.45967038877,67.858095328,0.114543021528,2.47924712737,-0.192586741939,259.407573274,23.1124724453,111,102.362815263,2.47979,110.989831266,31.0525
24.2975,2.49589826723,-26.2342011973,0.839956874531,-2.60019,0.826542,-0.0345912569318,0.171156794759,-100.857794348,17.2278407153,0.0402747,2.49801,3.59174024537,36.5529347964,0.116906352129,2.49430295618,-0.451231143179,164.491437218,-5.34986900941,112,34.6626197235,2.4937,-14.8530563485,31.1225
24.2967,2.51404361633,3.76215606447,0.771519130121,-2.6212,0.760007,0.203735017567,0.406727751979,-85.5063967247,53.9312779342,0.0385414,2.51691,87.7261045207,138.509318556,0.115211586545,2.51243758127,-0.383631814216,149.094336634,7.94626489234,113,81.4634305501,2.51266,35.1923159303,31.1876
24.303,2.53625663559,-8.58564530389,0.141842093992,-2.65104,0.849995,-0.417613259409,0.212067529729,-212.536132039,59.8406421768,0.0391547,2.53829,43.7899400016,185.480664107,0.116555526533,2.53465075188,-0.999847229156,20.5223625765,-23.7877717499,114,42.8135274315,2.53457,-94.0855513185,31.2209
24.3118,2.56136681495,-53.3515999929,0.140556298111,-2.68277,0.820319,-0.035583445443,0.0539381797052,-33.7226833728,42.3065259395,0.0399536,2.56412,-15.9376499204,82.7087268845,0.116293303234,2.5595574619,-0.148379415225,24.7853959191,-6.82231511584,115,10.7519816164,2.55951,-10.9823434996,31.297
24.3045,2.58348775877,-96.2093037818,0.241620354932,-2.70058,0.786187,-0.185215355061,0.202546916634,-118.458408383,26.1873182962,0.041641,2.58526,-59.3587414214,-17.0753211877,0.122211085346,2.58226013763,-0.547280757357,42.3905587355,-16.7509609589,116,40.7466507964,2.58259,-41.0208125493,31.3698
24.3009,2.58311743536,-95.1456575993,0.612549777017,-2.69254,0.799167,0.0268551287192,0.128952072281,-32.8815466407,32.2432892581,0.0404702,2.58415,-12.1502021054,36.8796025155,0.117256404379,2.58146594823,-0.144328700822,119.207693043,-0.419972628432,117,25.3714442864,2.58072,1.27453563921,31.4207
24.3019,2.6006122495,-22.4815991098,0.073551914861,-2.71705,0.859882,0.003225651939,0.0464526451375,-36.897999806,7.93380537122,0.0435169,2.60309,-8.4118461894,4.95180106809,0.123058694188,2.59923973797,-0.149880148707,9.4041967115,-2.05780643921,118,9.80490418464,2.60086,-4.80429336016,31.5235
24.3216,2.61898265993,-36.6800510956,0.0201407713585,-2.74176,0.813289,-0.0413800593411,0.0249251670982,-26.961134901,13.4402378865,0.0475834,2.62196,-8.97370070372,4.58294113257,0.12687835581,2.61737279042,-0.121399394075,-1.60416187752,-7.73683035388,119,4.54865613326,2.61927,-13.1209170987,31.6408
24.3751,2.62119200872,-19.881220616,0.048584647311,-2.73684,0.84604,-0.0519288915019,0.0338103454328,-27.3811949768,9.60546614175,0.0422386,2.62357,-7.53816564168,14.4123488221,0.123018354943,2.6195806365,-0.123729796852,5.90613505143,-8.9335322246,120,6.49691001701,2.62077,-13.5748918737,31.7371
24.4457,2.63094589302,-23.9934796204,0.0338929432621,-2.73274,0.812516,-0.0374164420376,0.0288825076656,-30.9542393115,9.68832367486,0.0496066,2.63224,-8.37585047596,8.57978579608,0.132967749331,2.62911064586,-0.139948173626,2.77972113943,-7.43837343488,121,5.49977892774,2.62974,-11.1185133304,31.8715
24.545,2.66736585506,-17.5867348485,0.0453502690765,-2.77975,0.902439,-0.0417919416643,0.0350844634105,-27.0288797832,8.81419314319,0.0478324,2.66967,-5.96905155356,15.3597472063,0.129652717737,2.66574284098,-0.117413909589,5.05564287472,-7.63980042926,122,6.86728877655,2.66731,-11.8910535749,32.0279
24.6383,2.66385036012,-18.2557543447,0.0673995275164,-2.7665,0.860358,-0.0217136504102,0.0281590502221,-24.5662022814,10.4563407564,0.046152,2.66658,-4.58104002488,18.8611990999,0.126077231324,2.66231601052,-0.105972854741,8.96538315586,-5.20268168333,123,5.59881892456,2.66409,-8.95910057569,32.1313
24.686,2.67222048085,-100.339948656,0.145135358153,-2.77868,0.812132,0.0633885051756,0.0353433973937,-10.2012698977,26.8577597834,0.043034,2.67466,-0.56232081686,25.9200789349,0.122833145606,2.67026930922,-0.0293254682697,25.2595756149,6.87909025389,124,7.57618474571,2.67173,8.94186964797,32.2234
24.7581,2.6873178976,-9.29338310216,0.150907988351,-2.79084,0.914247,0.0754081060077,0.0312176537966,-11.2752638468,7.38051181258,0.0471839,2.6911,7.62103029182,20.255043866,0.126271958153,2.68513327042,-0.0399348068275,27.5065875087,8.88553690311,125,6.42070568601,2.68772,12.0367285128,32.3459
24.8224,2.70254265184,-2.4176814936,0.159342169584,-2.80856,0.880931,0.0864632934446,0.0296509738885,-4.12884515533,8.45419202056,0.0467524,2.70625,11.7472182475,30.2555011378,0.126100078067,2.70024402432,-0.00357766462266,29.3502720927,10.6870486031,126,6.08885030607,2.70239,14.6362585108,32.4748
24.9006,2.70773867946,-4.07444664868,0.194821411388,-2.80161,0.891997,0.114637853325,0.0310759041267,-3.86507034108,9.48354846459,0.0490889,2.7088,9.62263346598,24.7703388473,0.132210965618,2.705383827,-0.00422405384504,36.124340728,14.6279620601,127,6.24374486977,2.70553,20.1078140869,32.5799
24.9562,2.72395214333,-22.1872413681,0.202201716374,-2.83547,0.81975,0.105882594566,0.0318733766437,-0.18010140832,10.7111723867,0.0488236,2.72648,6.94635570611,25.2191645005,0.130210527926,2.72140163103,0.0122182352549,37.7160831498,13.4622884665,128,6.44836395495,2.72256,18.6365645193,32.7751
25.0115,2.74433537455,-10.765179893,0.165073702674,-2.85693,0.852141,0.0777480155278,0.0315711518211,-1.69190610221,9.22667509889,0.0486115,2.74697,9.01871886735,25.9998893616,0.129632038054,2.74209274678,0.00476354763699,30.4151220916,9.41458994445,129,6.44142635278,2.74313,12.798073132,32.9128
25.0876,2.74820690347,0.958464022881,0.174095747961,-2.84551,0.875368,0.0853443451988,0.0305607311018,-4.76286104995,11.2720032303,0.0504052,2.7511,17.3544026653,40.1907349133,0.133232791482,2.74613173321,-0.00479265209825,32.1646459618,10.4433794165,130,6.20238582073,2.74727,14.0739381432,33.071
25.1609,2.75317461738,0.458999867054,0.154390398805,-2.85805,0.856398,0.0927271985992,0.0256641152195,1.96811972427,9.02474595706,0.0467072,2.75669,14.3292691438,28.6852582401,0.127486455877,2.74997441729,0.0240602388184,28.4372755975,11.7902310559,131,5.11226450867,2.7512,15.5951571432,33.2432
25.2053,2.76210201097,-28.3345933589,0.165526389683,-2.87614,0.843536,0.0803259966388,0.0267465444887,-1.3498620572,13.4523506011,0.0477379,2.76538,9.91662126841,40.1054264762,0.13040592636,2.75881177407,0.015725428729,30.6697823848,9.52198394054,132,5.51614803897,2.76002,12.5133118721,33.3578
25.2733,2.77780927133,-0.230813970245,0.172596438072,-2.88176,0.858527,0.0925317219275,0.0271973711379,3.03534096716,8.43489337864,0.0546826,2.78055,13.6474729289,30.0449367725,0.13863254976,2.77499656457,0.0296152160174,31.9029073055,11.7741742268,133,5.46505035451,2.77602,15.7728542071,33.506
25.3179,2.78648941247,4.44509271438,0.183877440102,-2.88161,0.795602,0.100686831087,0.0276514890984,2.29965785393,5.22318780257,0.0543191,2.78835,10.3804980136,23.272424234,0.13917576871,2.78304112659,0.0266533710988,34.2711959994,12.485514642,134,5.63569422174,2.78385,17.2179266239,33.7007
25.366,2.77914552965,-5.08911015791,0.132061050927,-2.87814,0.807404,0.0671812228144,0.0209818394826,-0.0891011400506,9.54890618319,0.0534558,2.78204,10.6269102506,32.6710440207,0.137486460041,2.77579131608,0.0146525008485,24.1315687117,8.17902248533,135,4.32324799084,2.77665,10.8350768499,33.9357
25.4105,2.77996623482,-16.2956123166,0.171441700713,-2.88543,0.825835,0.10411122261,0.0271505134941,0.367969704835,10.9965976193,0.0526458,2.78362,11.2670587055,32.9955496574,0.136163336609,2.77615254357,0.0170067728591,31.659212593,13.2100950075,136,5.50556787078,2.77745,17.8659681234,34.1649
25.4017,2.80850238562,-10.3454746402,0.178232831823,-2.91507,0.780546,0.0850960100975,0.028715925727,-0.652467293803,9.76245764211,0.0552051,2.81214,7.74498744026,20.9511014154,0.138829988045,2.80442943609,0.0117562480281,33.4785938586,10.4356476876,137,5.84340399547,2.80575,14.1568630429,34.3155
25.4186,2.80200727428,-11.1428647838,0.201011191741,-2.90535,0.816152,0.0994961437344,0.0329899534398,1.01464830331,9.73445387506,0.0516848,2.80569,11.8801150039,26.3220333967,0.134317875649,2.79774233239,0.0219196401487,37.0342185093,12.106428271,138,6.6962167391,2.79881,16.7162868961,34.5411
25.4168,2.79694312582,-71.1597101554,0.180787230721,-2.89894,0.842594,0.104512177947,0.0299809817433,3.08009031707,24.0440591546,0.052377,2.79971,-2.40398795142,32.7048224938,0.135012238347,2.79160866285,0.0325840120482,32.7696480311,13.0028278029,139,6.07303456068,2.79217,17.9307541365,34.703
25.4322,2.7845686983,-81.3881540395,0.160351999322,-2.88986,0.864456,0.0996709590849,0.0260212208761,0.604305965147,25.5458234036,0.0548151,2.78682,4.29730211207,25.0528809259,0.137326745119,2.77970196484,0.0239901452554,28.5110556126,12.0640436407,140,5.29580088342,2.77975,16.285092949,34.9043
25.441,2.77077034535,-110.911099715,0.21797015207,-2.86608,0.820614,0.118859162392,0.0315079067359,4.03916536337,32.6086797495,0.0571597,2.77443,2.03316092819,26.1450176209,0.139528291254,2.764919815,0.0364247464882,39.9284924768,14.5827782154,141,6.21454919197,2.76432,20.4664288019,35.0465
25.4487,2.74932922566,-280.640891128,0.966318286609,-2.83925,0.81255,0.113809507691,0.214175046209,-181.027467904,111.848228801,0.0522433,2.75459,-83.4317466986,20.4105750846,0.134526839677,2.73901030754,-0.847826432772,185.257889902,10.7956965918,142,43.2172489212,2.73932,17.484593043,35.1961
25.506,2.74865561757,-161.577803655,1.70386293522,-2.84938,0.831349,1.35950994415,0.443680452351,-22.6510722758,121.517570098,0.0522162,2.75234,30.1628958233,275.241488969,0.134134151073,2.73562865583,-0.0967855572889,335.770108004,74.4581585987,143,88.4815649016,2.73571,267.234504345,35.3573
25.5341,2.75797947675,20.1322814094,1.56892945942,-2.86753,0.832983,0.323268464725,0.521094509421,-153.820736208,84.8881212233,0.0488833,2.76014,123.603726945,266.47104447,0.13066709632,2.74582555667,-0.723542637201,307.820055826,32.0915798475,144,104.79891487,2.74501,60.5663459584,35.3871
25.5846,2.82005292303,45.058928875,1.68303109552,-2.93858,0.809635,0.116518926734,0.469964875972,-133.104340898,63.9465798031,0.0566427,2.8233,105.203307833,216.471875446,0.138115623556,2.80932503517,-0.642663014761,331.741173744,2.57814106527,145,94.1203808936,2.80913,18.6624372798,35.4929
25.6327,2.8421087333,-19.5095203644,1.75678483385,-2.95501,0.813058,0.423211905411,0.701903449166,-129.0153597,32.1529319119,0.0509221,2.84316,29.0948894524,72.7420328904,0.132324148495,2.8310869653,-0.621719286698,344.853079961,17.7718343123,146,139.808097242,2.82976,79.1400621843,35.5898
25.6678,2.88954530139,61.6691219402,1.59790912067,-3.02439,0.845318,-0.128099761017,0.658713410167,-237.026563069,96.2748983009,0.0544546,2.89109,149.188360842,312.150300745,0.134316755997,2.87818886431,-1.14654523608,311.910038544,-20.8986723939,147,131.662971553,2.87764,-30.5716631677,35.6886
25.7628,2.90143023633,-147.553569456,1.59531276716,-3.01489,0.858499,-0.278144842446,0.472149543374,-277.231024729,141.526379697,0.055786,2.90253,79.3066491439,326.4421489,0.135729113604,2.89050404076,-1.32086432094,314.331639833,-31.4810956912,148,96.0465954262,2.8901,-61.8766275963,35.8453
25.8166,2.93503629792,18.5741160546,1.70105224712,-3.05522,0.834477,-0.0288939926234,0.7202652414,-179.195850751,52.3528964735,0.0588806,2.93646,84.3834033614,179.555147434,0.139860032037,2.92439101693,-0.84377818121,333.503450318,-11.8290100172,149,144.43365977,2.92397,-13.300036959,36.0057
25.886,2.96698033729,46.030880245,1.57821624282,-3.08537,0.786755,0.146160810495,0.683557485126,-141.570279125,37.0959097541,0.0588567,2.96837,115.065989627,153.401612807,0.13811812187,2.9565168468,-0.66693523471,309.974536705,-4.27137944655,150,137.095897687,2.9561,22.8899181995,36.1182
25.9534,2.99103408729,-90.4957804333,1.93408811032,-3.11536,0.807335,0.892617782147,0.569643030406,-93.8620311627,89.6396202297,0.0685743,2.99237,26.0577745271,185.453093632,0.142577417707,2.9807489844,-0.430448387499,379.849171222,60.2023555029,151,113.593472798,2.97989,172.710050223,36.3375
26.0039,3.01524396775,-91.0061860159,0.903125023288,-3.16358,0.783962,0.52310341889,0.283510166298,-135.336754117,111.760915678,0.0646558,3.01694,109.484434514,233.012638531,0.143853243292,3.00538495511,-0.629514400907,174.847976791,40.8128069825,152,57.8577640965,3.00536,101.274224737,36.5039
26.0691,3.08247205986,-4.3871387251,1.82503729895,-3.22483,0.797621,0.0331700435151,0.811268489991,-154.437114525,94.8433304122,0.0651332,3.08383,108.752887678,252.263079333,0.145674677653,3.07356874678,-0.741523739197,360.230901451,-8.34857031508,153,163.414258533,3.07317,1.20578388836,36.6808
26.1112,3.10697057626,-32.1412404492,0.828999876726,-3.24363,0.827331,0.365821369746,0.163181404846,-14.7752384497,46.3276672005,0.0642745,3.10743,37.2555527489,155.993625217,0.145534224641,3.09694571089,-0.0496551025557,158.663323247,35.9789144813,154,32.2569656108,3.09622,70.4784418833,36.804
26.1474,3.15902737182,-36.1252989651,1.13888604703,-3.30667,0.808479,0.534665986852,0.324595380297,-58.1093220636,91.3219127534,0.0728836,3.16089,63.8301654767,238.92888117,0.150506446982,3.15044114365,-0.267598024595,222.981309531,30.2482307986,155,65.0845554183,3.14974,103.164058469,36.9865
26.2025,3.20608218382,1.55380948406,2.10944746844,-3.35331,0.796326,0.807611237231,0.665666648373,10.6092600991,54.491259755,0.0723243,3.20756,67.0698092038,175.551054726,0.152993130471,3.197095325,0.0634114148536,417.496847146,55.4473005598,156,131.756052039,3.19676,159.305784291,37.1089
26.2269,3.23956252192,-13.375757771,1.21928563322,-3.39159,0.800644,0.233759555838,0.526046939857,-114.002020974,66.5645918051,0.0773063,3.24106,51.0138474844,175.124277948,0.153360696822,3.23169745336,-0.53916189424,237.89634805,3.75831080132,157,105.392644107,3.23111,40.8126138711,37.2547
26.2869,3.29802252025,-79.9910025464,1.41938046067,-3.45128,0.853386,0.462886643918,0.246992526779,32.2590868243,93.4803632795,0.0803608,3.30005,59.1626294723,179.618310439,0.155901473162,3.28935095454,0.17058876843,278.756262768,45.2399510145,158,48.7221300576,3.28884,90.363004777,37.44
26.3465,3.33358403879,-55.685334265,0.722283717122,-3.48256,0.796475,0.329806606703,0.245625904031,-93.1839196088,66.7127116438,0.081513,3.33571,59.7967391909,126.784994513,0.157546081785,3.32415768695,-0.416467738801,142.066889522,32.8216598562,159,50.8885565196,3.32375,62.8708017833,37.5593
26.4039,3.40162801614,-92.8286592345,1.283588404,-3.57521,0.826719,0.468580872613,0.326231355393,-35.8302853294,62.4240323668,0.0847358,3.40365,37.980005046,89.6207471863,0.162472938594,3.39376226828,-0.166329611051,251.023783773,29.7293619401,160,64.7897526177,3.39349,90.6180439255,37.7313
26.4858,3.44073501612,7.00642632849,1.98407945811,-3.60488,0.76746,0.402592197844,0.237039535541,-56.9051954756,21.4168755811,0.0861091,3.44232,36.9267953452,61.7222565709,0.164427964738,3.43217677153,-0.242535964047,392.581848238,40.3334082975,161,47.4695507633,3.43186,77.971831137,37.8112
26.5125,3.46473058235,-96.3657830856,1.33905378398,-3.61257,0.838346,0.446745211516,0.237941585158,-12.5744226439,68.7768098588,0.085739,3.46628,36.5973299331,119.068751994,0.164868898496,3.45483196836,-0.0538212555546,261.526455197,33.38917846,162,47.0209544256,3.45416,87.0672811618,37.9599
26.5815,3.51940776763,-86.0661294317,2.02792054163,-3.65297,0.825349,0.857334554426,0.655339027907,12.1138597162,108.72366114,0.0799526,3.52137,44.9170017396,263.475866712,0.16084163732,3.50963123583,0.0552322296799,402.095555409,57.7896691048,163,130.211238431,3.50918,168.856605572,38.0967
26.6404,3.55302496972,-2.96455855698,0.7300494669,-3.69666,0.830206,0.341409378247,0.224090009092,-50.9509725139,50.0927101193,0.0859522,3.55536,56.6755283914,176.3029207,0.166815561206,3.54263117907,-0.217855029648,143.56667271,36.1338755587,164,45.7461042415,3.54233,65.5089718563,38.1597
26.7164,3.58615269921,6.3252172289,1.27544934264,-3.73027,0.798946,0.575066409999,0.299029326502,31.3935631672,107.814849254,0.091949,3.58873,140.069858053,300.219142028,0.167619866705,3.57738829788,0.167233531588,248.959134126,50.2276226709,165,58.4251751399,3.57749,111.934104146,38.2149
26.8031,3.63687250337,25.7505691057,1.17061473417,-3.79133,0.837808,0.684694671761,0.238086267783,39.9258513658,98.6755295264,0.0877134,3.63909,125.849276855,278.260349567,0.166761988649,3.6278995507,0.207975408417,228.701876555,60.2883312301,166,47.0406732256,3.62756,133.668242145,38.3801
26.8575,3.69427026711,-111.421586452,1.21143377313,-3.82848,0.825703,0.41073665006,0.221468201904,-63.6187501005,125.728236225,0.0985929,3.6963,32.2454532119,257.434539701,0.172136536569,3.68445788324,-0.283120784675,237.422310085,36.7841679792,167,43.8180522521,3.6839,79.3343373072,38.5448
26.9212,3.70567265286,-21.849301519,1.25365087192,-3.84677,0.85618,0.473883571567,0.215573242891,24.33824872,80.8849278221,0.0937498,3.70884,78.2778768551,230.435696012,0.171395976288,3.69561876247,0.126103389884,250.508303299,49.2542893047,168,42.8681261837,3.69566,92.8130240033,38.7431
26.9745,3.74011033158,33.2587091273,1.70511776433,-3.88811,0.82799,0.627759928845,0.388865425354,44.4491853659,93.6546373395,0.100271,3.74284,153.02471785,288.263620683,0.173585738861,3.73032709357,0.228980074583,336.200302961,55.2132864458,169,76.93063048,3.72985,121.998097851,38.9193
27.0537,3.80877446412,68.0885389405,2.16554715725,-3.95683,0.784546,0.688897103946,0.375970745772,39.0298122485,74.51254836,0.0997999,3.81165,137.581447438,244.413285211,0.176602249665,3.7990446115,0.202686176004,428.289816461,58.3787167401,170,74.6545701809,3.79924,134.639582397,39.0701
27.1386,3.88303177566,-26.3272499577,1.56719235144,-4.03278,0.777093,0.990182874578,0.453359017431,25.0443784888,97.7395142817,0.102675,3.88519,106.46939908,258.299177591,0.177058641886,3.87442036079,0.147667602302,309.70593435,68.8295139179,171,91.1014019964,3.87419,194.576128744,39.1519
27.1791,3.92797870003,-74.3952991137,1.97155256564,-4.08723,0.75724,0.945204208783,0.47841374761,40.4251240463,132.289805098,0.116365,3.93076,91.7291755399,270.184970418,0.186437098631,3.91868033384,0.210300006162,388.867494082,67.0764844382,172,94.5364032053,3.91823,184.338817549,39.2531
27.2315,3.95521718315,-120.378475321,2.36528668393,-4.12471,0.76626,0.884677765294,0.634735028702,-79.6239581518,74.9292727644,0.123999,3.95801,50.3209879334,196.554713701,0.187623237577,3.9465957117,-0.36017067629,467.317984915,60.5678942973,173,125.633052484,3.94642,172.923134775,39.35
27.2848,4.01831520493,-96.578201005,1.41580816462,-4.18795,0.83116,0.793764278886,0.332199868295,-102.160680965,119.15292975,0.113814,4.02022,86.6258655489,278.056537068,0.189123721448,4.00720491724,-0.473987477136,279.453237397,67.0442516197,174,66.9519290283,4.00664,155.257935375,39.472
27.3224,4.06791688565,159.707451124,1.71095533071,-4.23736,0.789944,1.02566021885,0.445889058694,22.8062045185,67.3211009834,0.125856,4.07023,211.87438271,341.70956489,0.192889914945,4.05847933738,0.148969374873,335.635948024,74.8754513725,175,89.262290069,4.05801,199.957462819,39.6113
27.3428,4.15918079159,-4.66245576478,1.37096706572,-4.32098,0.84995,0.831208784955,0.380852566004,44.5910746959,73.8178900652,0.123878,4.16171,64.2320529139,231.031160092,0.197268833905,4.1492654961,0.234597016923,270.302103779,71.4807351499,176,75.4393960137,4.14872,162.994250502,39.7183
27.3761,4.22414893695,0.726651315605,1.31397615879,-4.40154,0.80912,0.761464222107,0.4327847115,-105.930224984,83.7981292174,0.126044,4.22651,139.256360871,244.641730588,0.198390410175,4.21269993584,-0.485959359774,259.97485561,63.8945453965,177,87.174731756,4.21202,148.371323777,39.8582
27.3915,4.27321561877,-7.54291869985,1.52824506518,-4.45822,0.762816,0.868715883015,0.504616263688,-92.0363116735,63.114259687,0.135266,4.2762,59.9636466972,195.610355533,0.20274763711,4.2632941995,-0.416582591548,300.81895645,63.6127142302,178,101.758989192,4.26297,169.572866366,39.9809
27.4352,4.3376011745,-5.01743892086,1.99491365112,-4.51449,0.799295,1.07175915521,0.612198612662,-80.4830039681,116.997872901,0.131635,4.3402,146.904713636,268.812837021,0.203434886345,4.32687260538,-0.381633891309,392.001943781,68.3806768151,179,122.351983357,4.32634,208.868184356,40.1768
27.4788,4.42022247738,6.26092219047,2.18790262221,-4.59175,0.850191,1.17888955366,0.506913720355,-10.8790408246,79.9741922541,0.119645,4.42292,74.9629383414,303.911150583,0.199986669688,4.40956746821,-0.059990982748,433.211017489,83.2051185625,180,100.947016911,4.40936,230.683257624,40.3038
27.509,4.4458780071,51.314435449,2.40433155174,-4.6052,0.864302,1.28013384119,0.501164763334,-57.5883802109,69.4474537969,0.147447,4.44868,189.262871517,274.90621561,0.209274801755,4.43500814958,-0.263402210211,478.367372719,75.9385100014,181,100.936795915,4.43492,251.450915472,40.4291
27.5316,4.49300102964,-47.2011767662,1.64655254437,-4.66906,0.787116,1.00525727159,0.254419201543,-5.99682123795,104.018348948,0.134763,4.49701,92.8370737002,274.229494719,0.209279312644,4.48152097146,-0.0199702286498,324.234936436,80.7256533848,182,51.0620288703,4.48189,197.658016887,40.5496
27.5427,4.55973251327,6.74004022363,1.43043515325,-4.73652,0.831113,0.707411820386,0.376168680465,41.171776622,62.6956388517,0.141262,4.56181,70.3858777908,196.053123577,0.209777181056,4.54824238148,0.213391592277,278.937678009,62.8476465585,183,73.8862111598,4.54761,137.912376089,40.721
27.5925,4.62144656683,-10.9225776343,1.95630632996,-4.80555,0.788543,1.24221818786,0.368084690291,73.7537920315,119.669621792,0.154642,4.62504,132.369841387,376.708832934,0.216392154232,4.61099621763,0.387412923291,389.35692843,85.8674855185,184,74.7925905354,4.61171,243.462470135,40.8497
27.6376,4.66146110928,3.5674697345,1.81888554138,-4.85367,0.786916,0.798883926434,0.653018761492,-128.835790152,88.4343660979,0.153928,4.66524,120.041628503,239.602066981,0.216214463353,4.65138327059,-0.607326993058,361.042135295,54.1543714621,185,130.88999473,4.65217,154.940045943,40.9535
27.6708,4.72761615161,-2.48821668959,1.52928368701,-4.93747,0.807053,0.948323443001,0.40717897187,35.3409321381,67.8876336989,0.142359,4.73038,98.1918135501,196.034647991,0.211856910648,4.71658059487,0.181455402786,304.11318929,69.328981255,186,80.9748486116,4.71655,186.257811857,41.0592
27.716,4.83385126681,127.056493882,1.91843563631,-5.03689,0.815841,0.943557612989,0.523213968813,38.8306708914,43.1546289756,0.155389,4.8377,209.450923457,259.746818786,0.218999086589,4.82313587525,0.202703934547,381.007695414,75.3565432003,187,103.054673695,4.82373,184.615213482,41.1352
27.716,4.88345457356,16.2495280291,1.6757235323,-5.10256,0.760128,1.1275707075,0.373739917677,-16.8299895122,118.845801065,0.160229,4.88759,142.861386868,367.020807629,0.222132353398,4.87092589214,-0.0433016035723,327.464595246,85.5130367138,188,74.0529333688,4.87201,219.756996259,41.2206
27.7378,4.97091107295,-6.31073879461,2.04160688127,-5.20643,0.826231,0.74314916182,0.363962221066,36.4314293113,36.3115471631,0.182024,4.97488,35.3198281387,97.5735409332,0.232807647526,4.9606340889,0.19029766863,401.391539223,66.1538518092,189,72.1006515048,4.96081,141.385796719,41.3085
27.779,5.06123789284,-2.97155201917,2.00298401554,-5.2929,0.805757,1.28298222046,0.309995624377,52.6014964454,87.945949479,0.161127,5.06518,77.8365136103,287.242748885,0.223755710962,5.05223896904,0.27227303609,394.711881997,92.4707625316,190,61.8451009838,5.05291,250.336233933,41.3788
27.8206,5.10395550692,7.17619976233,1.97832902908,-5.32577,0.762674,1.37734907735,0.412328660866,78.2977500531,68.1004299566,0.188847,5.10687,95.6595189597,188.760439276,0.232856774327,5.0935623184,0.417892405744,390.340864911,87.0125756556,191,82.958275172,5.0936,270.351762856,41.4586
27.8835,5.19606086801,7.34389302458,2.46655716253,-5.44023,0.858666,1.35603568741,0.526891965984,39.6906360605,88.3579040317,0.176376,5.19871,77.6044522694,282.314173186,0.230220208511,5.18708249979,0.206415092684,486.076189808,91.7481506602,192,104.076976592,5.18672,264.180111159,41.5496
27.9329,5.26499442795,-7.39621325755,2.22975840783,-5.52532,0.813049,1.14925420179,0.577340373635,-313.408672345,97.0302180476,0.179867,5.2689,113.428740884,290.349109943,0.233685069373,5.25795975214,-1.55233480532,441.221357109,77.4083607044,193,115.365162176,5.25884,225.644367546,41.6303
27.9825,5.36798979898,18.5546237325,1.54692060149,-5.63258,0.813283,1.08150195567,0.326081075277,43.6247165294,23.8637882699,0.189999,5.36989,50.3137615456,92.0641685273,0.235843782544,5.36111857488,0.238273022406,304.263734182,74.6419771858,194,65.5251834551,5.36055,210.910206733,41.7251
27.9842,5.45443879978,56.8058388471,1.7045718661,-5.70221,0.847652,1.17904636641,0.547811136756,28.3681339534,77.4963344723,0.175517,5.45875,141.715227905,261.861712702,0.235153140918,5.44708173356,0.152014001956,336.581622456,83.9243949363,195,108.258702842,5.44803,231.804197509,41.8299
28.0153,5.50770354989,-9.05351430354,1.55625957503,-5.75095,0.796523,1.13253988818,0.172504713984,161.223680405,119.570711327,0.173065,5.51036,110.136221657,323.110685253,0.234691636278,5.50057174865,0.830911581081,305.258898074,76.6190413425,196,34.1185689017,5.50004,221.342009385,41.9749
28.0429,5.58839645892,0.5447151756,2.21533717663,-5.83732,0.770629,1.56732628356,0.384940985106,57.2504365111,82.9432949698,0.19996,5.59212,87.2059111802,244.926741981,0.246068602049,5.58205727288,0.295763802953,438.166754746,99.9747509419,197,77.5187984922,5.58187,307.54864347,42.1254
28.093,5.66392999752,15.1640256023,1.65269914788,-5.93083,0.818496,1.39024155842,0.301982718016,38.369818493,65.7402750746,0.224826,5.66691,91.8644899094,212.525952862,0.254468246536,5.65690891146,0.21790923796,325.377773196,73.5552303113,198,60.2675100044,5.65633,272.64239919,42.206
28.135,5.70961398136,-5.51295499615,2.13223213412,-5.96829,0.75946,1.53765335995,0.423101601234,48.4705698256,49.2699703352,0.205574,5.7117,68.6494919461,138.761141227,0.248314832466,5.70254908447,0.253961673749,420.645656287,97.9362577234,199,83.9505083984,5.70155,300.697598265,42.3347
28.1792,5.79429463901,0.370544182383,2.58991461061,-6.04722,0.84088,1.96612347118,0.402798494799,70.1622798493,126.827381625,0.219653,5.79683,122.402436864,313.140014178,0.252696575536,5.78783948216,0.36213606126,511.590749161,117.060099317,200,80.2571642531,5.7874,387.21883489,42.4805
28.1955,5.85026659517,-8.09401168735,1.97873596126,-6.11759,0.785768,1.55490524714,0.380906416242,46.5031900756,107.243475151,0.238559,5.85246,89.6828363344,314.337237541,0.261975951455,5.84433366468,0.241491329801,388.216461661,103.299420947,201,75.0471317485,5.8427,303.427984971,42.594
28.2367,5.96113065009,76.7411833188,2.58217654083,-6.22667,0.863941,1.95478552075,0.354050537461,71.0839816969,142.402938694,0.231513,5.96444,259.294366134,414.591976952,0.259327691257,5.95638526507,0.365220329296,509.665938059,122.800423418,202,70.0028208521,5.95657,384.557075101,42.7731
28.2361,6.00217930374,-2.93065360795,2.23084877583,-6.27092,0.78149,1.64685073554,0.412300736151,60.5820286543,98.7145674474,0.219915,6.0044,97.2958888358,260.176826194,0.257033741521,5.99702427262,0.310824371004,439.247981841,102.478305091,203,82.0685419657,5.99625,321.939737594,42.8964
28.283,6.07855624891,78.7759845813,1.86051960495,-6.35491,0.780204,1.43830279687,0.288390998578,42.8343856224,112.652891054,0.236841,6.08171,258.800615329,378.151014549,0.26476162772,6.07425322194,0.222911081955,365.847209018,96.6167110416,204,57.7076707652,6.07432,280.224141649,43.0379
28.3282,6.14477619589,6.66857715628,2.0299975375,-6.42474,0.789887,1.32003493635,0.472092973272,17.9555169667,150.721163559,0.257844,6.14647,155.774191787,370.442989571,0.273659756299,6.14088971125,0.100623791446,399.47652316,87.5603889416,205,93.2021113938,6.13988,256.704427356,43.1561
28.3645,6.24972089416,-1.83990061345,2.29471659786,-6.55054,0.78352,1.66257389966,0.377626649014,52.7140196159,175.289202289,0.301627,6.25344,260.987982615,508.978890113,0.303367130873,6.24579932108,0.272386321702,451.881833101,102.441088509,206,75.4062235852,6.2457,324.073686601,43.3793
28.4039,6.40230455806,-34.9084938081,2.40710973408,-6.7287,0.764267,1.84760257459,0.282099561116,189.560534533,100.394342071,0.296742,6.40379,66.6761137479,259.344780088,0.289580522268,6.39868562366,0.992993638224,475.815239393,97.7983642208,207,57.1919393665,6.39809,363.525992546,43.514
28.4934,6.47301658752,98.8327228791,1.67239262261,-6.80233,0.866783,1.15922366934,0.212619381864,161.593167124,98.3695724201,0.307405,6.47516,255.062905177,391.223392068,0.292512746154,6.46942724861,0.829197969538,328.11031897,73.8516397905,208,41.850396434,6.46888,226.810838289,43.6668
28.533,6.5692885677,20.2727955966,1.77583783461,-6.89526,0.853176,1.20792743301,0.184231955802,47.5617688343,121.187869153,0.31126,6.5711,225.463430832,394.77190758,0.299649551762,6.56532433736,0.253829229751,348.999841148,86.6143223279,209,36.6918265663,6.56436,236.318161242,43.7876
28.5675,6.67195621533,18.6985045811,1.77756399022,-7.02986,0.794163,1.51633853047,0.0779707636687,243.1353005,70.22537328,0.342355,6.67219,112.113271959,231.2778477,0.309324672452,6.66844412082,1.24535938016,351.150367342,93.4310752047,210,15.7932827714,6.66606,299.664537731,44.0219
28.6554,6.74573319806,-0.130830271016,1.44121599762,-7.13845,0.773458,1.05976466035,0.27115401108,41.8367558387,114.630543023,0.404661,6.74515,114.394272649,303.437172618,0.32391240958,6.74160032613,0.231175472848,283.252702369,68.614455789,211,55.4133266325,6.73821,205.743631102,44.1942
28.7388,6.86355255617,84.347765964,1.6794377648,-7.23198,0.828595,1.31510232472,0.221006251023,118.979138646,118.324981295,0.408985,6.86509,209.549710291,425.701695393,0.329468274563,6.8596076193,0.63465983653,329.406445589,82.8283345164,212,44.6941440803,6.85835,257.121346321,44.3026
28.8094,6.95007257028,2.8757381511,1.34744664321,-7.32781,0.779147,0.984642689584,0.289837520992,42.148663096,68.3005587032,0.417029,6.94971,104.26751559,188.207560207,0.32967001388,6.94619579013,0.23488040098,264.987798874,62.6795650202,213,58.0919154365,6.94335,191.832145651,44.5029
28.8312,7.07760135679,13.5078229475,1.37893802685,-7.4725,0.803074,0.963833598998,0.225535690209,8.09063706853,81.8441426228,0.359434,7.07706,152.348253602,254.967638361,0.317051829957,7.07266853269,0.0649340939935,271.062763971,70.1862195176,214,45.2173462058,7.06984,188.987970024,44.5858
28.8911,7.22183514765,72.2767844045,1.46898018486,-7.60255,0.823248,1.22149866598,0.215993232476,-8.69832203236,61.9567267392,0.371175,7.22188,169.943705016,247.304877902,0.317706917731,7.21708348837,-0.0147834734765,287.90444739,73.2423036438,215,43.2001138241,7.21461,238.33076534,44.7603
28.9757,7.3153369892,14.9108159,1.67743429999,-7.67543,0.803115,1.09136907185,0.396266651902,23.7298938811,107.951589474,0.38857,7.31637,128.839106383,262.54091739,0.323298472268,7.30994815765,0.144637032206,329.704750931,62.3153186344,216,78.9879531356,7.30854,212.152149326,44.8734
29.0268,7.38701982579,-10.2567540666,2.10469924406,-7.72889,0.861555,1.45036813432,0.404126902369,33.6110465776,111.926534395,0.376282,7.38664,100.382228236,294.25770355,0.318954478308,7.38229873054,0.197940870386,416.552973019,87.7434074486,217,80.5552293432,7.37979,285.083891803,44.9777
29.0758,7.50184387355,-50.45229727,2.35613442589,-7.83965,0.834597,1.19874113938,0.635255838712,-69.2660696088,161.669404895,0.398781,7.50017,154.768004032,401.329706743,0.32399063785,7.49706279401,-0.298933735072,466.682699629,68.2751854492,218,127.822474492,7.49291,233.616333575,45.0929
29.1456,7.59578051775,41.6267422826,1.73260610765,-7.91234,0.862903,1.36888070305,0.438161563661,-45.0094297278,80.4674981075,0.348198,7.59562,142.299962318,288.3390546,0.309620289273,7.58915045575,-0.185639534244,341.303356654,81.3360035865,219,87.8036072608,7.58687,268.45971429,45.1947
29.1939,7.68621423619,-0.651355240316,1.63916628877,-8.01256,0.802474,1.04586677223,0.523368574888,-49.3110838221,95.549916455,0.380849,7.68713,127.765707953,296.328118543,0.31515264304,7.67949332498,-0.207480227011,322.883098385,55.3128428822,220,105.015254612,7.67734,203.604752318,45.2481
29.2488,7.73017099282,-5.32650474041,1.59970150374,-8.05702,0.875876,1.07827536356,0.392458880714,-13.4033597366,111.348165664,0.355828,7.73067,195.744834806,315.897325115,0.316412543892,7.72322848251,-0.050738793017,314.079102202,68.9082493203,221,78.0371245808,7.72131,210.865163729,45.4003
29.2937,7.79449370482,-102.980334195,0.642157939085,-8.11136,0.868862,-0.151779320498,0.0663020819668,-42.5539824295,35.1741390429,0.362948,7.7937,-12.548207078,91.1980675226,0.316451124337,7.78606225366,-0.195371419712,125.684120142,-23.2332992198,222,13.3655239789,7.78329,-33.5072934883,45.5259
29.2595,7.8601772546,-10.7781924421,0.82100125242,-8.21038,0.645624,0.350897478479,0.258051783465,-64.5372180315,23.110641981,0.416115,7.85749,14.8815172654,77.948697717,0.335225134258,7.85217662517,-0.28732269851,154.981191163,25.2466281031,223,51.525693156,7.8482,64.1466882984,45.7949
29.307,7.89148939911,-13.5302220993,1.51710509508,-8.22308,0.764353,0.632758346264,0.316004929356,-17.398263485,67.225700608,0.374358,7.89171,88.377528875,197.665936606,0.325359885577,7.88337274254,-0.0490977372006,294.735321497,47.30334862,224,62.8619713621,7.88135,119.072614778,45.9375
29.3663,7.9699340866,-2.45946120488,1.47268834293,-8.29291,0.865195,1.06459146296,0.320229298332,37.7693101635,89.9460502304,0.394332,7.97019,113.792851223,237.901687845,0.325797587982,7.96128643292,0.206199428521,288.206853948,63.8967528625,225,64.7040520387,7.95904,205.760133862,46.0217
29.4298,8.01418504866,-8.36675051753,1.45426297517,-8.34389,0.856936,0.605255396082,0.517836412335,-66.6851029209,50.6584503027,0.411062,8.01414,43.2273570898,140.316887511,0.332764746712,8.00510130637,-0.292557096841,283.903333717,28.317039144,226,103.704542307,8.00319,113.357422591,46.1819
29.5073,8.10378623341,27.2064119969,0.716578420415,-8.43841,0.765713,0.33492679097,0.338312866564,-128.638897308,65.0096150447,0.422358,8.10579,98.7101827229,191.26493804,0.338957502289,8.09459250389,-0.592822049331,133.612533477,29.7448793875,227,68.2069262434,8.09402,58.2544896972,46.3142
29.5652,8.20964038849,89.1594194277,1.7988971695,-8.53878,0.903762,1.40699335583,0.371872172696,-34.0086957997,38.944511013,0.412236,8.20891,156.156764484,185.855947585,0.337938986403,8.2006491862,-0.144519205152,351.151432531,85.0637823882,228,74.6022911185,8.19786,274.519038276,46.4545
29.6176,8.22518012846,-81.7104691268,1.60368123463,-8.56198,0.813631,0.547626838784,0.64248202276,-221.974777777,114.450220673,0.413923,8.226,36.7287172639,281.55233137,0.335728576427,8.21478564066,-1.05993247332,311.986089316,18.3706010453,229,128.727087281,8.21403,101.074686748,46.5135
29.6888,8.28738739916,-124.978094428,-0.0603295707064,-8.68133,0.900264,-0.388027934118,0.0649033394998,-99.2540948322,116.967341176,0.426017,8.28954,-15.9044175091,199.48518675,0.343776821491,8.27885928153,-0.458295526256,-19.8540517517,-30.5328881993,230,13.1711623629,8.27762,-84.6085537666,46.7043
29.7661,8.3660490499,-88.5217002573,-0.11704864003,-8.76065,0.928695,-0.279548862457,0.0846062219381,-89.8717647675,14.9997521202,0.47835,8.369,-73.1887617951,-45.3018893846,0.364270755302,8.3562476106,-0.419816987472,-27.9432440911,-27.6997859761,231,17.2771226301,8.35663,-61.2570473336,46.7637
29.8479,8.39977207875,-98.7995216642,0.169739275533,-8.81731,0.919117,-0.316812441443,0.117153699353,-107.249271517,34.1679120531,0.475516,8.39987,-47.7848773382,-12.1262325109,0.366950568695,8.38972814924,-0.496057025595,25.8747934512,-30.293290201,232,23.6498850276,8.38522,-69.1918470766,46.8711
29.9366,8.54406317443,-118.115739018,-0.0377605003965,-9.02857,0.94873,-0.28241385139,0.127577037938,-111.947656448,41.4770632125,0.562276,8.54569,-58.0342430123,3.99382492188,0.387416657968,8.53183171861,-0.527185492367,-12.5403679878,-27.8813289744,233,26.035439022,8.53062,-61.9603053162,46.9761
30.0272,8.66596212428,-85.9679191098,-0.192933420269,-9.18083,0.944237,-0.365424609372,0.0423053826255,-105.931437465,99.1442718865,0.604439,8.66653,11.282017878,179.043721842,0.406924139474,8.65451088821,-0.488024810293,-44.6595037891,-31.3314491217,234,8.79444084458,8.65046,-79.8003523521,47.014
30.082,8.73581438264,-113.209276797,-0.136579065709,-9.1644,0.938414,-0.270033175215,0.0636532209459,-96.6066673462,28.533279194,0.540809,8.74254,-66.6574995392,-27.9904171274,0.394413301672,8.72234753362,-0.444210849263,-32.9588753664,-28.1157177173,235,13.1448963061,8.72131,-60.2101091323,47.0926
30.1353,8.79194692832,-70.0549608487,-0.122729864801,-9.1914,0.912877,-0.249358316672,0.057044559748,-81.6193775776,37.7028179514,0.570741,8.79566,-11.6624708185,36.4796022694,0.389829709171,8.77894136948,-0.373450861195,-29.8054584764,-25.4830359015,236,11.6175188584,8.77616,-55.8461928848,47.1951
30.195,8.81337512605,-79.6285283584,-0.201233737682,-9.19004,0.899387,-0.299486724548,0.0291228909326,-79.1122589246,24.0481550882,0.532001,8.81677,-53.5386647645,-8.57252758429,0.386627080938,8.79767952502,-0.361327813078,-47.2327426057,-26.9515462981,237,5.88913019134,8.79596,-65.4236894329,47.258
30.255,8.86282970923,-77.9968315474,-0.279694672794,-9.24466,0.864421,-0.322936975337,0.0178075159756,-79.7375156469,19.5651432863,0.546549,8.86565,-53.4584893034,-29.1642567552,0.399566867341,8.8485192567,-0.359713282753,-62.244913577,-24.7977882032,238,3.86785810966,8.84693,-71.3033435061,47.3475
30.2652,8.92029406374,-71.7780456906,-0.0843781324012,-9.30095,0.825578,-0.338320583925,0.0639017716896,-87.3014120703,6.4246346699,0.588081,8.92384,-65.5104662024,-53.8270402183,0.407575983417,8.90503544758,-0.397783059891,-22.6323852648,-21.9043526096,239,13.0882345183,8.90474,-74.5381256417,47.4484
30.2884,8.99416822466,-82.9803977769,-0.0145401309615,-9.38418,0.841831,-0.31291879591,0.0965019939446,-89.1360120445,17.6845523364,0.595078,8.99858,-57.8667741463,-36.1455531163,0.412161006695,8.98128705205,-0.406639791157,-8.85353032907,-18.769419854,240,19.6648939252,8.98002,-69.7836996146,47.4791
30.305,9.0732447447,-145.914157505,-0.132477615819,-9.43806,0.837325,-0.244662433511,0.0622168934669,-73.5167490159,36.1183424245,0.579039,9.07702,-70.4926282358,-30.2330155869,0.408849334913,9.06148440313,-0.340231596014,-31.226460781,-24.6940474447,241,12.6162500297,9.06108,-54.0421587972,47.5389
30.3273,9.08750469534,-78.5009944049,-0.226422964117,-9.46775,0.889119,-0.300301136144,0.0201825692491,-75.6874967996,6.4182183516,0.635114,9.09131,-69.5609507561,-62.2630196616,0.422158744384,9.07557384612,-0.345681191127,-51.7735763042,-29.3973555072,242,4.05484031492,9.07531,-65.8802954793,47.6757
30.3369,9.11990075346,-64.4267191275,0.541904715309,-9.49763,0.852798,-0.665068952919,0.343830086671,-259.714895113,7.90528058354,0.639494,9.12684,-58.6705273398,-41.797473127,0.42333769038,9.10871597877,-1.27126166669,103.110698244,-56.580343657,243,68.659658958,9.11142,-138.658816703,47.7332
30.4204,9.18722479213,-85.3804245737,-0.0848877185832,-9.53779,0.830665,-0.609975138596,0.184888931829,-189.722101959,24.9493222112,0.61903,9.19137,-54.3805981526,-17.1693955279,0.418940914332,9.17802460978,-0.93828490371,-21.1879493091,-56.7080199928,244,36.1116484113,9.17706,-124.656235724,47.775
30.4178,9.18059786372,-132.764259643,0.985830550378,-9.52675,0.703455,0.383258938052,0.482893526808,-69.6345321283,44.1973463998,0.5888,9.18214,-41.1768391926,-4.78718533374,0.409371787898,9.16888364779,-0.326249521399,190.676337045,15.1705461683,245,96.2496551804,9.16649,71.7904713527,47.8027
30.3947,9.27538149901,-114.176659748,-0.0136043272637,-9.62016,0.655026,-0.211390326597,0.169555040446,-178.356135512,40.5965277564,0.568356,9.27924,-75.6991510151,-11.1585495128,0.409957278429,9.26444775542,-0.852880077466,-6.89276809872,-11.632709323,246,34.2886300751,9.26408,-46.9927011727,47.8856
30.3601,9.26983275908,-93.918207902,1.12617992683,-9.60638,0.70444,0.375602002043,0.49658995733,-62.2762354528,56.3436258703,0.555128,9.27489,-8.48492937705,83.0759875383,0.404321838386,9.25956185233,-0.269918591115,219.121539989,19.6678930509,247,99.5261252596,9.25929,69.3513623974,48.0918
30.3588,9.27925090377,-91.0189128111,0.569092459995,-9.62838,0.750768,-0.263366743614,0.193831910423,-131.91868457,52.8522031178,0.568177,9.2827,-19.9109463273,90.261817629,0.399808428842,9.27052241182,-0.634965779971,109.562783306,-30.2019663818,248,38.5878015356,9.26816,-57.509687927,48.1388
30.3722,9.35679303051,-62.3302808375,-0.00292487231479,-9.7804,0.736472,-0.0725097944543,0.0250960679144,-45.5745002537,66.0915839921,0.572096,9.361,8.44769276936,105.50686977,0.41422587566,9.34906208354,-0.198340213044,-6.38551643943,-11.7644206489,249,5.16235289719,9.34886,-17.5452982722,48.2527
30.3657,9.4911584018,-26.0385631297,0.924216271166,-9.9158,0.820005,0.231403213311,0.273994150341,-20.9615977739,14.7846069552,0.616674,9.49238,1.71673596675,57.2589785585,0.42174109218,9.48354658284,-0.0897810459138,176.373621054,11.2567719077,250,53.8029672496,9.48039,41.9554420743,48.1516
30.3913,9.57294916906,-24.320920257,1.53858788995,-9.98549,0.849674,-0.0854275611833,0.195757166867,-78.2012320094,94.0494559132,0.603085,9.5752,56.2922505152,272.780929228,0.416319199742,9.56876303934,-0.353567333132,301.863505688,-16.1045205396,251,39.3987459952,9.56556,-21.4092741301,48.1714
30.4269,9.68352138269,-91.4444518105,0.34391544823,-10.1473,0.806055,-0.442948715949,0.134425572439,-127.415797656,76.4271009312,0.605986,9.68776,-33.9753069078,114.646270012,0.424851347071,9.67931156287,-0.594632301972,62.9326862333,-36.5882699748,252,27.2796239122,9.6774,-96.4480726979,48.2403
30.5043,9.80016306403,-92.1034858429,0.810098977873,-10.2296,0.841566,-0.207451785071,0.594646914434,-182.849946312,77.3414511606,0.57926,9.80344,10.7322562274,102.04024868,0.420856276239,9.79661899188,-0.86817802987,155.041378894,-11.5867435087,253,119.279799393,9.7942,-49.3244908817,48.2807
30.5849,9.9010541472,-53.207372336,0.328414785705,-10.3068,0.892394,-0.0924498680169,0.195446086298,-85.352272224,25.7794604215,0.582918,9.9003,-25.1969689659,19.4539522205,0.417003109755,9.89786470146,-0.376912058468,57.5177025973,-4.58765208496,254,39.9144932811,9.8932,-26.710003759,48.3125
30.6488,10.0003915183,-0.303846425891,0.562306366697,-10.4116,0.871123,-0.0108568855271,0.393386224176,-101.437975579,17.8910697154,0.633087,10.0054,20.4088732896,41.6658564921,0.430709525616,9.99760874789,-0.453931481234,104.650941356,1.01570118709,255,80.0005673729,9.99794,-10.1621705327,48.4022
30.7326,10.0762498665,-52.3590784108,0.217595671072,-10.5007,0.898324,-0.114681163045,0.198901801318,-92.7586497278,18.5019234761,0.588644,10.0802,-33.5377752955,-2.03435357845,0.416090265307,10.0735211528,-0.414240852484,34.3732230371,-4.44233196077,256,40.1147342974,10.0729,-30.8148820663,48.4604
30.8029,10.1109218398,-81.2626990234,0.474101147771,-10.5466,0.848149,0.119634983967,0.269314674227,-72.472876553,25.1615379443,0.575622,10.1115,-38.2582724971,-18.0016832004,0.409436317475,10.1088702343,-0.317404190218,88.5456130396,4.91025767816,257,55.1814397113,10.1053,17.1501273587,48.5914
30.8881,10.2218033453,-33.6610053124,0.516363353306,-10.6335,0.942479,0.0663448749392,0.269004244826,-68.8978322751,29.7490303788,0.597796,10.2248,-0.348393224232,53.7337143674,0.409643252497,10.2195005785,-0.296411099119,96.6069693849,-0.506066098371,258,55.0383420333,10.217,5.97136741453,48.676
30.9803,10.2904286363,-7.59585859051,0.435492753793,-10.6947,0.828477,0.195926823234,0.223459417196,-58.5139924832,36.4766051581,0.554485,10.2907,35.9384469409,92.9974531429,0.405556754549,10.2883564915,-0.252451427643,83.1616109534,6.12801395012,259,45.8878602503,10.2831,33.7363781631,48.8208
31.0178,10.3676142594,-89.3967242421,0.715269768796,-10.7702,0.821962,0.400649631163,0.203559680281,-74.0619035776,49.8889619607,0.586602,10.3692,-5.52324554364,38.037293395,0.408338704303,10.3654700295,-0.335418016527,138.113146928,12.7713193839,260,41.156424719,10.3619,74.8764882647,48.9032
31.0758,10.3600501827,-229.841867491,1.14400489844,-10.7683,0.929553,0.195684308796,0.348691964962,-61.4827172935,87.8226156368,0.596967,10.3617,-66.0566334818,15.9999089561,0.405251174898,10.357399214,-0.263648453268,223.262131542,3.4408285434,261,70.5987366544,10.3523,32.0255100516,48.9199
31.2111,10.4542970722,-196.231738715,0.344020925878,-10.8585,0.916684,0.0286541387604,0.191951976136,-82.8928833772,77.6590368568,0.53722,10.4566,-58.8741046941,14.8113681313,0.39909450555,10.4518261924,-0.372043408699,61.8459764988,-3.01696187283,262,38.8149892003,10.4476,-1.79654880093,48.977
31.307,10.4926259148,-66.863743997,0.156040539597,-10.8835,0.911589,0.00435489755375,0.152423081295,-58.8042794156,133.073495974,0.605909,10.4949,61.3414910059,284.664266199,0.407310716059,10.4908766062,-0.255100345912,23.8530857652,-1.86720199725,263,30.8555363939,10.4874,-6.62447952296,49.1833
31.4028,10.5476512323,-165.77832395,0.113087820508,-10.9415,0.916658,0.0295825384509,0.126158932645,-99.0008989449,53.5719676659,0.601805,10.5472,-61.7066676827,-11.0975793264,0.403897146995,10.5463145908,-0.44507319577,15.3624242583,-0.984679220352,264,25.9454784562,10.5405,-1.53487293088,49.3283
31.5173,10.5464068797,-38.9301979785,0.269063877548,-10.9291,0.900367,0.123784283731,0.131948495055,-55.1504997038,11.9140366609,0.581286,10.5462,-26.9397251599,-4.93941983563,0.402322267336,10.5442103104,-0.236275861231,46.9930832382,4.69539400896,265,26.8128251654,10.5383,17.618947609,49.4742
31.6634,10.622759417,-10.082374896,0.115114931741,-11.0034,0.918825,0.0534789913121,0.117685333653,-118.920159329,21.8609695497,0.559748,10.6252,7.76056130528,44.7190150788,0.396579408573,10.620746322,-0.547262198936,15.9126763213,1.19956053445,266,23.9189616235,10.6169,3.37156582833,49.5448
31.808,10.6539250449,-5.11575382798,0.0621495255086,-11.0231,0.929913,0.00134296128959,0.085789159231,-55.9376989861,26.2404565974,0.556529,10.6549,24.9178238912,52.6822531312,0.403817850028,10.6515934993,-0.232905669557,5.06518823673,-3.46705391554,267,17.8688428685,10.6465,-7.37361579702,49.6547
31.862,10.7020439844,-19.3736882754,0.483082808974,-11.0965,0.91585,0.0484637501427,0.100069850093,-60.1807190013,12.7117269338,0.587546,10.7044,-6.36647112031,13.6349477005,0.410933706482,10.7000446367,-0.270711667383,86.9878693794,-0.873586307993,268,19.3522086655,10.6961,2.71958766257,49.7872
31.9111,10.7699502611,-23.4206075491,1.54845096515,-11.1582,0.898855,0.56804391351,0.671696038828,-64.3907661702,61.2120186669,0.578184,10.77,39.8579368019,167.445616298,0.408505319579,10.768159539,-0.298469864376,302.189595454,34.9493994457,269,133.325796708,10.7637,107.094930839,49.9888
31.9687,10.777301444,-44.1131970348,0.482061398679,-11.1361,0.92066,0.0603904983285,0.26134305731,-52.8303389829,43.1336367458,0.697331,10.7758,39.8397031651,76.5685800594,0.433982831844,10.7754375465,-0.22257780826,90.608963866,-1.13861184439,270,53.4113133229,10.77,4.93006018915,50.1209
32.0418,10.7813923033,-128.292162392,0.867136367119,-11.1203,0.905115,0.330272949157,0.442726880589,-50.7473351138,62.0005859485,0.642625,10.7807,-48.7683440426,43.0927362707,0.429626695505,10.7800280019,-0.235315907033,167.908146565,14.6101351596,271,87.6291863693,10.775,61.3386709245,50.2118
32.1463,10.8027154575,-49.736316486,0.477841384175,-11.1659,0.973844,0.0985102610041,0.254252394328,-63.7947030958,15.2369422263,0.67479,10.7985,-27.6756656275,-10.9241422659,0.432457992643,10.8009797618,-0.278432984995,89.608216513,0.139261965841,272,51.724415086,10.7938,12.5363979089,50.2857
32.2695,10.8433821411,-12.0928093122,1.25437259309,-11.2049,0.882586,0.400297733343,0.529984495834,-47.9910210224,46.4732606039,0.617084,10.8468,25.3126864855,139.237170551,0.423153248239,10.8420842284,-0.22340155287,244.106055577,26.3943707965,273,104.711144647,10.8401,74.8477674316,50.4011
32.3284,10.8472422619,-112.740730299,1.17207102405,-11.2308,0.910651,0.172303687007,0.484961205498,-38.8860100404,79.5147572063,0.653458,10.849,-15.5329948529,95.6952527245,0.423106035478,10.8456746966,-0.177370392918,228.385188492,3.09230937301,274,95.799447231,10.8429,30.4690891172,50.5465
32.3881,10.8522931911,-61.9764435275,1.8234906392,-11.2349,0.890157,0.324446082112,0.487468601603,-30.7245245622,76.6781679828,0.635325,10.852,17.0318327939,162.111944688,0.42267616002,10.8500049158,-0.138775474232,358.512366605,18.6069767991,275,95.3034118357,10.8457,59.5138127882,50.6643
32.438,10.8969915013,-36.3253036541,1.18661912554,-11.2738,0.889925,0.0483579249708,0.253485710627,-31.7753803167,33.7156268052,0.607093,10.8982,-9.06491806838,76.2304003887,0.415883479442,10.895462578,-0.14146194235,230.438431235,-2.34656263497,276,49.8167231903,10.8931,6.03673410925,50.6604
32.4108,10.9587120456,-27.8165072692,1.21118772325,-11.3475,0.824882,0.202434072761,0.365344263087,-72.0816652328,37.6640895732,0.647606,10.9609,15.2329590936,88.8603337843,0.421961149387,10.9578257996,-0.325349824413,235.623800203,21.0454888682,277,73.6594181583,10.9563,34.8868678262,50.7043
32.4049,11.0160067536,-60.7517647842,1.31686891588,-11.4158,0.83284,0.0317955733418,0.197531102806,-19.497134444,46.3315836924,0.601716,11.0162,21.3776870545,81.1327396051,0.415048981934,11.014592829,-0.0840391202856,258.23034926,-2.41265639409,278,39.1217231716,11.0113,3.11501987666,50.7105
32.3856,11.0464761166,-103.119480005,0.339766075071,-11.4684,0.791286,-0.41080939904,0.171394398598,-133.17436506,59.6691204489,0.640965,11.0483,-40.0417128195,58.480541789,0.427145860151,11.0450376787,-0.636605806271,60.7557377286,-41.1515179399,279,34.411361826,11.0432,-86.920594999,50.7764
32.4334,11.1513086894,-42.9054833161,0.383298319751,-11.5376,0.879318,-0.0640344008106,0.107854972127,-75.1837653285,92.009389317,0.592755,11.1514,39.6625722943,194.946779378,0.41574594802,11.1496888457,-0.334335683984,72.1286112914,-7.00313644832,280,22.3801771737,11.1467,-20.0649239213,50.8945
32.5019,11.2272128779,-76.1182384069,0.311118336216,-11.6223,0.899986,-0.113980532351,0.13023971959,-85.01052718,39.6085593757,0.61061,11.2286,-11.689115105,33.2320309424,0.416664858036,11.2261733927,-0.392002970747,56.6006036642,-10.9796193719,281,26.5470962961,11.2231,-30.2747926517,50.9783
32.5906,11.252897692,-91.1555799537,0.385850594409,-11.6479,0.831804,-0.00479277718668,0.234102341793,-71.6988719737,25.7502695595,0.623062,11.2562,-44.2972772652,-14.3253758224,0.42128506223,11.2515619235,-0.322415213183,73.5891690714,-6.00295294037,282,48.0934147727,11.2493,-7.20950354687,51.0938
32.6182,11.3037309005,-51.1703597105,0.604299498282,-11.6786,0.776027,0.32377977608,0.181215810231,-32.2871249961,47.9041285943,0.582025,11.306,-0.737236162038,64.5362620417,0.413305575788,11.3023727498,-0.150580977926,116.434107339,14.6881615823,283,36.4015797754,11.2994,59.9662976254,51.2204
32.6522,11.3254645222,-73.2089889781,1.01477702318,-11.6887,0.807029,0.322106166382,0.25435980844,-42.0010698553,88.7369261014,0.595004,11.3297,9.0597722323,158.335965523,0.404757510651,11.3244744338,-0.172034341736,198.473188493,14.6117379178,284,51.4635037564,11.3243,58.5688728748,51.2995
32.684,11.3884831174,-33.7760302507,0.33369687293,-11.7544,0.930991,-0.0948554757101,0.117699641132,-63.6628496301,25.5662577778,0.55736,11.3898,3.95988190946,51.2028598028,0.396828169746,11.3873884636,-0.279102486717,61.7828665976,-9.77507209434,285,24.3119347317,11.385,-26.7125640466,51.3659
32.731,11.3968800455,-31.3838706845,0.712528330416,-11.7428,0.79321,0.0627515710687,0.190631482677,-57.4009568479,26.8382125221,0.597025,11.3994,15.9083385413,59.5214184288,0.406629763757,11.3960049442,-0.244456448599,137.879599643,0.757043006965,286,38.6953547701,11.3947,6.87416321662,51.45
32.7592,11.4144832939,-30.4933872643,0.64287890198,-11.7674,0.833022,0.272288412928,0.154121656845,-24.7414504672,36.0939113108,0.594365,11.4156,12.0974013116,63.8070185023,0.4008592384,11.4136025381,-0.0894690826048,120.766174406,27.4233506682,287,30.5580383781,11.4109,46.2577527373,51.5386
32.7821,11.4286075221,-96.9928805803,0.52796664889,-11.7701,0.905875,0.0114565888178,0.162761358275,-54.9253734299,56.6719988659,0.562006,11.4293,-31.8890229392,71.6379299229,0.395765662309,11.4279262374,-0.225730352706,100.692448632,-3.32868184287,288,33.5204759078,11.4258,-5.03307395559,51.6486
32.8812,11.3993583452,-45.0121322611,0.280679223549,-11.7005,0.901699,-0.0504407859326,0.0780818435618,-41.4476372436,56.9533741519,0.620998,11.3997,10.3104248254,105.606963984,0.405851704693,11.3983586382,-0.162778644629,49.7200994348,-7.29174971484,289,16.1095127696,11.3963,-17.6244411733,51.7859
32.9145,11.3901126651,-49.6110480212,0.741830298479,-11.6804,0.863553,-0.0031768247001,0.205748605253,-59.9912049528,25.0789511865,0.525672,11.3935,-11.6864642994,21.1621929291,0.385856226206,11.3891235903,-0.257944626889,141.506548331,1.30265072903,290,41.4127967943,11.3882,-8.67106014701,51.8809
32.9188,11.3212519112,-83.6618080158,0.627409021633,-11.6431,0.877636,0.0547223295978,0.231205628219,-112.767967997,53.4065322337,0.551952,11.3229,-6.42438882858,95.9723599692,0.383390256747,11.3200666478,-0.519143164882,120.801133503,-0.475999413079,291,47.150851236,11.3186,4.61640589298,51.9506
32.9654,11.3267863797,-92.528833698,1.16518051321,-11.6184,0.832912,0.421540306867,0.502354028833,-74.9157346808,70.6937804697,0.559343,11.3303,-9.76112451939,92.1359934786,0.393856768174,11.3254826245,-0.329375812424,224.785416799,24.4628573892,292,100.653743574,11.325,76.771028038,52.0572
32.9704,11.3166359728,-29.2270176902,1.25619933522,-11.6413,0.890317,0.323723646426,0.325591730863,-95.385043867,69.7460687688,0.559814,11.3185,51.1206614207,172.230445714,0.389445891356,11.3158087399,-0.392455182932,242.443648813,26.0532328,293,64.7095770718,11.3139,56.2800504596,52.1197
32.9852,11.3189920079,-70.5867428639,1.14100676131,-11.6237,0.922928,0.241471968968,0.278383514199,-81.9625091824,94.0445818745,0.568032,11.3205,40.1449170836,189.146261707,0.385081029265,11.3180121101,-0.374652818736,220.65428815,18.4137216003,294,55.8392588474,11.3159,41.1995918415,52.2321
33.0067,11.3114322086,-150.761230422,1.51121040982,-11.5969,0.906094,0.3108371945,0.392842074821,-41.1072584291,91.4806574316,0.535096,11.313,14.1599217506,115.399401937,0.379829271532,11.3104833897,-0.154047921843,295.799109904,18.4407839963,295,79.3286884395,11.3076,53.5402904645,52.3437
33.0036,11.2880953832,3.27257493537,0.612520477828,-11.6009,0.882796,-0.0464201455824,0.222212930865,-104.249302856,29.3648388577,0.569324,11.2901,42.77142844,86.6033277159,0.386605119524,11.2869944139,-0.464380084641,112.768048643,-1.03422615248,296,45.2690631386,11.2843,-19.5058251305,52.432
33.0475,11.3056337066,-28.900708463,1.10180537955,-11.6127,0.896444,0.469715019414,0.48369157906,-60.0586314804,80.0212872096,0.53261,11.3093,69.127346318,179.119336728,0.38813632096,11.3040895075,-0.258830955666,213.290333115,29.2785366753,297,97.2186291286,11.3039,85.8982376685,52.5309
33.0539,11.3496969766,34.4769833279,0.836464387204,-11.7072,0.852955,0.444641171907,0.301802322606,-82.2786943775,53.5869978928,0.521035,11.3522,108.857509421,188.437515806,0.381510403658,11.3488364737,-0.36800166249,161.339072527,28.0961638336,298,60.1623139877,11.3472,80.8586958251,52.6493
33.0628,11.3931036859,-1.5752885646,1.17300325208,-11.7271,0.894993,0.34496269334,0.245208575212,-46.6023523867,22.2616974516,0.544728,11.3949,21.2839227248,58.6119184217,0.38653079964,11.3920847225,-0.17171595249,226.345846857,27.4147990874,299,49.2031170939,11.3903,60.3118418162,52.7375
33.0682,11.4285276633,-9.57297758076,1.20746394256,-11.7768,0.875057,0.434405680225,0.389162571443,-57.5398975828,41.1200418557,0.570762,11.4324,55.4070533798,116.322525961,0.39369964922,11.4273542441,-0.249623939481,236.085719659,25.2347514212,300,78.2127697519,11.4272,78.8368403587,52.8598
33.1451,11.4033937594,-130.893860273,1.19256888035,-11.7405,0.989824,0.219442062628,0.413071862273,-53.9277294088,82.4559448086,0.547506,11.4094,-1.18221575136,88.0334940255,0.391354957707,11.4021556773,-0.230892212659,235.200705131,2.38527436726,301,84.1810087367,11.404,37.0884498517,52.9531
33.1859,11.4102468322,-49.2226273901,0.887577770656,-11.7252,0.979421,0.113613691664,0.501294924029,-184.033353123,30.7473888194,0.579037,11.4179,-2.74161398757,26.4960875495,0.397138232669,11.408880689,-0.880089246584,167.256009193,0.559693909661,302,100.748062284,11.4111,14.7371277118,53.0421
33.246,11.3922119026,-167.317791006,1.06331915312,-11.6742,0.982276,0.18144111634,0.358262920787,-82.4518804712,104.613346413,0.542204,11.3982,-3.18344087775,115.853697845,0.386434025608,11.3905635327,-0.366418780012,204.806348772,1.26289529341,303,72.3527975433,11.3915,28.9721426377,53.1967
33.2955,11.3927916033,-22.9684683276,0.835619135765,-11.6892,0.98036,-0.044517899417,0.393661303922,-128.976694975,54.0809920253,0.496555,11.3988,33.5209562969,133.657951246,0.377502270945,11.3906937139,-0.602881067511,163.411387283,-4.59763702973,304,80.307954442,11.3901,-16.8721360265,53.3904
33.3364,11.3662253639,-88.1840943171,0.830102016875,-11.6609,0.953436,0.376310011088,0.180515792391,8.60634125795,64.4105733929,0.578395,11.3713,31.7025182998,92.4469775247,0.393620784355,11.3641559197,0.0577589074662,161.470286712,16.3229019035,305,36.7350047424,11.3628,69.260388789,53.4499
33.382,11.394263865,-126.300579973,0.703171650439,-11.7142,0.967284,0.346491601939,0.220881598465,-35.1011047418,72.986448805,0.573305,11.3992,13.6360472084,68.6956287901,0.398726566708,11.3926777349,-0.127177713088,136.400546499,10.4061874633,306,45.5515506705,11.3911,63.5589589511,53.5242
33.429,11.4042186813,-133.71493148,0.434458120077,-11.7135,0.969322,0.270299236946,0.131462493178,-39.1612354899,97.5114149566,0.531163,11.4106,11.2308427491,170.753044828,0.391505987539,11.4022439775,-0.150818655564,82.538183236,8.08991178821,307,27.5106794934,11.4008,48.6646265609,53.6265
33.4696,11.3388120397,-16.6864386762,0.474847864846,-11.6133,0.953429,0.136976768307,0.246567876957,-69.9941369869,38.6427013875,0.573888,11.3432,20.3835148467,88.4307144592,0.397957430675,11.3367229135,-0.307601142583,89.5633149697,2.81615951144,308,50.5121906541,11.3348,21.017257427,53.6858
33.5107,11.3376483902,-267.650989271,0.938105128566,-11.6245,0.975963,0.0663060182982,0.490107855866,-191.518681184,153.580033906,0.53777,11.343,-8.63106292008,129.3349846,0.388760172143,11.3349045369,-0.897863933028,187.718000685,-0.1460796579,309,101.203659018,11.3332,6.70187063199,53.8166
33.5454,11.3289443977,-103.48774642,0.757915257573,-11.6372,0.96769,0.241752254045,0.326717831367,-136.637253302,81.6713450047,0.559622,11.335,-9.42950761234,89.4674026134,0.391894146603,11.3256203778,-0.636344531642,144.460104165,7.37379218495,310,66.2022863294,11.3238,40.8957683949,53.9137
33.5603,11.3560052583,-87.5448492015,0.488013624764,-11.6595,0.981769,0.0891487662233,0.255880223003,-121.896544545,70.9316077418,0.509757,11.3616,36.8115693713,113.726570143,0.379229790329,11.3529872204,-0.559464937772,93.703710548,2.10330616323,311,52.8248132174,11.3514,11.0779126264,54.0243
33.5607,11.3500361186,-23.2610417798,0.422873964254,-11.6477,0.955956,0.111226583477,0.239665595847,-97.9807104026,35.4789855826,0.522661,11.3544,25.5889080324,81.6959824941,0.38482119426,11.3462026819,-0.433104811961,77.4071043181,0.616259302528,312,48.6558563202,11.3429,14.5061562184,54.0984
33.5435,11.360905933,-56.0872579059,0.576914691223,-11.6774,0.971339,0.121628908948,0.28748597447,-99.5325725038,43.9330692978,0.519603,11.3665,-4.04996070922,55.9553423883,0.379612445359,11.3565147775,-0.459540895023,109.459600162,-0.112712645911,313,57.8992209332,11.3547,16.4038687421,54.1614
33.5871,11.3680369951,-66.5502705958,0.718738552864,-11.6763,0.957604,0.118664873472,0.377272432313,-124.398942471,42.3501530221,0.527536,11.3723,-7.50691753719,74.6385974818,0.384091116749,11.3638307291,-0.573671283044,136.806475749,2.98111748281,314,75.9860986047,11.3613,15.8548744445,54.1464
33.6181,11.391652015,84.2466073165,0.644427842123,-11.6984,0.971667,0.277050312093,0.319154152651,-90.1823198996,31.0249964059,0.518396,11.3965,110.331137645,163.226054324,0.382959518502,11.3882111114,-0.41125664462,119.926720867,6.6010339042,315,63.8850093507,11.3853,47.5928949129,54.25
33.6428,11.3986652354,-102.380631202,0.408670978985,-11.6891,0.951188,0.229865233619,0.155015860149,-41.0775957832,75.3169595199,0.551922,11.4082,-27.8639616598,84.266739515,0.387204142962,11.3951682082,-0.170001690737,74.4477892503,5.45922919141,316,31.0609000404,11.3964,38.6259596339,54.2584
33.669,11.3844052722,-55.0066434363,-0.0613408219639,-11.6777,0.835918,-0.346368828727,0.225101554078,-230.885128911,25.5063181823,0.474385,11.3935,-20.3572316487,12.6106389861,0.368365921696,11.380415236,-1.12246327033,-18.9522448381,-24.4012905205,317,44.7305994628,11.3822,-75.9188981093,54.2816
33.6846,11.3724223065,-91.8648561329,0.734291499168,-11.6673,0.928929,0.269840328643,0.285365105446,-53.7506140214,49.5295460125,0.507032,11.3786,-33.2779490902,27.4521718448,0.37809523062,11.3688982494,-0.223805487835,140.355124725,5.97360882326,318,57.4369817275,11.3671,47.0179120809,54.4165
33.737,11.3401827933,-39.5549563654,0.604713055895,-11.6104,0.964469,0.220456022384,0.284604338654,-86.6776096092,45.5244321085,0.467416,11.3482,21.849470048,86.2227597807,0.364488635164,11.336282166,-0.386106639076,113.88538929,4.70045311635,319,57.6092254323,11.3364,36.6763805909,54.43
33.7896,11.3542650322,-37.8747342686,0.584067297384,-11.645,0.938235,0.32768066081,0.214865685329,-64.4371691966,36.5423433159,0.488256,11.3617,-2.95927111484,64.8577224018,0.36544075118,11.3503272778,-0.279174626295,109.819651607,10.2581783697,320,43.4259019767,11.3496,58.3505347342,54.4753
33.8137,11.2975439581,-81.7614091745,0.619845198028,-11.5776,0.959415,0.236045982881,0.249779713216,-58.9524952235,52.5759629328,0.4947,11.305,-35.060860549,46.696204971,0.363774920523,11.2932318877,-0.249110548828,117.161144225,5.57012023584,321,50.3304259717,11.2915,39.8783284867,54.5195
33.8368,11.3648848871,-111.479629163,0.605825300816,-11.6513,0.978731,0.229627333702,0.212751528678,-49.1933488534,44.2204007111,0.473812,11.3734,-42.3022205619,15.8678143254,0.361332505393,11.3606177678,-0.207120869767,114.322480998,5.66403304437,322,42.7276577966,11.3609,38.6775931854,54.6086
33.8777,11.3033634253,-106.050586576,0.680943853199,-11.58,0.965634,0.204098477745,0.337600821149,-142.373672621,33.2166731923,0.483318,11.3106,-56.3741542665,-17.6274498053,0.360845857499,11.2992044555,-0.677424361056,129.299487872,5.71400333426,323,67.8841952678,11.2974,33.4686816455,54.6532
33.9252,11.2689896731,-58.126537461,0.473986972297,-11.5435,0.967224,0.253470188695,0.188649635659,-49.3602164048,47.8031792536,0.48065,11.2775,1.41814751057,54.7663984184,0.356387210081,11.2655394168,-0.194171351367,87.7238503015,7.09832333651,324,38.1230196625,11.2648,43.2979173639,54.7044
33.9633,11.3146745359,-17.0744003856,0.706411100516,-11.594,0.967717,0.354284698888,0.203830786954,-8.31912459174,28.2415992112,0.43302,11.3211,28.1774640752,57.2136228532,0.348026509812,11.3102144386,-0.00373493514371,134.848367048,11.7745102671,325,40.9080236696,11.3093,64.0108266109,54.8134
33.9939,11.3115462956,-143.662193161,0.518810608432,-11.603,0.956176,0.257914377901,0.147814034941,-20.2964029892,69.9332461468,0.469338,11.317,-20.6021648375,70.916350492,0.363123072845,11.3087948016,-0.0612667800312,95.2088685019,8.36241055946,326,29.4402094767,11.3088,43.4304107775,54.8916
34.0311,11.2987874321,-104.334226755,0.341625261955,-11.5765,0.938618,0.226737934504,0.102429925471,-57.1197056734,59.8397885102,0.48063,11.3002,-24.7920975881,80.4829244436,0.363776803182,11.2957415929,-0.239439933027,61.13825886,7.32957107313,327,20.8331855265,11.2902,37.7324691508,55.0094
34.0635,11.2755183936,-40.4600960345,-0.108027186595,-11.5406,0.848095,-0.687737579212,0.212638766747,-332.214214476,39.1338490455,0.458916,11.2787,-4.53989535098,68.5759939709,0.359304950681,11.2718776384,-1.64760634183,-27.5619822635,-52.9493790326,328,42.0935597389,11.2702,-143.944731891,55.1709
34.0405,11.2880325279,-264.310803484,1.72846924273,-11.6977,0.913214,-0.960365304016,0.694084851069,-431.696409919,60.0584579406,0.545863,11.2816,-5.95777682865,58.0978994911,0.407775895567,11.2854164662,-2.11833211923,334.279173578,-64.5545508343,329,138.890570785,11.2731,-198.608033604,55.2294
34.0162,11.4064961595,-221.428637365,0.766091215621,-11.8072,0.897427,-0.637818824093,0.686239746415,-334.703172774,90.7703190092,0.536997,11.4008,-11.679238068,173.145578906,0.40485645335,11.4038910869,-1.63132508963,148.973628474,-41.801826053,330,137.486812059,11.3946,-134.781144381,55.2773
