PolicyRegParamNorm,MaxReturn,MaxEsReturn,AverageAction,AverageQ,MaxForwardProgress,MinForwardProgress,AverageY,StdEsReturn,MinReturn,MinEsReturn,QFunRegParamNorm,AverageAbsY,AverageQLoss,StdReturn,AverageDiscountedReturn,AveragePolicySurr,AverageEsReturn,Epoch,AverageAbsQYDiff,AverageForwardProgress,AverageReturn,AverageAbsQ,StdForwardProgress
14.8795,4.66385199441,70.2894341782,0.895912,0.014247,0.0173973448179,-0.0255784497033,0.122785094608,11.9551226298,1.47955409287,1.06085406179,15.2067,0.122785094608,0.0134865,0.396005194359,2.95246805896,-0.0186583,34.989150772,9,0.109028894608,-7.53908599716e-05,2.98267793056,0.014247,0.00542567658261
15.1064,6.06011710903,41.6008495727,0.992171,0.0553451,0.0301636858906,-0.0250287541684,0.0560458719252,2.32991962954,2.89247311112,1.89428003693,15.4108,0.0560489635879,0.000319135,0.405811070022,4.33255603136,-0.0571937,3.5252159818,10,0.00938528239154,0.00237504111889,4.40251728823,0.0553469,0.00706259259655
15.171,5.88353894452,5.53559398641,0.998208,0.04348,0.0272506879028,-0.0216361566297,0.0435737264043,0.392816702906,3.10493919279,3.1763554623,15.7217,0.0435737264043,8.03771e-05,0.409864375009,4.34254711458,-0.0477913,4.43583852384,11,0.00523750745217,0.00260691636556,4.41258655112,0.04348,0.00714002115636
15.2198,12.278532655,10.4162464438,0.999938,0.047257,0.0240275642974,-0.0735401919768,0.0473172482765,1.38598158903,4.48832676176,3.60328575243,15.9897,0.0473172482765,4.83862e-05,1.16588519891,7.20199283582,-0.0510103,7.25771241957,12,0.00438089241746,-0.0190190913894,7.46435047821,0.047257,0.0140547681471
15.3234,4.37323396909,10.6231975962,0.841406,0.0530691,0.01878893597,-0.0179851818782,0.0530721490672,1.88586760919,1.64673058334,1.93957574048,16.3692,0.0530721490672,5.97206e-05,0.366419215987,2.9632681706,-0.0539659,3.91444856994,13,0.00472604716144,6.35623473354e-05,2.99330611213,0.0530691,0.00526051803466
15.4358,25.7902636911,23.8350470493,0.998592,0.0542321,0.0912253072255,-0.039048059904,0.054231934652,4.85603610253,5.30630024608,2.10715063277,16.7717,0.054231934652,7.24495e-05,4.10756627728,13.5407590953,-0.0585864,4.88636951867,14,0.0050303926798,0.0208458105519,14.5397390638,0.0542321,0.0229021745727
15.4645,8.31738949772,23.641772575,0.872129,0.0650915,0.0276886242414,-0.0532149514233,0.0651011357339,5.16365601879,3.18787743971,2.81746418874,17.1101,0.0651011357339,9.75415e-05,0.769177998544,5.34772557063,-0.0732078,9.95650110485,15,0.00570208426843,-0.00365961348487,5.47662314612,0.0650922,0.0106603146321
15.4424,8.91269237979,7.7786936271,0.871011,0.0720538,0.0298408109981,-0.0532386815979,0.07206536915,0.798893856847,3.13943895393,3.38032351433,17.5725,0.07206536915,0.000134687,1.03846613128,6.01605860838,-0.0792641,5.37528553078,16,0.00700472940493,-0.00554309087578,6.18699547073,0.0720641,0.0119924951457
15.3442,14.0830131051,10.9498459555,0.883031,0.0739571,-0.000945704673264,-0.140792983789,0.0739626529199,1.51072508261,5.67072236672,2.65184458328,18.006,0.0739626529199,0.000164775,1.23991888957,8.47621851347,-0.0756476,5.82230698326,17,0.0079148368129,-0.0580525497281,8.8971995843,0.0739686,0.0222748941043
15.4752,45.7869267971,57.1296896583,0.932637,0.0737916,0.0353175399052,-0.623666090373,0.0738110278852,12.3868491798,11.7128371774,2.87250004017,18.4322,0.0738113430131,0.000202286,6.40257665953,19.7424763073,-0.0853048,21.1982619754,18,0.00906674317739,-0.0889563678931,22.6511419822,0.0738094,0.107551074937
15.6266,25.9302011733,46.5121627489,0.854931,0.0831275,0.0576612467518,-0.127539037681,0.0831796105188,8.02802085081,3.0193261163,2.73162445637,18.8566,0.0831797121277,0.00026528,4.79890220956,9.91971022778,-0.095481,15.9437034286,19,0.0104082690092,-0.0109126722289,10.5564518152,0.0831364,0.0207736399717
15.6715,7.2268608067,20.1718673988,0.781667,0.08201,0.033665103709,-0.0327615321926,0.0821670712456,1.17433928221,2.2610424722,2.31455461038,19.2414,0.0821670712456,0.000340802,0.576664107962,4.13799201136,-0.0923601,4.23899509032,20,0.0114400185575,0.000219088481255,4.20495270854,0.0820232,0.00813195100141
15.7131,35.5091152319,29.1506729569,0.924368,0.0802703,0.205256301243,-0.0259482426991,0.0802682606805,3.09933086275,4.91963644767,1.92062803749,19.5999,0.0802682606805,0.000243914,6.25789001973,17.9212993371,-0.0867507,4.79202460216,21,0.0105255112223,0.0703476684412,19.559308022,0.0802853,0.047379773091
15.7685,34.7589774629,32.7551445576,0.926995,0.0738987,0.209473143737,-0.0363581767133,0.0739387007812,9.13383428786,6.63916290861,2.21982255419,19.9498,0.0739387007812,0.000292977,5.9774015095,18.03210219,-0.0796288,12.4972878673,22,0.0114997430691,0.0704710695322,19.6750902998,0.0739019,0.0482932797231
15.7399,48.7938182442,54.0140267716,0.87062,0.0755051,0.058428382877,-0.176411935144,0.0755407728677,9.58906817063,8.48084119084,2.47956112593,20.4663,0.0755407728677,0.000240571,4.5902284686,15.5906939938,-0.0830368,10.3010713398,23,0.0107198871812,-0.0112092339279,17.0920940674,0.0755159,0.0273676674219
15.7283,11.7896075477,27.8349596765,0.775051,0.0750242,0.0326345671106,-0.0733545828142,0.075067858231,3.18944678084,5.3065599714,4.89937367823,20.7919,0.075067858231,0.000243702,1.06891513276,7.84462595243,-0.0880753,8.55998381727,24,0.0109213258582,-0.0222626879118,8.15685880132,0.0750312,0.0167715843913
15.7795,11.9657840964,11.7789805375,0.779531,0.0828476,0.0374352287926,-0.0700993295594,0.082883591321,1.0543066651,4.32734782496,5.64833612754,21.0988,0.082883591321,0.00023591,1.07670252063,7.68484883074,-0.096826,8.04738441848,25,0.0106961339713,-0.0219070103774,7.98486888542,0.0828478,0.0170006221977
15.8303,13.6316820055,12.7116285778,0.667165,0.0906696,0.0585315859888,-0.0904910329573,0.0906675116991,1.80369825608,4.28107432863,3.43576235584,21.4989,0.0906675116991,0.000281019,1.30170059113,8.31620228333,-0.10468,8.04971100195,26,0.011483116426,0.00583098860499,8.63653153061,0.0906702,0.0161907106001
15.8532,11.2058924574,11.8098767884,0.627641,0.0845867,0.0509284681739,-0.0445276375985,0.0846616171692,2.12630990213,4.29165761186,2.40443435583,21.8912,0.0846659409847,0.000452868,1.11003462898,7.41474781732,-0.103758,6.22195911654,27,0.0142878901305,0.00538021543969,7.66202652555,0.084599,0.0149723095117
15.8915,15.6478736913,14.2546125107,0.794002,0.0841532,0.0352522603807,-0.112476917583,0.084218949328,1.75788146309,6.2132277402,3.64250944887,22.3418,0.084218949328,0.000361253,1.53574337702,9.87011559347,-0.0954759,10.0303543092,28,0.0131634764524,-0.0225168409975,10.3719731773,0.0841845,0.0197137387984
15.9659,25.3472539104,18.8319886793,0.736237,0.083071,0.113637991591,-0.0596223586521,0.0831852664697,3.03936344446,8.08064387884,3.34909397815,22.7451,0.0831852664697,0.000356035,2.45753662814,12.0813191776,-0.0938129,10.1483808405,29,0.0121406933333,0.00981989113797,12.8113216371,0.0831055,0.0244573693809
16.0223,11.20485082,10.4737856537,0.656789,0.0826243,0.045062936396,-0.040571880984,0.0826350828044,1.7892637021,4.54967397547,2.46579458851,23.1086,0.0826350828044,0.000330069,1.02605301077,7.53393467776,-0.104324,7.06748036837,30,0.0116382242179,0.00551721199904,7.78512786321,0.0826606,0.0131746526859
16.0847,12.2348347296,11.054927796,0.622052,0.0920818,0.0543157097982,-0.041435834255,0.0921022872983,1.28867463862,3.17359569371,3.90049244846,23.4978,0.0921022872983,0.000414245,1.10376012813,7.66823531493,-0.103585,7.54797610615,31,0.0143893095138,0.00579974950734,7.92936378097,0.0920901,0.0136347630861
16.1247,9.97869190961,11.3737821935,0.377184,0.0892088,0.0556240865123,-0.0425657288474,0.0892515288763,1.68628225557,3.29706291626,2.6958207192,23.8529,0.0892515288763,0.000406105,1.03206995365,5.86396683526,-0.0956569,6.39503046595,32,0.0141000482354,2.82609683104e-05,6.01579752485,0.0892281,0.0117755382522
16.1735,8.46886310437,9.25934375909,0.351655,0.0844218,0.038671054058,-0.0313762022936,0.0844229378454,1.16138581808,2.5563166302,2.86129049968,24.1891,0.0844229378454,0.000337357,0.964742073704,4.54008752799,-0.0908088,5.53711615868,33,0.0134075286356,3.33743976661e-05,4.62613345288,0.0844224,0.00923824657785
16.1876,12.7984237377,11.2677837731,0.384132,0.0818258,0.0652838621176,-0.054772936625,0.0819242968712,1.49965485519,4.44436688069,3.48015081102,24.5333,0.0819242968712,0.000329244,1.15992708112,7.61772706682,-0.0884604,6.91462242126,34,0.0134554712472,0.00149119781556,7.88377770722,0.0818299,0.0144429805338
16.2609,14.1159861815,27.7826774307,0.640668,0.0809871,0.042980603688,-0.102556698573,0.0810300888023,4.0880967421,6.4005633628,2.1015213254,24.8736,0.0810300888023,0.000341299,1.3241792574,9.20345826126,-0.0940185,11.4512113866,35,0.0134183120755,-0.0364908436753,9.65041409943,0.0809923,0.0210273039049
16.2958,15.5357624353,12.7355928638,0.619541,0.0873746,0.0361799651155,-0.126702151559,0.0875278295895,1.54461923412,4.57839576756,5.18708245067,25.4404,0.0875278295895,0.000421716,1.41638514624,9.14168137108,-0.102073,8.7525448302,36,0.0142490573246,-0.0327140962172,9.5766555947,0.0873755,0.0220236778252
16.3269,16.7835519317,12.6228996687,0.627277,0.0901195,0.0351603913638,-0.101883050932,0.0902496451222,2.58980588979,6.04655461431,2.28791546096,25.9817,0.0902496451222,0.000458921,1.40340131142,9.21047453184,-0.100857,7.78537017613,37,0.0145839588348,-0.0362583644744,9.65972351672,0.0901423,0.0205874990742
16.3618,14.8581642162,12.2275982716,0.627536,0.0933717,0.0449600069139,-0.0937945707242,0.0935136256164,1.62588257109,5.99456096733,4.98656387007,26.553,0.0935136256164,0.000463153,1.35523307379,9.23932127333,-0.104728,9.19860452897,38,0.0147648608686,-0.0330078173164,9.68685307698,0.0933761,0.0217056918493
16.3818,20.5544200928,19.9646925332,0.63012,0.0927636,0.0713308318795,-0.0588734448466,0.0927815439998,3.41213913757,7.92901079603,3.84685437684,27.0755,0.0927815439998,0.000485771,1.53692257606,12.724969942,-0.1007,12.7907254832,39,0.0148585328537,0.00974729256403,13.5296975598,0.0927648,0.0202577879203
16.3872,26.4605363473,20.1988897416,0.63396,0.0930125,0.0748709559721,-0.230537501689,0.0931260422835,2.31844565273,8.98412786991,1.82709920684,27.6799,0.0931260422835,0.000506548,1.8501239124,12.7973463116,-0.101468,13.778070248,40,0.0151066636095,0.00799724341398,13.6231787175,0.0930153,0.0231593203438
16.4069,15.994612763,17.5670025828,0.630193,0.0906943,0.0469549235606,-0.0985553551727,0.0907989540054,2.37035421653,6.10059806228,6.93926803492,28.2046,0.0907989540054,0.000491111,1.56115454029,9.48452267093,-0.0974091,11.0459844096,41,0.0149095287592,-0.0339085216738,9.96202123185,0.0906978,0.0214566611183
16.4311,11.8648616196,10.5145277554,0.361372,0.0879494,0.0571951749548,-0.0516244486399,0.088055312337,1.27049968251,4.0719329392,3.08359291467,28.6536,0.088055312337,0.000517042,1.21322182913,7.33928682741,-0.102811,7.42873226719,42,0.0151659499445,-0.00148788960784,7.59220491807,0.0879665,0.0160622509749
16.465,11.2582350585,9.99871904348,0.398915,0.0900433,0.0521514418052,-0.0565173558886,0.0901962064683,1.17773560194,3.86566123854,1.78377128334,29.2989,0.0901962064683,0.000666373,1.17552821496,7.37070766842,-0.104139,7.10363788994,43,0.0167023496329,-0.00223846481521,7.62414152117,0.0900507,0.0167633535058
16.4689,13.7086912234,12.2806315496,0.403297,0.0947886,0.0642179120807,-0.0533093046773,0.0949316552384,1.36133612543,5.54354472099,4.48707670684,29.8421,0.0949316552384,0.00064022,1.39219542393,9.28871461905,-0.108064,7.85869089574,44,0.0166653593846,0.0115360065565,9.67854341546,0.0948017,0.017639612343
16.5256,15.1565638025,12.2129813286,0.473583,0.0967249,0.0854179610091,-0.0435968650028,0.0968751126078,1.24237146995,4.358422038,6.80698658878,30.2691,0.0968751126078,0.000726499,1.46796409956,9.22968214758,-0.11129,9.30022324713,45,0.0171508588358,0.00958925968103,9.62171591084,0.0967336,0.0171592446058
16.6321,13.6994141241,13.871241526,0.468942,0.0987412,0.0588507229204,-0.0356295199767,0.0988923270934,1.79167987937,4.62432681823,4.69037526737,30.6902,0.0988923270934,0.000758941,1.62329443516,9.16405114759,-0.110961,8.80279434471,46,0.0175200599581,0.0113742633062,9.54738700189,0.0987523,0.0164819804073
16.7598,10.9205092214,14.0183818355,0.495476,0.097467,0.0603485749028,-0.045958076101,0.0976107937345,2.0354761175,3.81895563816,4.04905922478,31.1759,0.0976107937345,0.00080718,1.06453920389,6.71301422245,-0.106141,7.4281129642,47,0.0180158643465,-0.000308676789763,6.91915366761,0.0974759,0.0136197784084
16.8096,12.1031301807,11.3781183332,0.473549,0.0946149,0.0625080509708,-0.0580028777175,0.094776504413,1.36957638724,4.47060583783,3.48646516394,31.575,0.0947775193196,0.000717644,1.24629723677,7.70957471228,-0.102018,7.35108127418,48,0.0173583829369,-0.00172474367485,7.99186297486,0.0946202,0.0169249116729
16.8598,11.4597686902,11.1494033985,0.45789,0.0905522,0.0463782237488,-0.0513804404745,0.090713590913,1.28961763493,4.68920260971,4.63618572862,31.9973,0.090713590913,0.000614161,1.2030816743,7.71927237275,-0.0956455,7.68738693122,49,0.0166118691611,-0.000393119185617,7.99871000351,0.0905575,0.0163749071283
16.8874,12.876755914,11.3913041198,0.464755,0.0855218,0.0455134862738,-0.0497439403086,0.0856569806114,1.29457251313,3.77126366053,4.27396511601,32.2323,0.0856569806114,0.000553824,1.28119924891,7.961438405,-0.0890288,7.9896142658,50,0.0158719578161,-0.00115834646635,8.26332919283,0.0855296,0.0167297271314
16.9096,12.9528049541,11.2440436075,0.470337,0.0781851,0.0584812745704,-0.0536122947887,0.0783276036386,1.31955728436,4.43819231265,4.68320403029,32.3942,0.0783276036386,0.000466643,1.23946520366,8.21699008415,-0.0807277,8.15495451669,51,0.0150328085968,0.00136886134093,8.53414703721,0.0781909,0.0174718991198
16.9573,12.6323282853,11.3223526346,0.478544,0.0717502,0.0507318867507,-0.0610820813374,0.0718985305745,1.39483631733,3.79031597179,3.9423322556,32.5928,0.0718997179708,0.000395807,1.28187538309,7.70156595319,-0.0741896,7.83278884683,52,0.0143026203045,-0.000935391047792,7.98253230257,0.0717575,0.0162272288676
17.018,12.5909728625,12.4448096046,0.469612,0.0662239,0.0544462555315,-0.0540672622587,0.0663717784385,1.33175472094,4.95911881439,4.54273154544,32.7076,0.0663848990222,0.000327272,1.20180846001,8.16501892858,-0.070115,8.37444638668,53,0.0134370597962,0.000346611842255,8.47931491955,0.0662279,0.0172684260145
17.0768,12.4744280751,11.8676268296,0.467976,0.0626835,0.0545167105912,-0.0542548074233,0.0628151778403,1.30995905127,5.02603064774,5.62761699756,32.735,0.0628217970511,0.000282888,1.20374722873,8.12709772505,-0.0670021,8.42243492637,54,0.0126309202339,-0.000635613551927,8.44008896077,0.0626891,0.0168386880657
17.1229,13.002528352,11.2144709084,0.469926,0.0605813,0.0581497210663,-0.0584104396147,0.0607421296056,1.48939729292,5.33397367731,4.67043013065,32.813,0.0607433324557,0.000271011,1.17475758791,8.22141030987,-0.0640162,8.16988686225,55,0.0122433423958,0.00104170878131,8.5385975458,0.0605869,0.0175848681909
17.1575,12.6008229515,11.9066036117,0.477472,0.0593102,0.055166342646,-0.0516688438841,0.0594349534261,1.22143588095,4.53657018823,5.37542893461,32.6759,0.0594349534261,0.000240774,1.19580833127,7.99131762036,-0.0626544,8.69664938935,56,0.0114835168197,-0.001980385143,8.29527849108,0.059313,0.0171013592297
17.191,11.1386935837,10.8979801443,0.414287,0.0590103,0.0561197443802,-0.0449015578343,0.0591335569052,1.24320449975,4.04100610194,4.3443594919,32.5611,0.0591335569052,0.000237728,1.06252377931,7.24487726797,-0.0617101,7.28934968071,57,0.0110756063437,0.00275922919605,7.48314252551,0.0590221,0.0151627736187
17.1534,11.2535990643,10.3237740737,0.538342,0.0588366,0.0603730098962,-0.0441303066425,0.0589381937256,1.17097750077,4.82742804138,2.04508353667,32.5701,0.0589381937256,0.000187863,1.03308356299,7.70801593972,-0.0610857,7.39846329367,58,0.0100919227348,0.00607436791448,7.97350577537,0.058837,0.0138041984625
17.151,12.5395528432,11.1803286647,0.482047,0.0597488,0.0562717094184,-0.0507888946353,0.0598455282641,1.27274344292,4.80975142852,4.12891047944,32.5502,0.0598455282641,0.000170493,1.14908969887,7.69731869857,-0.0627191,7.82087718269,59,0.00957926232874,0.00337226586532,7.96722120739,0.0597505,0.0153797058321
17.1745,12.8660659119,11.1952009,0.400048,0.0624772,0.0494682406298,-0.0490778942505,0.0625610439714,1.17209685938,2.89569563393,5.94844866149,32.6143,0.0625610439714,0.000180811,1.15785556124,7.79883101492,-0.069632,8.19098627285,60,0.00977305401921,0.00262127958557,8.07826896435,0.0624782,0.0147666333288
17.1872,11.8075759235,10.7523000677,0.405102,0.0688006,0.0575386492077,-0.0564328731684,0.0688482976195,1.15240954248,4.60506261205,4.83368752894,32.8555,0.0688482976195,0.000251777,1.14120117196,7.73909264599,-0.0775146,7.8986924532,61,0.0110636473116,0.00342053488906,8.01117991054,0.0688017,0.0155608769623
17.2044,12.1974682102,10.7516572794,0.403235,0.0746892,0.053365762487,-0.0480744250887,0.0747856330151,1.2851198696,2.9974809697,3.35898816635,33.1686,0.0747856330151,0.000330111,1.22056716909,7.77363682308,-0.0842128,7.91053305037,62,0.0121352867347,0.00381779449569,8.04807812027,0.0746895,0.0152038735484
17.2107,13.4789080253,12.1127518649,0.390628,0.0801352,0.0794910473875,-0.0657254610108,0.0802366655309,1.28903535257,4.65280576365,4.90373003841,33.5228,0.0802366655309,0.000392907,1.22278793562,7.79926871334,-0.0892711,8.28100895346,63,0.0129643785888,0.00300661818607,8.07911148443,0.0801374,0.0154625609916
17.2365,12.5680236487,11.1452038399,0.368043,0.0843159,0.053553774351,-0.0515072043408,0.0844141211917,1.23822655597,4.63139220528,4.87707276225,33.9701,0.0844141211917,0.000493294,1.25578059034,8.01873341754,-0.093297,8.29476269004,64,0.0139258426942,0.00362899343606,8.31422151534,0.0843175,0.0158137173129
17.2848,13.6514994533,11.2352692887,0.386529,0.0870848,0.0555577645647,-0.0511772844425,0.0872236506217,1.25029098256,5.07058909375,4.16148727075,34.3333,0.0872236506217,0.000610883,1.19922302298,7.81739014226,-0.0955146,8.21273636744,65,0.0150277433461,0.00209942298631,8.09884266983,0.087088,0.0157723857069
17.3296,12.3035992197,11.7823542127,0.401165,0.0901973,0.0587889606633,-0.0445696440768,0.0903465276578,1.39318357934,4.69737195331,2.58995925414,34.8259,0.0903465276578,0.000647729,1.15006905461,7.80790973372,-0.0974179,7.97659901005,66,0.0152542171996,0.00206272575094,8.08847496288,0.090199,0.0154223713887
17.3748,12.7866844553,12.4381553796,0.396243,0.0920267,0.0548429521008,-0.0600139821855,0.0921823905134,1.37388840467,4.72078306949,3.13731843777,35.2101,0.0921823905134,0.000667584,1.22413089324,7.8823861871,-0.0995679,8.04673155592,67,0.0155635356877,0.00266662409992,8.16804694557,0.0920303,0.0156984770115
17.4137,11.9972068519,12.0614723541,0.39797,0.0922171,0.0527964234226,-0.0493575992419,0.092282333584,1.39360505196,4.19171243572,2.77285104924,35.578,0.092282333584,0.000659681,1.20259299101,7.86998541869,-0.0984611,7.99192538845,68,0.0152064545249,0.00251042647876,8.15505574435,0.0922188,0.0152503070758
17.4619,13.0997869665,11.0600681758,0.393416,0.0913347,0.0608103263361,-0.0589564669171,0.0914680788932,1.28155312478,4.60414791324,2.79659043226,35.98,0.0914680788932,0.000692754,1.2227651746,7.89905428055,-0.0967331,8.14656434428,69,0.0153290686791,0.00207414704509,8.18708337693,0.0913353,0.0158370850416
17.4944,14.9455102537,11.5949526317,0.505673,0.0894959,0.0609182302782,-0.0489114693045,0.0896077523467,1.25448159778,5.45913509816,4.96235760168,36.3668,0.0896077523467,0.000661626,1.4418804833,9.81709219989,-0.0937916,8.11230013397,70,0.0151256765489,0.00774025136215,10.2749546678,0.0894972,0.0175882340257
17.5182,20.6932740995,19.2323319662,0.627845,0.086365,0.0868980423156,-0.0590844464873,0.0864995239315,3.46773866596,9.79025684882,3.26840704684,36.7485,0.0864995239315,0.000621032,1.72802569575,13.7891962146,-0.091503,13.8235297802,71,0.0146318645108,0.0162935764648,14.7329140337,0.0863667,0.0227930866429
17.5905,20.0183034292,18.1336884686,0.546268,0.0852792,0.0742453398749,-0.0583951051056,0.0854404050574,4.02606943712,9.18217811755,4.0456533749,37.1143,0.0854404050574,0.000663383,1.65673681275,13.0331986651,-0.0894021,13.0665597656,72,0.0148356065916,0.00934581855633,13.8825012509,0.0852822,0.0211630797709
17.6276,25.04960205,18.3230782173,0.627725,0.0831104,0.0659036059447,-0.0853674340352,0.0832521582541,1.72652867747,9.06716436807,9.30944038378,37.5154,0.0832521582541,0.000691563,1.98225459456,12.9445146196,-0.0864568,13.4019861675,73,0.0147641358395,0.00697180843831,13.7965152057,0.0831119,0.020991216845
17.6902,24.0981148578,18.550167085,0.627273,0.080815,0.0853660781791,-0.111689187482,0.0809724463594,2.60284407263,5.02314063463,6.42760990132,37.8829,0.0809724463594,0.000589103,2.46082054815,9.79387280396,-0.0845805,12.4501555083,74,0.0140360381058,-0.0320070581087,10.3086684229,0.0808172,0.0268798869717
17.7276,16.2257445056,21.3114744851,0.638048,0.0791421,0.0435211410311,-0.120921963123,0.0791810229993,2.45101458116,4.83417922005,3.01322482798,38.2484,0.0791810229993,0.000642392,1.60679549058,9.17657154273,-0.0841643,9.35489426592,75,0.0146615946429,-0.0357026914513,9.62390509233,0.0791434,0.0214475799003
17.7999,15.1555911417,13.360964652,0.633936,0.0793766,0.0255024612142,-0.0984182619196,0.0795021541355,1.59380131485,5.1975135143,6.43232214605,38.6364,0.0795021541355,0.000700808,1.61968614073,9.26535210008,-0.083833,9.33328908973,76,0.0149063037565,-0.0348664329511,9.7211215812,0.0793771,0.0207873578754
17.8473,14.0606198305,13.1740264178,0.620753,0.0793944,0.0346474147076,-0.109792693022,0.0795436850114,1.61064082383,4.79325156325,3.13808072153,39.0017,0.0795436850114,0.000665179,1.47442519269,9.08390947387,-0.0828198,9.46409444168,77,0.0146588540915,-0.0347603625787,9.52080659418,0.0793944,0.0200884564903
17.8325,13.0295175694,11.8172637636,0.441478,0.0774041,0.0629487310789,-0.0548564248079,0.0775486175589,1.44790472898,4.31086052363,3.63774261531,39.4765,0.0775486175589,0.000705785,1.20167797736,7.83378914862,-0.0814945,8.03228614489,78,0.015271781796,0.00285245853149,8.11739784589,0.0774051,0.0163847522901
17.8754,12.5105302794,10.0208463005,0.352826,0.0785996,0.0550784658193,-0.0506341305541,0.0786545142536,1.24453666086,3.15060620043,4.52802978763,39.7262,0.0786545142536,0.000734464,1.22510584343,7.26187321669,-0.0851165,6.66603057997,79,0.0156262241536,0.000603109312807,7.50495878594,0.0786036,0.0160199182998
17.9591,10.7320490962,10.4406284623,0.375364,0.0823309,0.0484372910954,-0.0451430467531,0.0825085950409,1.29509888211,4.01516630427,4.09238646535,40.1881,0.0825085950409,0.000827748,1.12836256071,7.00195266156,-0.0895375,7.04015671896,80,0.0162452447637,0.000921677355088,7.22576571091,0.0823351,0.0148066459047
17.9906,11.0460561794,9.77488939859,0.349726,0.083824,0.0529983583173,-0.0534166653575,0.0839998620074,1.23998810365,2.74082817976,4.05190183019,40.5258,0.0839998620074,0.000916208,1.17726008568,7.03119604848,-0.0905535,7.08518338048,81,0.0166181216568,0.000762816130905,7.25825979764,0.0838259,0.0149318915282
18.0351,11.7902959186,10.3584471057,0.373778,0.0851214,0.0553911888916,-0.0593023187244,0.08531139786,1.36056389617,3.29710106964,3.6259563148,40.862,0.08531139786,0.000952971,1.17163201207,7.14930065483,-0.0909935,6.95020383858,82,0.0167791373091,0.000536886749644,7.38448532254,0.0851247,0.0158273956096
18.0669,11.1678349496,11.3166752724,0.369971,0.0862175,0.0466061204907,-0.0649450089345,0.0863901044923,1.32732149847,3.24902093195,4.22006957845,41.2073,0.0863901044923,0.000925374,1.12795486153,7.24609718682,-0.0917659,7.27091963106,83,0.0167295544212,0.00141468807157,7.48683757879,0.0862218,0.0156762697104
18.0986,13.7151313704,11.1676612914,0.374102,0.0861179,0.0745633006721,-0.0569534316942,0.0863375703995,1.3033125254,3.83036970009,3.46861782993,41.5489,0.0863375703995,0.000990896,1.18639505881,7.27981168111,-0.0904707,7.32426832032,84,0.0166868313383,0.0011966852183,7.52309266226,0.0861221,0.0158840966627
18.1478,11.4512923689,10.7029607604,0.380803,0.0964644,0.0492828602798,-0.0518763162735,0.0966574452878,1.339895147,4.11753608823,3.22270794259,42.0166,0.0966574452878,0.000838048,1.12013613796,7.26655487632,-0.100437,7.42075232549,85,0.0152046321327,0.000125793863132,7.51134749132,0.0965687,0.0157700422266
18.1361,11.4853743898,10.7985157499,0.372345,0.101839,0.046782034301,-0.0549926145864,0.10185405816,1.20742956173,4.40900924953,3.07853545683,42.1538,0.10185405816,0.000924118,1.11312167253,7.26650213331,-0.104077,7.16142746679,86,0.0181170737383,0.000147414358633,7.51100953325,0.101842,0.0154174330683
18.1485,11.4694161131,10.0317150115,0.415525,0.0915128,0.0547751821375,-0.0520470474452,0.0915636612529,1.40508979557,3.80109105778,4.19396422214,42.4843,0.0915636612529,0.000622492,1.27000589237,7.0888698111,-0.0921472,7.31655358957,87,0.0129784874807,0.000945125152877,7.31985442991,0.0915136,0.0153428671718
18.2407,14.3180191716,13.9732811843,0.691026,0.0846428,0.0459362263894,-0.0876046322177,0.084651380704,1.90497771578,4.96901669591,3.92121553072,42.7273,0.084651380704,0.000534637,1.54014038853,8.70997124868,-0.0899625,8.27324579745,88,0.0111053734736,-0.0288607334039,9.10391770858,0.084643,0.0199202617521
18.3125,22.192209861,19.4651508113,0.770623,0.0833402,0.0686517546753,-0.0792518288668,0.0833550546688,2.83625258085,9.38979704087,5.20153089835,43.0611,0.0833550546688,0.000528524,1.69537917384,12.9675399285,-0.0914005,11.113965052,89,0.0109702275949,0.00953948544775,13.8129128836,0.0833412,0.0206667815966
18.3991,18.4614555276,16.7344439004,0.797844,0.0867681,0.0766310417825,-0.046600546468,0.086775804046,1.76343437639,8.99500087547,4.8723369769,43.3495,0.086775804046,0.000628524,1.6358481277,12.7988285845,-0.097648,13.1362224189,90,0.011926318215,0.0137242612584,13.6058341739,0.0867721,0.0194291177486
18.4842,18.8266607508,17.3452448015,0.813946,0.0918167,0.0813128086533,-0.0493938311916,0.0918503787027,1.73340937774,7.7804958374,5.8740077859,43.7623,0.0918503787027,0.000777993,1.50669790954,12.7270876758,-0.103717,13.3037483531,91,0.0127057825427,0.0104790935932,13.534606985,0.0918206,0.0207397216222
18.5567,18.0504798575,17.7645391099,0.809789,0.0963747,0.072058436658,-0.0564410572508,0.096394459202,2.02485409519,9.48770798647,1.9975382565,44.0956,0.096394459202,0.000913163,1.41088855036,12.8880131027,-0.108827,13.526596883,92,0.0146484842679,0.0138267122026,13.7049168372,0.0963762,0.0184914611314
18.5995,19.0842249465,17.1735555449,0.818309,0.100023,0.0726156091567,-0.0548201770042,0.100110333628,1.4772439862,8.5976599384,9.25464808863,44.45,0.100110333628,0.000980498,1.51408908113,12.7895362157,-0.11306,13.7391171247,93,0.0155331641993,0.0101105860586,13.6041130949,0.100026,0.0202229262237
18.6121,21.3305409801,17.8199130958,0.700975,0.103813,0.0740242847462,-0.0517160187344,0.103922932473,2.00548537896,8.55848045171,2.15393060551,44.8343,0.103922932473,0.00110609,1.58772596464,12.8487576233,-0.116049,13.6856985985,94,0.0157554094563,0.0131853941123,13.6629845364,0.103815,0.0184082395858
18.6234,18.4461524442,18.5179036472,0.721515,0.107699,0.065602061754,-0.0437140187296,0.107549532399,2.04083942063,8.43017995033,5.33241701473,45.2172,0.107549532399,0.00138761,1.60805580243,12.6918356233,-0.120591,13.2077276428,95,0.017352806154,0.0105565679538,13.4912652508,0.107702,0.0202217842531
18.6348,20.1610721874,18.3258997423,0.640302,0.112097,0.0900802603713,-0.0452537697758,0.112184294868,1.96215849953,7.6090769005,8.26237692853,45.6611,0.112184294868,0.00152079,1.90628731109,12.1895444247,-0.126323,13.3940062684,96,0.0177070136668,0.00913960596074,12.9295853858,0.112102,0.0199880177999
18.6766,18.9419890629,16.8660171782,0.636995,0.11422,0.0675211564759,-0.054712880853,0.11431861638,2.11429029038,8.06932416118,4.94779124824,46.0919,0.11431861638,0.0018587,1.67818552426,12.6077631111,-0.126811,12.3875716628,97,0.0200951118876,0.0107155363011,13.3960076032,0.114229,0.0188909985443
18.7046,19.0103540826,19.2389894773,0.631942,0.112743,0.0770459468507,-0.0590957707563,0.112907334214,1.71118653537,8.04216899578,9.92496986394,46.4612,0.112907334214,0.00192701,1.67776777005,12.9161853278,-0.125084,13.3472124243,98,0.0205368538767,0.0115252072182,13.7415649948,0.112746,0.0199972149594
18.7251,19.4976980335,18.1589468733,0.630118,0.11284,0.0755878429345,-0.0447947474375,0.113073721897,2.09955645295,8.2381907029,7.77630989188,46.8467,0.113073721897,0.00200681,1.65070638263,12.7986270085,-0.124675,13.4556719624,99,0.020047357454,0.0106997269093,13.6109251838,0.112844,0.0195206143051
18.7557,18.841209056,17.0270664807,0.624228,0.113663,0.076246612711,-0.049655967412,0.113906662572,1.64472887157,8.31105103459,9.57347481951,47.3312,0.113906662572,0.00245893,1.57541610224,12.7791455542,-0.124948,13.1795325749,100,0.0217301575774,0.0108287248356,13.5858144011,0.113669,0.0206692154621
18.8005,19.1436444527,18.5720815591,0.625262,0.111834,0.0759830992878,-0.107059139727,0.11208426237,1.76403369487,9.001964878,7.8269528887,47.6801,0.11208426237,0.00247159,1.66900547237,12.7395154541,-0.121752,13.6058979306,101,0.0216791194213,0.0100697766264,13.5451231244,0.111845,0.0209962087264
18.8346,21.6946150232,16.5811396167,0.628348,0.108461,0.0777764858818,-0.0591042228927,0.108705850183,1.823018857,8.86146026886,7.24904681033,48.0312,0.108705850183,0.00230452,1.69834042407,12.8199758416,-0.116823,13.3979511491,102,0.0212628081873,0.00970475495726,13.6409558457,0.108472,0.0202925476492
18.8837,19.1887578019,17.0411408249,0.634273,0.103581,0.0703009072636,-0.0621008660115,0.103875544168,1.64269234621,7.50958779756,6.05789397073,48.3855,0.103876856308,0.00223176,1.65906194262,12.7727755013,-0.110251,13.4550617886,103,0.0199654952666,0.00680806103341,13.5959594856,0.103593,0.0210224606858
18.9447,19.2922424931,18.5226005255,0.633449,0.101329,0.0776193892827,-0.046292966186,0.101616287168,1.76549658917,8.80328793282,7.21319244279,48.7809,0.101616359797,0.00219105,1.75889796027,12.8014925783,-0.107019,12.879395677,104,0.0197104860219,0.00763278826204,13.6261022379,0.101338,0.0204737932215
19.0018,25.0524240315,18.5914857034,0.631076,0.0965507,0.0895460101496,-0.0539426151569,0.0968314988716,1.90938069689,9.09348847874,10.3245056409,49.2329,0.0968314988716,0.00197833,1.81141109221,12.7613311686,-0.101272,13.3673262702,105,0.0195257313106,0.00827885725146,13.5801352744,0.0965582,0.0205719685585
19.0732,13.625908552,15.0157857666,0.45456,0.093803,0.0735491834922,-0.0396673905253,0.0940896214975,1.52497383901,6.51767407849,5.4508704867,49.556,0.0940896214975,0.00180347,1.20078103504,9.54913607062,-0.10064,10.1413100777,106,0.0188449331448,0.0115170467848,9.96507839281,0.0938119,0.0163009213631
19.1275,14.3559533846,14.0289015933,0.453835,0.0942154,0.0676498937433,-0.0449542769204,0.0944677676135,1.33116716568,6.30568447211,5.85704985488,49.9399,0.0944677676135,0.0021176,1.2736520193,9.56496485452,-0.100714,9.75265817952,107,0.0198677005271,0.0128559554436,9.97874895699,0.0942252,0.0166222000603
19.1761,13.4014766636,12.6167701308,0.437307,0.0941431,0.0607068855109,-0.0524890903913,0.0944349094312,1.89228314302,5.95382565375,4.31077657769,50.3546,0.0944349094312,0.00188248,1.21261354045,8.74906725197,-0.0999877,8.68725224324,108,0.0196564482435,0.00429473301967,9.1060638867,0.0941581,0.0161867911119
19.2234,7.4104832797,9.57711476688,0.627776,0.0891391,0.0307708374836,-0.0343150657697,0.0894063843353,1.70966697601,2.61892816464,2.16556014154,50.6671,0.089484055809,0.00203964,0.690732897589,4.51704514915,-0.093329,5.632190294,109,0.0187871249751,-0.000559868126109,4.60230516326,0.0891856,0.00953402637393
19.336,6.85569034788,6.47745575265,0.642885,0.0846759,0.0322387043459,-0.0375864008596,0.0851085296285,0.668595721569,2.59928614129,2.92085009456,51.0025,0.0851148406258,0.00152554,0.655001828788,4.59059303348,-0.0912822,4.58334174621,110,0.0171459513217,-0.000431307134005,4.67825360306,0.0847711,0.00973272818207
19.4342,6.69610990717,6.32744021804,0.732622,0.0888183,0.0264938912783,-0.0294647110482,0.0892642491058,0.722811334039,2.61018271927,2.75845710432,51.3707,0.0892661961683,0.00156024,0.625457367778,4.52004271871,-0.0970572,4.48624420722,111,0.0164154692072,-0.00140721086579,4.60605803493,0.0890271,0.00924990173074
19.475,6.86181740435,6.74637553097,0.695246,0.0920475,0.0270946054862,-0.0332069273046,0.0924892384673,0.656450387916,2.60613013585,2.33118700635,51.7259,0.092493028638,0.00147705,0.610015274956,4.54295198122,-0.0994792,4.64914443848,112,0.0162238138969,-0.000892388345528,4.6291058911,0.0922696,0.00922447218281
19.4959,10.288882712,9.20093309443,0.456059,0.0921124,0.0470292666054,-0.0465860330429,0.0925627111026,1.20940672516,2.3635889905,3.08557472338,52.0999,0.0925811754603,0.00141306,1.45428190307,6.14947110947,-0.0982449,5.19024814899,113,0.0168826709911,0.00058463984542,6.32350584027,0.0922809,0.0133368176176
19.5265,10.2051261831,10.0531555584,0.482482,0.0930184,0.0377521093201,-0.0532916045798,0.0934772989882,1.47758329141,2.70459701772,1.62355506288,52.4312,0.0934918166765,0.00154937,1.15716650848,5.9468383632,-0.0991754,6.12982045111,114,0.0174357348398,-0.00052283458895,6.1066922977,0.0932363,0.0131315644675
19.5811,14.9952710696,12.394340229,0.684738,0.0920833,0.0288432036237,-0.0973375834422,0.0925232546621,1.87266922743,5.00333265716,3.33428841312,52.7716,0.0925393065463,0.00143552,1.61694267479,8.78995894508,-0.0995452,7.42410052997,115,0.016901641251,-0.0338605655333,9.20008497171,0.0923532,0.0203598136417
19.6145,14.7536444655,12.4593160283,0.69974,0.0889014,0.0255449462766,-0.0870900540144,0.0891965416369,1.43521605969,5.36495631839,5.62173679307,53.2475,0.0892529303272,0.00150676,1.69174874415,8.71838849617,-0.098038,8.7268591056,116,0.0177962284452,-0.0316143467029,9.11999858278,0.089308,0.0200442331331
19.6896,14.488820937,11.8865147829,0.716788,0.0895016,0.0319208429273,-0.0941657668925,0.0899656880109,1.22529791735,6.00893909994,6.07390827922,53.5855,0.089989318032,0.00132481,1.18338696659,9.00431876116,-0.0988516,9.22358886043,117,0.0171075049324,-0.038904980958,9.43575698609,0.0897749,0.0190286137967
19.707,14.149313427,13.6003510337,0.735464,0.0900173,0.0236987113764,-0.107500530983,0.0901821410308,1.2129066282,6.18063888568,6.18214232978,53.9316,0.0902026710636,0.00113603,1.29467501518,9.21487151359,-0.0982712,9.87579994036,118,0.0160998761915,-0.0388220752118,9.6724767299,0.0902572,0.0192761622236
19.7212,12.6945083736,12.8067407329,0.761605,0.0902475,0.0240555922287,-0.102319469359,0.0907633464268,1.25326817562,5.41940674762,6.86196305474,54.327,0.0907829237164,0.00109979,1.11100432399,8.75351125371,-0.099932,9.82183064907,119,0.0158674154661,-0.0444557839877,9.17114940516,0.0904459,0.0193080564769
19.7376,14.0368725218,13.4640798102,0.707891,0.0941421,0.0317396746845,-0.110496696179,0.0946035844257,2.11730085921,6.56862787857,3.52725946954,54.7191,0.094611864132,0.00119156,1.37464744558,9.53331925249,-0.100267,7.88927091206,120,0.0188124660245,-0.034684748189,10.0106789113,0.0941693,0.0222704837193
19.7443,14.2300731888,13.1674985869,0.657064,0.0942936,0.027587608506,-0.0950267673365,0.0948118055803,1.4541715005,6.0057516409,4.10122613811,55.1617,0.0948172490712,0.000992256,1.30709206586,9.28800422679,-0.100938,9.40614538511,121,0.0144389237348,-0.03162613146,9.73692312439,0.0944292,0.0209074427705
19.7816,14.164407208,13.5229756126,0.648308,0.0934203,0.0435375872809,-0.106086940216,0.093911654067,1.49971252964,5.00098251539,1.82749470799,55.556,0.0939162791573,0.000887651,1.40574112969,9.18279114048,-0.100821,9.61424726904,122,0.0136363446022,-0.0348895481033,9.62938434731,0.0935593,0.0216154102697
19.8199,14.027064581,13.9017879441,0.64459,0.0929183,0.0382320253413,-0.0993208598,0.0933921284756,1.45509708884,5.76282633465,5.72683196281,55.9183,0.0934209184857,0.000744671,1.3142157452,8.75765187806,-0.10026,9.26584399099,123,0.012742937052,-0.0341524298562,9.16097786271,0.0930486,0.0218223870914
19.8674,13.9596617091,13.1351116337,0.635173,0.091837,0.0497688291133,-0.0927277891781,0.092379305106,1.49356117306,5.90133698366,5.62025904294,56.1999,0.0923954940619,0.000661831,1.37619910659,9.23067349691,-0.0987609,9.40293057928,124,0.0126641611546,-0.0335126051592,9.67848777897,0.0919912,0.0209208192863
19.9112,14.3930238268,13.0410511224,0.644853,0.0907711,0.0310080670125,-0.0959122692058,0.0912622702446,1.27805354764,5.11462377235,6.51418430366,56.4315,0.0912741841761,0.000578697,1.40808160851,9.00010258796,-0.0970746,8.9148983447,125,0.0122349946805,-0.033458882487,9.42581838822,0.0908976,0.0205941454044
19.9981,12.3598522086,13.5217876583,0.889385,0.0877235,0.047275161077,-0.0954177086879,0.0881044984662,1.60295207637,4.06942889253,5.21232425951,56.6618,0.0881166358132,0.000535998,1.08598226698,7.80506032729,-0.0925049,8.49458452964,126,0.0123375325858,-0.0261370720926,8.11744427481,0.0878581,0.0179575706542
20.0231,12.2274354052,10.596404366,0.822164,0.0816879,0.0309717194694,-0.079140195104,0.0820596942441,1.14004171518,4.99884631919,5.83469527134,56.9052,0.0820761891385,0.000512347,1.12549703192,7.62408290711,-0.0867296,8.079272228,127,0.0122219660515,-0.0219167028517,7.91996576782,0.0818017,0.0181598609988
20.0884,13.2288038504,12.5667701635,0.756334,0.0816297,0.0391627325083,-0.0918131649499,0.0819919632074,1.56910614473,4.63501084978,5.75935927514,57.0874,0.0820216234838,0.000448391,1.27305816976,8.09353676241,-0.0870669,8.26090984929,128,0.0112006514118,-0.0293387673663,8.43547204019,0.0817427,0.018773250435
20.1364,14.0097280451,12.3025697951,0.731819,0.0815772,0.0396584611446,-0.0992723159304,0.0819331684028,1.44320440484,5.35773976408,5.62479607327,57.3073,0.0819600154376,0.000423707,1.40708053272,8.83853056632,-0.0880293,9.09175954433,129,0.0108707597547,-0.0335180903692,9.25215248847,0.0817039,0.0214737379142
20.158,14.7642913046,14.0424260318,0.719387,0.0819449,0.0344738473792,-0.103618840346,0.0822585967798,1.52949589726,5.77133888849,3.94543236964,57.4233,0.0822904856656,0.000380281,1.40195065217,9.04216702278,-0.0873189,9.10925600816,130,0.0104351666371,-0.0334901097121,9.47332640576,0.0820328,0.0203810148901
20.1317,25.9597463924,41.7321864995,0.810503,0.0813502,0.109793473099,-0.0410854538526,0.0813610729634,4.07786966399,7.03761018461,7.6236100169,57.6314,0.0816100154941,0.00036698,3.41645017948,12.381136551,-0.086991,11.6544210799,131,0.00996740074,0.0122850389097,13.1930997582,0.0815107,0.0226176648963
20.1467,19.3026477676,40.0316288619,0.674234,0.080034,0.0698544773989,-0.0611132161131,0.0803337807657,3.39820884703,9.15486981521,5.9887589041,57.8165,0.0804152732168,0.000367903,1.70861544278,12.9139113616,-0.0859237,13.9314907078,132,0.00952307492079,0.0103637437447,13.7436442711,0.0801412,0.0208565854092
20.2154,21.1635639388,30.2056476958,0.675884,0.0799444,0.065318711249,-0.063606295305,0.0802361160774,4.04268533212,7.94574771456,4.67922654225,57.9475,0.0802501051373,0.000382782,1.93588551572,13.2536490216,-0.0853897,13.4622349866,133,0.0093824060798,0.00820404288305,14.1453737578,0.0800268,0.0211354036191
20.2739,22.1483243286,21.669294825,0.712135,0.0798571,0.0825788337012,-0.0670931331178,0.0801849788202,2.26074495039,8.8174904621,9.88068884339,58.1511,0.0801935499953,0.000380903,1.95812326591,13.3626473337,-0.0854339,14.2206071916,134,0.00921576301272,0.00765199717876,14.2744840059,0.0799303,0.0208213575684
20.3291,22.6142450512,20.1735653542,0.695972,0.0805367,0.0713357143285,-0.0761068046279,0.0809018938793,2.19115857379,8.67962760609,8.37669626869,58.3295,0.0809066071321,0.000379926,1.97174876935,13.2691877185,-0.0861075,14.1224885041,135,0.0092584268606,0.00577504843649,14.1752631659,0.0806262,0.0210671568547
20.4064,21.1625846066,21.3118950092,0.740788,0.0806193,0.0747894104417,-0.0526536117039,0.0809034594382,2.27453931952,9.23938321836,6.0721632323,58.5411,0.0809126658678,0.000364831,1.94118266677,13.4799564013,-0.0858518,14.0631010053,136,0.00903318913023,0.00784275761068,14.4083035806,0.0807111,0.021497583442
20.4594,22.1046016846,19.9522570738,0.743279,0.080792,0.0791344008201,-0.0631231119876,0.0810938244589,2.63716740068,8.23294008151,3.71429371839,58.7526,0.081102860158,0.000388079,2.00938583984,13.4520706849,-0.0860171,14.156793223,137,0.00941473726486,0.00697441264158,14.3831697332,0.0809062,0.0223724562457
20.5267,20.7152730758,19.3703622328,0.725494,0.0816459,0.0783423499517,-0.0752025022739,0.0820473267475,2.24530887733,8.0060629816,8.99277028158,58.9941,0.0820537874005,0.000360177,1.88451625343,13.3470687309,-0.0875062,14.2555587672,138,0.00914156580597,0.00645845350076,14.2636777405,0.081768,0.0222202064425
20.5966,21.0212470912,18.6207517491,0.705959,0.0818857,0.076908663478,-0.0634339477805,0.0822817492772,2.10069349186,7.88264018907,9.30954357571,59.2378,0.0822893455665,0.000358418,1.89927863294,12.9581100692,-0.0878763,13.9894664372,139,0.00901655672862,0.00941386907315,13.8038014435,0.0819853,0.0215691595867
20.6677,20.3628267723,35.5432169813,0.74935,0.0819453,0.0825296656577,-0.045489807533,0.0823203414533,3.27019497172,8.7837177992,9.35465566507,59.3658,0.0823286117103,0.000339195,1.6921343709,13.071707221,-0.0876054,14.627697469,140,0.00902661125501,0.00990298990442,13.9282094013,0.0820496,0.0207510718164
20.7261,24.4230152655,17.5953140069,0.748396,0.0822745,0.0866393170997,-0.0565255513558,0.0826687206372,2.16037828085,4.93529849439,2.31888404677,59.4943,0.0826800869296,0.000341023,2.34381325762,12.2557077328,-0.0888333,13.3983165109,141,0.0090128768239,0.00910869956969,13.0230090127,0.0824274,0.0193322376109
20.7543,22.8108348328,21.3243776532,0.727599,0.0834626,0.0920946533369,-0.0533796560546,0.0835481851033,2.35887176505,7.96386481027,6.19922879372,59.7178,0.0835538405208,0.000292802,1.86712197644,12.5730659649,-0.0897144,12.7207571141,142,0.00857715979467,0.0119737328396,13.3565593048,0.083626,0.021187413029
20.7821,27.8514888694,23.2958482023,0.828883,0.082197,0.0982900049342,-0.051815889962,0.0824974577822,3.04462736274,6.97815019211,8.99176201132,59.9549,0.08250646727,0.00038741,3.87951836592,13.1453595975,-0.0875868,14.1940053598,143,0.00965866396083,0.0168204259028,14.0729204283,0.0823409,0.0236784556418
20.8009,27.576046103,23.98762896,0.839798,0.0816755,0.102852540302,-0.0414948669755,0.0820773755594,3.79951356804,7.24614954358,3.64927157093,60.1748,0.082090295448,0.000361645,3.83260640023,13.217895247,-0.0880896,14.4309198151,144,0.00926067778627,0.0177338885734,14.1539744627,0.0817854,0.0230229150518
20.8372,26.2012713983,22.5212144357,0.851323,0.0815987,0.0907217226864,-0.0345951862877,0.0820211073116,3.72496911429,5.74640161562,5.21979112457,60.3439,0.0820286840043,0.000342643,3.82183256883,13.3334081592,-0.0878762,13.9663489715,145,0.00912608857672,0.0173819525923,14.293975281,0.0817062,0.0220436794666
20.84,28.0638755046,23.8577951277,0.944186,0.0796671,0.0916147770504,-0.0301486858113,0.0799045728995,4.22628554031,4.5868131928,5.9268178182,60.6943,0.0799108673646,0.000397356,4.49704226554,14.0574238167,-0.08505,13.926972078,146,0.0105677676639,0.0239898703368,15.1444447155,0.0797493,0.0226670817619
20.8361,25.9401276922,23.2350394663,0.912313,0.0783508,0.0894887990352,-0.0425658929244,0.0787767792798,5.35792105845,4.80955497605,4.58006095338,60.8771,0.0787796611062,0.000387817,4.6379265136,12.7288794983,-0.0847655,13.8231171046,147,0.0104427840199,0.0155285778757,13.6453865268,0.0784449,0.0243731242234
20.8338,26.7025898414,24.8589929457,0.901923,0.0808286,0.0850313386153,-0.0391030666395,0.0812375444034,4.6797694757,5.38090329993,5.58538769891,61.0815,0.0812430911135,0.000301119,4.32031256812,13.0956877454,-0.0885905,12.9854224911,148,0.00929791054537,0.0171390919915,14.0491231352,0.080924,0.0228686045909
20.8501,29.1110050133,23.0709048139,0.924769,0.0842397,0.0982924775411,-0.0270769601983,0.0846966087119,4.37524209338,5.20792784203,6.12691755584,61.2656,0.0846984625396,0.000322997,4.32648978144,13.506525588,-0.0940446,13.4594469663,149,0.00948911760738,0.0204710052829,14.5086415868,0.0843599,0.0233113728192
20.9016,27.1406039815,23.8510527094,0.928938,0.0871742,0.100422750775,-0.0359305793767,0.0876752795946,4.13996087818,5.24326558116,5.68934074241,61.4833,0.0876815032048,0.000324342,4.49757370667,13.4766803748,-0.0970863,13.4922162606,150,0.00966905230942,0.0197720769705,14.4850656107,0.0872956,0.024395673904
20.9199,26.1062282566,29.3232385036,0.92539,0.0884216,0.09694794467,-0.0338197442629,0.0888875173681,4.68997168331,6.14290915555,5.79364064341,61.7079,0.0888944432291,0.000347719,4.15073882764,13.6668420994,-0.0965424,14.6873099254,151,0.0102137392444,0.0213173099564,14.6839904905,0.0885468,0.0236222552824
20.9428,25.7774170028,22.85948429,0.931813,0.0878925,0.090663666535,-0.0342583939654,0.0882876849647,4.04990161079,5.8075136416,6.56883635033,61.929,0.0882931243242,0.000329886,4.01516672589,13.7690623292,-0.094616,14.1318391605,152,0.00961952991289,0.0211396199054,14.8008425177,0.087981,0.0221073986967
20.9331,26.5289032701,22.4032503081,0.781036,0.0868429,0.0806802895563,-0.0368457434614,0.087167912393,3.78893734511,6.1728009135,6.45639991796,62.1252,0.0871709461968,0.000282088,3.43163566851,12.0986618141,-0.0932728,14.3323560702,153,0.00894120185402,0.0101693606692,12.8831205571,0.0869556,0.0197640787925
20.9742,27.8836953959,20.8958083765,0.908522,0.0685043,0.0956242902927,-0.0497807470137,0.0684992651884,5.10795524885,3.76884597723,3.12297018727,62.4404,0.0686112132779,0.000475604,4.16310267765,8.97505468168,-0.0748431,10.5935212899,154,0.0135936138747,-0.000111129644309,9.45051214684,0.068949,0.0210880290353
20.9899,21.4877825781,49.003056317,0.873491,0.057983,0.0812970269659,-0.0573068741359,0.0583093346119,4.54630392322,4.8189518947,1.63967703792,62.6807,0.0583368240154,0.000329956,3.38763284303,8.77311082889,-0.066606,8.23867820341,155,0.0107884022559,-0.00203690445334,9.19835266871,0.0580467,0.0203158073473
21.0363,23.9583703177,23.2578728163,0.874998,0.0629635,0.0705322132052,-0.0561613282842,0.0632492661613,3.32442491094,3.95953796261,4.4968620815,62.8833,0.0632638909455,0.000276349,2.6182882514,7.10120424585,-0.070891,8.31256284233,156,0.00885547379512,-0.00930171967104,7.3766736124,0.0630076,0.0162012056531
21.081,25.988359263,25.9118977514,0.936359,0.0674538,0.089274927764,-0.0443694778531,0.0677494943781,4.81039925833,3.98638976991,2.07524853676,63.1933,0.0677538105769,0.000323521,4.82132601421,11.8186832943,-0.0734074,10.0726144207,157,0.00904287140998,0.0103549296744,12.6299448688,0.0675085,0.023377172443
21.0815,20.518096159,22.6221440323,0.739363,0.0705314,0.0760973865176,-0.0519464268782,0.0708752853167,4.01130158635,7.54090793349,4.58472569219,63.4462,0.0708762936496,0.000332458,2.04926675724,12.2421326568,-0.0770762,13.3559994484,158,0.0091735915826,0.0072020638961,12.9977226988,0.0706054,0.0197785651757
21.0802,21.4184474857,18.9284566193,0.767749,0.0733654,0.0751799287012,-0.0654879496672,0.0736685526513,2.33300020103,7.90017913855,4.15236942959,63.7777,0.0736708049704,0.000313652,2.23333300046,13.0342400059,-0.080502,13.3407971549,159,0.00904618706688,0.00570471717963,13.9097000384,0.0734336,0.0207597379512
21.0781,23.307181089,20.7056118382,0.773245,0.0760889,0.0792743231938,-0.0709614385746,0.0763853432874,2.15767750863,8.06353169733,7.83745804618,63.9437,0.07639231247,0.000318649,2.34077522526,13.0236003176,-0.0839552,13.8395257759,160,0.00939263883453,0.00390561631861,13.9089494599,0.0761657,0.0218676308554
21.0909,22.361346232,19.3659954979,0.761908,0.0797971,0.0704350142702,-0.0619418234892,0.0801043335675,2.6616294732,7.46709502614,6.08766828713,64.1228,0.0801085581848,0.000363001,2.2155485065,12.8527274547,-0.0890809,13.7896128213,161,0.0100392255182,0.00746301408252,13.6947570836,0.0798841,0.0217789657192
21.1214,21.3318226742,21.20492506,0.767118,0.0833095,0.0705307542091,-0.0459447516689,0.0836487968704,2.73740358218,7.09422975116,3.80259880595,64.3441,0.0836513444386,0.000380515,2.23029863907,12.9722962765,-0.0927883,13.7807525343,162,0.0100551805683,0.00735793796061,13.833218132,0.0834026,0.0219576248737
21.1433,21.1395402807,19.5339658931,0.767435,0.0860182,0.0901286919574,-0.0681659908135,0.0864263261104,2.63914644319,8.68745155801,2.04968919429,64.5303,0.0864353665199,0.000372844,2.04688526025,13.2386354272,-0.0954081,14.148992171,163,0.0099287504101,0.00913942574201,14.1293694837,0.0861525,0.0227263407139
21.1871,21.2836840633,20.7451773922,0.76399,0.0882218,0.080909671229,-0.0701355003689,0.0887256605151,2.27292555319,8.15019758415,9.40689653285,64.7451,0.0887323971367,0.000408811,2.08105335664,13.2345201999,-0.0981199,14.0199126661,164,0.0104393130159,0.0100859859122,14.1203341673,0.0883593,0.0219698493775
21.2143,20.5360533951,19.4937963088,0.812356,0.0900339,0.0578493163689,-0.0598407628321,0.0904008906441,2.08767920841,8.36622085068,10.3877593741,65.0588,0.0904114305771,0.000394753,2.0220415166,13.7264964463,-0.100009,14.4639760607,165,0.0104564011664,0.000772704621762,14.7272449592,0.0901684,0.0199405540437
21.2377,20.5497605072,21.2315150419,0.809751,0.09194,0.0539569059524,-0.068278429383,0.0923230738724,2.59922681802,7.90742938045,4.73931379565,65.232,0.0923336943158,0.00039729,2.22827884791,13.686535922,-0.102135,14.2740332642,166,0.0103215079388,0.00029822553351,14.6902915074,0.0920409,0.020846832001
21.2852,22.0419833059,21.841556332,0.789153,0.0972764,0.0739659132104,-0.0772643829122,0.0977738886093,3.92544563982,7.56983023216,4.37009065811,65.4417,0.0977795162793,0.00060111,2.44011298557,13.2765396152,-0.10521,11.1230630211,167,0.0136092769057,0.000376803888933,14.2192806414,0.0973425,0.0222958700196
21.3326,20.9918862549,21.7095482975,0.791273,0.097548,0.0734635290523,-0.0783867851573,0.0981890277268,2.50863274578,9.4762515471,3.78104782705,65.6643,0.098193447516,0.000494994,1.96242234825,13.6253935947,-0.106065,14.2924541564,168,0.0105824049037,0.00386937644451,14.5963582768,0.0976489,0.0231930232242
21.3456,21.9157612271,23.3953809683,0.81109,0.0978975,0.0829925538222,-0.060946241141,0.098451861222,2.30333428089,8.82652474255,9.58642027278,65.8724,0.0984571221563,0.000497655,1.89859454588,13.4621368265,-0.106177,14.4900035435,169,0.0106932564752,0.00194829839784,14.4143823165,0.0980398,0.021408836385
21.3716,20.6076998194,22.0813776774,0.825993,0.0990218,0.0534768108525,-0.0613969543057,0.0993424134381,2.09982162152,8.62002226336,10.5105078667,66.0339,0.0993510527165,0.000482816,1.92328253532,13.5503158987,-0.107444,14.4060587612,170,0.0107344444662,-0.00123925756476,14.5337970669,0.0992056,0.0197017169122
21.4129,20.3723466477,21.2704765012,0.771693,0.100324,0.0919724250806,-0.0536032025178,0.100684692792,2.47852558408,8.21506420209,3.25563907156,66.3285,0.100692438116,0.000585674,1.96442150835,13.1621612869,-0.108774,14.0204927412,171,0.0110319037104,0.0105120263316,14.0341658141,0.100542,0.0200598499648
21.4436,21.4856181485,19.5969701736,0.787556,0.0994766,0.0700738448799,-0.061200066051,0.0999367061292,1.76370280833,7.04769226398,10.1294544443,66.632,0.0999551320707,0.000658456,2.07859026487,13.3849710487,-0.107994,14.2020225946,172,0.0119087241522,0.00655471196213,14.3100571806,0.0997286,0.0202295592928
21.4832,20.1047597014,25.3246226441,0.768214,0.0995373,0.0672119558016,-0.0659640519401,0.0996740363533,2.49538251307,7.80832699634,9.15978367471,66.8864,0.0996884784772,0.000615845,1.8700928305,13.0302475952,-0.108085,14.2662300887,173,0.0114566374738,0.00973966611896,13.8855287436,0.0997476,0.0201776737588
21.5121,21.66476983,19.2226242732,0.804831,0.0886039,0.0751716991643,-0.0686810091259,0.0885798805192,1.87282145209,5.25016399086,9.64782958484,67.0466,0.0892436648172,0.000941664,2.04533211174,13.5631910209,-0.0969142,14.5060293013,174,0.0152182820176,0.00474865082469,14.5238572057,0.0897907,0.0218643378195
21.5355,20.6012342943,18.6758492963,0.798217,0.0861157,0.0669831989389,-0.0741375173464,0.0863467430153,2.39781726153,8.87140088081,5.3212773877,67.4859,0.0867062955087,0.000760884,1.9979189234,13.5984776202,-0.0957992,14.1676508955,175,0.0123881012286,0.00223403539515,14.5740560762,0.0865555,0.0215989835271
21.5803,20.8848277221,18.1305219023,0.776371,0.0862063,0.0781248598291,-0.0530064309201,0.0866039539419,1.85716811657,7.17791292737,9.1028168038,67.7832,0.086634286504,0.000699649,2.12376435184,13.2451575645,-0.0961026,13.9651909638,176,0.0117488565964,0.00764567426364,14.1448965594,0.0862759,0.0217990567982
21.6182,18.9917729713,18.7675619525,0.770982,0.0873722,0.0737560110838,-0.0456156224672,0.0877748216784,2.03735577982,7.77075897275,10.0560907568,68.0255,0.087779849046,0.000780896,1.69750600457,12.4191656511,-0.096932,13.4882154221,177,0.0113198507022,0.0108614462716,13.1847766407,0.0874213,0.019427466162
21.6634,23.0148232056,18.5022995218,0.766687,0.0876627,0.0720092423873,-0.0432560116427,0.0881029578149,2.32730837916,8.02246603146,7.95135321745,68.3457,0.0881074972012,0.000793203,1.8632064084,12.8139296663,-0.096851,13.3824084524,178,0.0116303279121,0.0113685119949,13.6296621252,0.0877419,0.0206658644876
21.7372,18.6380847036,22.6260995793,0.769352,0.0884924,0.0720608018963,-0.0450465191588,0.0890294703831,3.91435290878,8.03449133624,3.73255147263,68.5745,0.0890315010687,0.000770012,1.59358719328,12.6870034886,-0.0958107,11.5157731415,179,0.0111486887875,0.011690944208,13.4852860924,0.088556,0.0197947033144
21.7626,19.6584429345,17.9007171697,0.764198,0.0899384,0.0852645513539,-0.0692386518563,0.0904115478758,1.7730677264,7.34595400852,8.36754782861,68.9091,0.0904222020296,0.000832378,1.95505851729,12.2688686283,-0.0980874,13.3148810561,180,0.0113602906084,0.00748940202321,13.0255042272,0.0900256,0.0210193800335
21.7879,19.2132128774,18.6350993738,0.771866,0.090356,0.0789804097738,-0.0517678237279,0.0908311915882,1.88548114739,9.31288345511,8.64914037935,69.2033,0.0908329689475,0.000867363,1.70798626616,12.5561989658,-0.0988288,13.1394841423,181,0.0112783760774,0.0129833669119,13.3302774343,0.0904582,0.0201386163105
21.8339,19.7332755428,24.8447620649,0.767031,0.0919383,0.0760013354604,-0.046434367763,0.092467530646,2.49189881894,5.36296842971,6.90950032352,69.4056,0.0924770723556,0.000777686,1.66796720075,12.4358380731,-0.0998384,13.1852416451,182,0.0109179614775,0.0117384189892,13.1980266518,0.0920662,0.0188471344983
21.8625,18.7095244373,19.302837773,0.759822,0.092507,0.0702049744587,-0.0645656745057,0.0931114831244,2.10528784982,4.3980457685,7.68248693749,69.6024,0.0931159133795,0.000757747,1.78124210238,12.4072658736,-0.100013,13.4915940337,183,0.0111577786607,0.0107469508994,13.1708155695,0.0926104,0.0197683360093
21.8727,21.4386861148,17.8052667669,0.773335,0.0930666,0.0830212867021,-0.0583027913988,0.0935084676454,2.12615478973,8.40857938894,2.00085016178,69.9267,0.0935181285592,0.000803504,1.75270229295,12.4817115138,-0.100499,12.8539812965,184,0.0110633253943,0.0100643157767,13.2599407606,0.0932182,0.0202312330723
21.919,21.4103647552,20.6617524192,0.765167,0.0927202,0.0868677121357,-0.0545843670051,0.0932659608426,2.2498293118,7.45426193858,3.96469271608,70.1737,0.0932774726714,0.000785604,1.86391962672,12.8377027957,-0.0999068,13.1034384854,185,0.0112243011718,0.0122343347726,13.6565939187,0.0928663,0.0203489945222
21.9695,19.6999791403,31.1266762146,0.813421,0.0917701,0.0889825785794,-0.0653017763127,0.0922717132896,2.87786436148,9.48716802486,1.95508114581,70.3559,0.0922818045691,0.00083643,1.64825865261,12.863434427,-0.0977758,13.5348306966,186,0.0113061892852,0.0106292478118,13.6907764338,0.0919361,0.0199311877277
21.9965,18.9967544168,22.134918869,0.767899,0.0898025,0.0937050519585,-0.0577319259133,0.090323795492,2.04399770468,8.58012199718,9.82818614974,70.6213,0.0903338464107,0.000886348,1.68481583951,11.9986510998,-0.0952437,13.7304463881,187,0.0118410756616,0.00780250558032,12.7174111838,0.0899226,0.0198258965421
22.0245,20.6747266393,18.1663481993,0.754267,0.0897404,0.0782002372812,-0.0542964892818,0.0903171154136,1.88138224485,7.472179411,6.75413307635,70.8392,0.0903256011072,0.000718765,1.80275858823,12.1217519525,-0.0962776,13.4887095613,188,0.0109354380921,0.0100297628534,12.8487851739,0.0898397,0.0204492016163
22.0634,20.425953314,19.0628983639,0.758253,0.0898254,0.086561676404,-0.0635060615073,0.0903193833309,1.97166826461,8.62372473664,5.77473273268,71.1712,0.0903340404863,0.000877679,1.8340552861,12.4834498997,-0.0959311,13.3928962499,189,0.011978584382,0.0102456448079,13.2593934547,0.0899866,0.0202229711526
22.1093,19.2054172313,18.4252765748,0.760085,0.0895932,0.0756785106117,-0.0562731427476,0.0901661337165,1.98399342458,7.06273310948,2.86929777768,71.4475,0.0901745858839,0.000800445,1.7803191766,12.3916486837,-0.0964185,13.4456279978,190,0.0113549496248,0.00975842073875,13.1580019651,0.0896952,0.0204902947937
22.1459,19.0405687352,18.649284895,0.75621,0.0900182,0.0786020038293,-0.055370116131,0.0905730972496,2.03869888191,6.87543239297,6.45385731417,71.6884,0.0905775689578,0.000701661,1.76648207998,12.0104318367,-0.0970182,13.2480078005,191,0.01105250447,0.00838647127757,12.7277036416,0.0901296,0.0202141845421
22.1471,20.8127592855,19.2963054793,0.756332,0.0899674,0.0720341433429,-0.0486248468599,0.0905482785843,2.19289071505,5.42338258084,4.05398167389,71.9228,0.0905496310979,0.000650478,1.71289206889,12.5566524439,-0.0972423,12.7936728736,192,0.0108853470407,0.0120435834856,13.3319975001,0.0900766,0.020389755553
22.16,19.6120081611,17.7037522058,0.769441,0.088439,0.0754965093161,-0.0674170083863,0.0889775657168,1.99053955996,8.03914793772,6.57661118842,72.1988,0.088984608812,0.000724261,1.67352289592,12.5097978543,-0.0955301,13.0884329818,193,0.0113160531054,0.0125989988986,13.279086639,0.0885298,0.0194672249729
22.2073,21.5392455434,22.944422326,0.757758,0.0893202,0.096816993566,-0.0547551737407,0.0896387873664,2.32714218009,7.49863557948,8.71665589707,72.4347,0.0896451700256,0.000674863,1.79942271917,12.8988634912,-0.0960878,13.124895762,194,0.0110027089818,0.0133071540425,13.7215805194,0.0894259,0.0201492118779
22.2443,21.3317509597,18.9933823073,0.751747,0.0886843,0.0560237868398,-0.0602982792188,0.089164379571,1.79646950369,7.57895923228,7.57796958605,72.6813,0.0891681136061,0.000693254,1.76598801941,11.6065502472,-0.0958111,13.4824370747,195,0.0110901875215,0.00333030043189,12.2859078381,0.08881,0.0185303107009
22.2581,20.7173367675,20.170252092,0.748899,0.0888769,0.0681900284551,-0.054796286577,0.08947387019,2.38319240452,8.71253686448,8.19185764153,72.9989,0.0894804434695,0.000691124,1.8404096741,12.229417731,-0.0958017,12.3695274685,196,0.011141580252,0.0064250211713,12.9813491774,0.0890039,0.0193824819413
22.2802,22.7432725959,18.551873332,0.760418,0.0886479,0.0617433037527,-0.0507941067267,0.0890089935817,1.86749626229,8.29212624336,8.07282246994,73.2851,0.0890112077523,0.000575798,1.82647313477,12.9588746202,-0.0948331,13.7893184097,197,0.0105421221875,0.0110633838614,13.7982883883,0.0887559,0.0201222372066
22.3056,20.5015595778,20.5349561798,0.778983,0.0875997,0.0847135622586,-0.0639301789564,0.0879870430057,2.43261099892,8.1455349568,3.24800791415,73.575,0.0879926932756,0.000552606,2.1062184115,13.3249612538,-0.0940246,13.8520421684,198,0.0105036974777,0.00595317816145,14.2439637109,0.0876971,0.021356016258
22.3434,21.4603092143,16.9548694328,0.774745,0.0880866,0.063915770495,-0.0508324230681,0.0884663108317,1.84267269444,8.10367657531,6.06365338775,73.8114,0.0884709161553,0.000594526,2.04877227346,13.3435194576,-0.0938689,13.4951559826,199,0.0110274749948,0.0058108010567,14.2638417363,0.0882243,0.0198752769561
22.3778,20.3582745799,17.9239241081,0.763098,0.0852839,0.0733602587693,-0.0590678325297,0.0857163723124,1.98818044502,8.92653135731,5.36151805956,74.2612,0.0857290278131,0.000594421,1.96400564448,13.1225966037,-0.0911036,14.0694975178,200,0.0116493844937,0.00692902323817,14.0025243328,0.0854482,0.0204057412262
22.4098,19.6642028669,18.8464762725,0.753714,0.0844827,0.0855431466726,-0.0780684131578,0.0850289949282,1.86729986139,7.29653319336,8.23591273046,74.4577,0.0850416649951,0.000454358,1.69451625704,12.8335464905,-0.0911273,14.287076135,201,0.0100550155818,0.0107742097257,13.651852873,0.0846369,0.0197584420993
22.496,20.6922673567,25.6221859369,0.803482,0.0835126,0.0886011148322,-0.0488134819427,0.0838929330557,2.8086397325,8.49770139456,9.54272651027,74.6087,0.0839065350864,0.000452292,1.80991941671,13.1052398252,-0.0895031,13.8798431042,202,0.0102858345741,0.0111284732744,13.9636398566,0.0837301,0.0210767656959
22.5217,19.9701757582,22.3323867597,0.8796,0.0834574,0.0724141276822,-0.0821183149005,0.0839733336508,2.46389977118,8.85897648887,4.73680536546,74.9167,0.0839789154594,0.000428414,1.87154250506,13.2564609214,-0.0906381,14.1852272228,203,0.0101911515076,0.00942151266504,14.1487094147,0.0835712,0.0230781913098
22.5245,19.7200490672,19.5840936171,0.879259,0.0825156,0.0807474538102,-0.0494024474555,0.0830489945999,1.59780162444,9.11969766967,10.8525185281,75.1634,0.0830588740674,0.000410612,1.5260595246,12.7492513175,-0.0892272,14.0590891408,204,0.00999435537054,0.0131020154642,13.5514707958,0.0826434,0.0200185551217
22.5444,19.461350576,17.0536454943,0.875482,0.0835508,0.073316169456,-0.0701997977324,0.0837570307201,1.53984037382,8.72737051438,9.87374069508,75.3316,0.0837738552266,0.000322236,1.53593130732,12.8108352272,-0.0892128,13.7174240515,205,0.0088612070482,0.0131275142003,13.6204910775,0.0836755,0.0198207537772
22.5384,19.3655576319,17.2591729425,0.848861,0.0825074,0.0809128369113,-0.0582239762386,0.0829129906983,1.41929301949,9.13581220384,10.8219064932,75.4609,0.0829207090595,0.000282526,1.6530084752,12.935889064,-0.0881483,13.6086605066,206,0.0088987220678,0.0124011491994,13.7645812185,0.0826247,0.0205461020705
22.5477,21.6759521178,20.6238239283,0.788498,0.0818622,0.0878040164466,-0.0711634389972,0.0822787188746,2.49620305683,9.26540603898,3.26516069395,75.6306,0.0822893771986,0.000266336,2.04385462439,13.3243956945,-0.0872934,14.3178184347,207,0.00871047358848,0.00426353997261,14.2483790084,0.0819677,0.0215590141965
22.5816,21.4531343289,31.3965685473,0.78772,0.080951,0.0706396643261,-0.0760147149029,0.0813442037207,2.67172164688,9.60268600356,8.53671340509,75.8987,0.0813494095144,0.000245185,1.8881447,13.325277824,-0.0865215,14.5123469252,208,0.00870573037718,0.00346105746189,14.2533327368,0.0810707,0.0223951018699
22.5966,23.1882972819,19.7825907556,0.780531,0.080965,0.0796233742521,-0.0577124194304,0.0813878178003,2.47951480909,9.18519495826,4.11403758686,75.9929,0.0813974755755,0.000242396,2.16625169294,13.3753151584,-0.0866676,14.1903796218,209,0.00860200246223,0.00520790181688,14.30622406,0.0810676,0.0199799075085
