AveragePolicySurr,QFunRegParamNorm,MinReturn,Epoch,MaxEsReturn,MaxReturn,MinEsReturn,AverageY,PolicyRegParamNorm,AverageAbsQ,AverageAbsQYDiff,AverageAction,AverageDiscountedReturn,AverageQLoss,AverageEsReturn,Iteration,AverageQ,AverageAbsY,StdEsReturn,StdReturn,AverageReturn
-0.429707,15.1941,925.956467543,10,-10.2746008137,963.330001035,-754.041034871,-0.352694494505,15.0912,0.546098,0.34899794465,0.01324,90.4111027619,0.212711,-256.025179384,10,-0.357786,0.670012038813,213.36872855,11.1106907401,947.263507112
-1.10949,15.8079,949.573852449,11,-860.510094728,965.047493529,-860.510094728,-0.230663614317,15.0178,0.638688,0.251407468731,0.0102937,98.5375651487,0.106911,-860.510094728,11,-0.238218,0.700919782037,0.0,4.70169731189,956.512501726
-2.11456,16.5272,938.994767475,12,-26.7472535631,950.59516009,-26.7472535631,0.578767243217,15.1922,0.916378,0.269994728079,0.0146294,97.4401071969,0.132583,-26.7472535631,12,0.571593,0.964057896517,0.0,3.44221710757,945.9021587
-3.10872,17.3928,933.68693088,13,4.29131274673,945.136078481,-125.55271334,1.5607396972,15.5302,1.65825,0.311873016154,0.0134945,92.7431431342,0.183461,-30.8795983312,13,1.55473,1.69060815584,48.4429182918,3.82488850904,939.321650183
-4.10197,18.3659,946.727674701,14,-39.3130160481,962.320170166,-119.620617617,2.56266790622,15.9273,2.59845,0.356318093554,0.0143895,95.5566359271,0.245815,-79.4668168325,14,2.55611,2.6196826439,40.1538007844,4.64300836416,953.863930799
-5.0953,19.3029,936.949455554,15,-166.990157395,953.671068132,-166.990157395,3.56328120334,16.4052,3.57907,0.400246679101,0.0126321,91.587918194,0.315481,-166.990157395,15,3.55603,3.59647087751,0.0,4.74256493197,944.189405069
-6.08295,20.3044,979.37886865,16,-0.998490415622,1010.94440689,-57.6751359262,4.57032137591,16.925,4.57622,0.452293156098,0.0144228,100.208722948,0.409667,-29.3368131709,16,4.56314,4.59173026171,28.3383227553,9.65079492566,998.21527935
-7.05484,21.1706,902.558989487,17,-103.243831229,938.038895383,-103.243831229,5.56761692894,17.4426,5.57122,0.482329132858,0.0213217,93.4811054426,0.455219,-103.243831229,17,5.56201,5.58255629623,0.0,11.1321688773,918.994915847
-8.04984,22.0165,882.515964097,18,-233.664817771,920.274892184,-233.664817771,6.56318184808,17.8923,6.56111,0.522778714375,0.0262038,90.4668993561,0.531563,-233.664817771,18,6.55651,6.57243962337,0.0,10.7619306828,899.000702991
-9.00896,22.8142,891.836669849,19,-180.031834279,936.187163529,-180.031834279,7.53237992669,18.3889,7.52831,0.554767109405,0.0270387,91.9010454521,0.610185,-180.031834279,19,7.52601,7.53762768507,0.0,12.7380376971,915.564307608
-9.98104,23.5726,928.657841229,20,-166.829972317,950.926211759,-166.829972317,8.52044870446,18.8164,8.51444,0.585177893289,0.0318421,91.3046578017,0.675385,-166.829972317,20,8.51296,8.52368516548,0.0,6.31173298797,939.953281019
-10.9356,24.2171,864.94155997,21,5.56467125393,940.724574259,-289.169834344,9.49617460682,19.2866,9.49052,0.618901229866,0.0268545,88.868655471,0.757103,-141.802581545,21,9.49,9.4977120189,147.367252799,22.2613476425,908.845145436
-11.8758,24.8634,887.121652414,22,-27.3044011272,950.270610552,-27.3044011272,10.4575468752,19.7059,10.4497,0.653681048617,0.0309383,95.5985626962,0.860941,-27.3044011272,22,10.4496,10.4592890268,0.0,17.2202058997,935.191897799
-12.7767,25.494,927.59196785,23,0.197258098446,980.213078994,-253.200110382,11.3484059614,20.1043,11.342,0.703330379142,0.0333,95.202550884,0.994739,-99.1727374933,23,11.3412,11.3506979491,110.432870282,16.2768888753,956.998246042
-13.7206,26.1065,806.491045788,24,-113.405146356,971.632338381,-250.368487401,12.280869516,20.5033,12.2722,0.740294113635,0.0385531,94.206733124,1.10409,-181.886816878,24,12.272,12.2826129311,68.4816705227,49.8586162928,929.32356618
-14.6491,26.6773,715.354100738,25,-9.47884160789,932.589834372,-132.705668983,13.2168219497,20.8827,13.2094,0.766829432827,0.0413275,93.1634175206,1.21,-76.928265157,25,13.2093,13.2187478183,43.9591256857,65.8875256292,868.832695274
-15.5715,27.2218,814.47713231,26,-152.335049175,977.525468892,-152.335049175,14.1352528786,21.2855,14.128,0.782489915717,0.0355226,96.5890128222,1.18649,-152.335049175,26,14.1278,14.1366523126,0.0,48.7550216981,931.678410525
-16.451,27.7513,802.602134258,27,-236.873205907,918.474125789,-236.873205907,15.0288099153,21.6809,15.0224,0.808455909915,0.0401753,95.4408526844,1.30461,-236.873205907,27,15.0221,15.0308802407,0.0,31.1006735263,867.942330307
-17.4046,28.32,738.710520663,28,6.67000808798,962.061848093,-120.762878402,15.9591585481,22.0434,15.9501,0.853655030108,0.0431579,95.5665691501,1.50417,-47.0904627695,28,15.9498,15.9613778875,53.8958829492,75.062711198,881.100771045
-18.2904,28.78,584.244753727,29,8.97244301877,1005.87389555,-81.3427801957,16.8750484878,22.4268,16.8665,0.856562310777,0.0730515,95.1052318411,1.47698,-36.1851685885,29,16.8663,16.8769596912,45.1576116072,170.159191201,809.942177923
-19.135,29.2637,857.451498133,30,-214.024988904,1125.14864924,-214.024988904,17.7604594513,22.7569,17.7521,0.860264243316,0.0567582,100.424926174,1.50095,-214.024988904,30,17.7521,17.7621521176,0.0,100.700265364,987.46941336
-20.0429,29.7853,764.109026667,31,-14.1401566575,1022.76125889,-235.446237396,18.6194123539,23.1066,18.6123,0.903164072657,0.0659219,97.1359532446,1.7157,-92.7467154649,31,18.6123,18.6215722483,85.7690754551,73.2747441887,853.902258208
-20.9626,30.2365,409.981756773,32,-284.669856243,979.379531136,-284.669856243,19.5227527624,23.4217,19.5148,0.920178770522,0.0502625,98.8590215006,1.73883,-284.669856243,32,19.5146,19.5254351983,0.0,172.590913402,838.406501553
-21.8658,30.663,85.7232236813,33,-169.003734204,946.776923309,-169.003734204,20.4245013278,23.7125,20.4172,0.928303740148,0.0641089,87.6791280857,1.76122,-169.003734204,33,20.4169,20.4257295669,0.0,323.280367436,684.83469803
-22.6797,31.0939,736.164548223,34,-17.4856777078,1082.2552074,-252.135383422,21.2696983666,24.0272,21.2604,0.930576469724,0.0639563,106.929466157,1.79707,-134.810530565,34,21.2601,21.271204466,117.324852857,104.109940583,898.879180215
-23.5315,31.5672,824.670046522,35,-47.8848438436,1025.1173009,-279.399435868,22.1193610389,24.3432,22.1112,0.948698418635,0.0612547,102.571361894,1.96454,-163.642139856,35,22.1109,22.1214357701,115.757296012,51.9011346412,910.256580663
-24.3698,31.9847,760.086534641,36,-225.63412201,1000.01081822,-225.63412201,22.9634944256,24.6514,22.9558,0.957665001459,0.0547984,94.8840784364,1.94898,-225.63412201,36,22.9558,22.9650367571,0.0,72.6233352746,888.634305432
-25.2459,32.3813,561.23993695,37,-42.6856577059,934.402658304,-42.6856577059,23.8290851644,24.9399,23.82,0.984196300035,0.0668958,90.8580511521,2.12842,-42.6856577059,37,23.8199,23.8312528198,0.0,91.2825719091,826.580303491
-26.02,32.8048,824.94338598,38,28.9365273283,942.7706442,-218.81547733,24.6085358276,25.2165,24.601,1.00144027056,0.0553945,91.5644084798,2.10628,-95.0488214986,38,24.601,24.6103171648,101.144450575,30.3372420861,883.333883033
-26.8935,33.1355,837.463612794,39,-37.4769885717,1004.90716645,-79.8892700389,25.4933558668,25.522,25.4834,0.992177095219,0.0580955,103.300515619,2.07941,-58.6831293053,39,25.4833,25.4943254552,21.2061407336,48.9858135956,907.382735964
-27.6768,33.4899,323.889757703,40,-14.2565574351,914.502957262,-107.779102138,26.3163840456,25.7691,26.3088,1.03095312012,0.0553696,96.6143779127,2.26071,-61.0178297865,40,26.3087,26.3180477859,46.7612723513,155.243187865,796.06002759
-28.4567,33.8292,769.593942778,41,-4.79873159515,972.298537706,-58.8733293004,27.085283227,26.0428,27.0777,1.02068178857,0.0599752,97.6165670312,2.266,-33.4403458879,41,27.077,27.0873946094,22.5400261997,62.3167717399,854.735787126
-29.1861,34.1892,861.141614331,42,-218.711243165,905.402013427,-218.711243165,27.8413924204,26.2638,27.8339,1.04266104436,0.0435972,87.1692189513,2.46879,-218.711243165,42,27.8338,27.8427933105,0.0,11.9655350104,882.68315073
-29.9529,34.538,13.0791508188,43,13.5004330308,980.937328398,-195.942641603,28.5780615318,26.5148,28.5706,1.04479370007,0.0517981,88.0072102909,2.45008,-68.0592503662,43,28.5706,28.5798815569,77.6167884777,309.313871249,760.214937725
-30.6773,34.874,244.185328926,44,-95.2231136838,1094.47189549,-95.2231136838,29.3138155954,26.755,29.3055,1.07974445389,0.0502154,96.8744440717,2.64242,-95.2231136838,44,29.3055,29.3156222991,0.0,225.222034749,912.843575051
-31.4284,35.217,772.614536027,45,-6.81865318643,1006.26792971,-246.765531971,30.0611458174,27.0473,30.0522,1.07780990231,0.0621822,112.407461969,2.59843,-126.792092579,45,30.0515,30.0631426376,119.973439393,70.3588519706,863.918243278
-32.1646,35.5217,234.206523136,46,-44.5788722948,904.499865423,-149.187553934,30.812759827,27.284,30.8047,1.08008549529,0.0586484,92.5173663505,2.58697,-96.8832131142,46,30.8046,30.8142451792,52.3043408194,179.270004508,795.178149345
-32.9053,35.8601,856.963541428,47,-56.8689595385,994.683797133,-56.8689595385,31.5377171971,27.493,31.5311,1.10101906533,0.0476382,103.626115014,2.77793,-56.8689595385,47,31.5308,31.5390347569,0.0,42.4849712175,932.868665834
-33.6473,36.2119,27.8867389187,48,8.59062978682,834.653510535,-201.818661348,32.2691437529,27.7153,32.2612,1.12277464368,0.0775419,75.7858670332,2.9242,-46.2514782434,48,32.261,32.2705790139,66.3668586467,272.854600054,650.779442734
-34.3509,36.5199,663.857505708,49,-6.33108983034,750.530543982,-89.3218546032,32.9982625424,27.9469,32.9908,1.14157318536,0.0770504,87.8168639384,3.15038,-47.8264722168,49,32.9908,32.9997377142,41.4953823864,23.5344976549,706.395994307
-35.1108,36.8422,727.046830628,50,-232.787915488,935.319874213,-232.787915488,33.6909598513,28.1435,33.6844,1.1185188028,0.0620399,89.9543721377,2.96655,-232.787915488,50,33.6825,33.6931384036,0.0,61.5323699997,851.73687891
-35.8001,37.1604,62.6733027556,51,-258.380437039,833.975976832,-258.380437039,34.4122093,28.3814,34.4035,1.13034268102,0.0794905,78.1903337244,2.92243,-258.380437039,51,34.4023,34.4138143114,0.0,253.796409688,647.07654707
-36.5062,37.4381,205.891156673,52,-45.7149140586,874.964775574,-260.010917822,35.1283377057,28.5996,35.125,1.13389911355,0.0654144,85.0335964962,2.96181,-128.59634484,52,35.1214,35.1300730952,93.9762158778,199.658755271,731.298933717
-37.1659,37.8262,300.737815146,53,-235.134747761,951.206303798,-235.134747761,35.8121421645,28.8531,35.8053,1.15339377783,0.0630461,91.4546591122,3.02951,-235.134747761,53,35.8034,35.8149175934,0.0,175.843485634,756.903810056
-37.8994,38.0804,409.382686686,54,-173.769202329,940.401571894,-173.769202329,36.5231854704,29.0643,36.5178,1.13261426978,0.0657033,92.7901739789,2.93767,-173.769202329,54,36.5159,36.5250557386,0.0,151.746301456,803.265613942
-38.5128,38.4085,105.810966403,55,31.6689799788,983.550097229,-264.414476503,37.1507548862,29.3364,37.1444,1.16355976158,0.0956036,86.0953895289,3.06717,-75.4355314501,55,37.1416,37.1539337009,103.534851361,242.268827519,687.650371727
-39.2171,38.676,167.431777302,56,-5.78698778552,815.507046637,-214.996371156,37.8569098227,29.5108,37.8526,1.16265046574,0.0696162,75.1798058816,3.29612,-90.4681675734,56,37.8509,37.858934968,89.9369427307,235.346267088,638.452499316
-39.8157,38.9627,233.39077347,57,-200.211491429,988.186069862,-200.211491429,38.4674655637,29.6874,38.4613,1.16254630921,0.0588911,93.4923179321,3.21371,-200.211491429,57,38.4586,38.4706468063,0.0,188.877691218,803.385327721
-40.4537,39.2345,339.273728229,58,-267.261781064,893.434663138,-267.261781064,39.105021844,29.8823,39.1045,1.17477834183,0.0725734,83.4235005265,3.4112,-267.261781064,58,39.098,39.1090731394,0.0,148.889334675,787.466729042
-41.1374,39.4899,145.385972743,59,-149.887254877,913.810963496,-149.887254877,39.7871943108,30.0529,39.7811,1.18647058687,0.0681301,80.9177991145,3.43412,-149.887254877,59,39.7769,39.7899899167,0.0,256.577268231,674.631141969
-41.7324,39.7764,726.481683164,60,-7.59063428658,992.539560088,-271.97984715,40.4040458454,30.2749,40.404,1.19908318245,0.0714252,92.5961969715,3.54694,-139.785240718,60,40.3985,40.4071304363,132.194606432,89.1010775839,848.790002078
-42.3247,40.1009,589.380315,61,1.66616828658,873.277696595,-113.700717802,40.9789660803,30.4863,40.9744,1.1985073616,0.0965602,83.4917565348,3.45764,-43.5450703417,61,40.9704,40.9821838626,42.6536455549,83.4177208572,784.916567852
-42.9866,40.3082,849.160521624,62,3.52409780354,909.451880264,-144.551595364,41.6522670056,30.7095,41.6476,1.18729109186,0.0574719,90.543922707,3.49267,-70.5137487803,62,41.6449,41.654017827,74.0378465838,18.3336118665,877.773456807
-43.5662,40.6217,698.818679415,63,-19.6349070418,916.636089165,-214.400481407,42.2401791143,30.9173,42.2365,1.20937131464,0.0726954,92.5328868936,3.67952,-117.017694225,63,42.2308,42.2440052003,97.3827871828,71.8123052236,837.497716398
-44.0517,40.862,332.374860975,64,-10.4142177033,944.763177416,-198.812629505,42.750639336,31.1077,42.7513,1.20803312264,0.0718997,94.842628863,3.71853,-77.4418513521,64,42.7448,42.7551915422,85.9781887392,163.627594322,838.976288363
-44.6852,41.1056,744.605481767,65,-200.922754595,869.051477509,-200.922754595,43.3882799471,31.3027,43.3856,1.21841814489,0.0650038,84.3795954596,3.72728,-200.922754595,65,43.3806,43.3911849486,0.0,45.2292518851,817.07262157
-45.1943,41.311,589.301013777,66,-220.004103718,750.567987712,-220.004103718,43.8817616741,31.5086,43.8837,1.19924840793,0.0927981,70.2291778934,3.65246,-220.004103718,66,43.8752,43.8852044489,0.0,44.570608407,652.085108407
-45.7938,41.5738,697.470750294,67,-292.577674943,849.419037686,-292.577674943,44.4477183223,31.6656,44.4447,1.18863206615,0.0602865,77.4970728049,3.70187,-292.577674943,67,44.4393,44.4501081459,0.0,39.5320840957,799.540000765
-46.3586,41.7866,69.9142529047,68,-2.15331231026,628.453622031,-245.146555999,45.02762921,31.8679,45.0321,1.20075782101,0.101656,62.00781261,3.63755,-123.649934154,68,45.0218,45.0327841087,121.496621844,150.616976801,544.010799932
-46.9356,42.0893,698.879102569,69,-257.692673315,745.92822339,-270.061043187,45.5929428965,32.0179,45.5894,1.17593677977,0.0731242,75.3498738246,3.43586,-263.876858251,69,45.5842,45.5957472049,6.18418493626,17.6679919587,723.07295751
-47.4858,42.3646,652.47136271,70,-123.422241857,824.916767749,-161.86279246,46.1510324998,32.2434,46.1515,1.20146434031,0.0613448,72.1712053805,3.72893,-142.642517158,70,46.1449,46.1540973143,19.2202753015,57.9250176028,751.551496588
-48.0148,42.5554,418.804584124,71,-164.447534776,951.958654996,-164.447534776,46.6950309612,32.4679,46.6909,1.17399204067,0.0593994,91.8877968262,3.62605,-164.447534776,71,46.6867,46.6972331593,0.0,140.666464723,820.844971057
-48.5406,42.8051,585.836094067,72,1.52633553832,737.473186012,-106.275996433,47.1881842322,32.6358,47.1865,1.2129142191,0.0852069,77.153745508,4.07578,-52.3748304473,72,47.1806,47.1915924426,53.9011659856,47.9722243547,688.599071291
-49.0527,43.0609,688.906241318,73,-277.190188202,796.982536647,-322.177967311,47.7229554663,32.7792,47.722,1.20534795899,0.0803071,74.8615890358,3.83707,-299.684077757,73,47.7169,47.7266557066,22.4938895545,28.1532830072,721.577672766
-49.5016,43.3339,100.161732119,74,-67.2195058119,812.475948646,-67.2195058119,48.1734217636,32.9536,48.1747,1.20742964031,0.0796016,74.370751963,3.88773,-67.2195058119,74,48.1673,48.1749692295,0.0,181.731176624,658.058983391
-50.0323,43.5426,671.676374681,75,-274.458191397,793.594082935,-274.458191397,48.6998864492,33.1111,48.6994,1.19272588324,0.0861971,82.7399747278,3.79181,-274.458191397,75,48.693,48.7019428321,0.0,35.5434916591,712.128582206
-50.4638,43.7996,733.742056163,76,-342.733142283,891.922400366,-342.733142283,49.1344930336,33.2862,49.1341,1.18258662409,0.0634528,87.6983409098,3.69916,-342.733142283,76,49.128,49.1367671253,0.0,42.8558832433,838.395160911
-50.9632,44.1009,741.304201923,77,-247.846973299,799.180797156,-247.846973299,49.6367171225,33.4805,49.637,1.2351764095,0.0626452,84.1893737826,4.09139,-247.846973299,77,49.6295,49.6400001872,0.0,23.2441152944,765.608498733
-51.4785,44.3435,771.005376015,78,-17.2821098946,898.048994278,-309.418641275,50.12463801,33.6686,50.1251,1.25380577837,0.056696,85.2956248403,4.34169,-105.924958888,78,50.1174,50.127525929,111.934521151,37.6384506831,823.589324472
-52.0671,44.5886,665.045298843,79,-33.5493913657,841.46082807,-33.5493913657,50.6791072619,33.8721,50.6749,1.23092678052,0.0946536,76.2134083991,4.18642,-33.5493913657,79,50.6701,50.68137476,0.0,47.9367490579,745.579201614
-52.5974,44.8134,688.816102104,80,-195.392254915,799.885605946,-215.501775703,51.2100138862,34.0303,51.2139,1.21899663884,0.0773379,68.6808493953,4.05927,-205.447015309,80,51.2026,51.2125084185,10.054760394,40.398140904,749.961583101
-53.0945,45.0612,652.864622805,81,-199.836891881,824.22825729,-199.836891881,51.7225396922,34.1646,51.722,1.2059931504,0.0619826,73.9517661166,3.70714,-199.836891881,81,51.7176,51.7250158154,0.0,57.5357300525,750.747875889
-53.6652,45.3301,631.204687031,82,-49.4231297276,845.362878698,-49.4231297276,52.2762631044,34.3616,52.273,1.22962542787,0.0638182,81.8186293044,4.19303,-49.4231297276,82,52.2683,52.2786961523,0.0,66.5307903337,754.526261447
-54.2452,45.5942,605.508751608,83,-150.073554777,750.220613889,-319.223379851,52.8211824155,34.4806,52.8218,1.23921177115,0.0872654,71.5978572173,4.17501,-234.648467314,83,52.8144,52.8232211282,84.5749125369,55.8020630484,680.950005367
-54.7176,45.8439,656.899105916,84,-1.60270183904,812.105504789,-47.6279907305,53.3502519528,34.6547,53.3521,1.25478693277,0.0690185,81.2444507704,4.25298,-24.6153462848,84,53.3439,53.3542685439,23.0126444457,51.4066325101,753.131268748
-55.261,46.0409,662.436511302,85,-1.44842370487,827.189975318,-156.741087196,53.8780393559,34.8385,53.8824,1.26303745129,0.0638071,78.7841479464,4.55132,-58.945777412,85,53.8709,53.8818659428,69.5072983292,63.9428193743,755.460936446
-55.8097,46.3183,732.050414472,86,-192.973663491,1000.99692439,-192.973663491,54.411636804,34.9553,54.4124,1.26576752218,0.0736798,89.4414649484,4.70831,-192.973663491,86,54.4047,54.4161491048,0.0,92.4600529236,901.849210423
-56.3435,46.5628,616.963765515,87,-260.331809635,831.346620479,-260.331809635,54.9376635543,35.099,54.9433,1.26079214714,0.0867453,77.4910458316,4.79387,-260.331809635,87,54.9302,54.943238866,0.0,59.1667216947,677.490255601
-56.8772,46.7574,101.361464144,88,-258.15544267,963.820382474,-258.15544267,55.432586969,35.2385,55.4317,1.24245658747,0.0883326,80.7137267481,4.30962,-258.15544267,88,55.4267,55.4359285366,0.0,240.776451876,676.139133082
-57.4683,46.9665,599.929138834,89,-252.046214353,712.550984037,-252.046214353,55.9805635391,35.3905,55.9873,1.27496585505,0.0856558,70.4482748595,4.76885,-252.046214353,89,55.9747,55.9857618841,0.0,27.0086969167,661.250302573
-58.0652,47.2433,718.404999339,90,-200.726269932,863.338747838,-200.726269932,56.5969684013,35.5452,56.5948,1.26763957841,0.0570167,78.5747579881,4.6019,-200.726269932,90,56.5887,56.6023174838,0.0,59.716282321,769.764857535
-58.5438,47.4317,735.035405511,91,-191.63223825,835.167032072,-262.493314256,57.0616212042,35.7009,57.0683,1.28480943798,0.0823539,80.6687021233,4.84369,-227.062776253,91,57.0566,57.0648366432,35.4305380026,33.4128373764,760.798968746
-59.1411,47.6471,768.208320163,92,-287.722648579,935.979656598,-287.722648579,57.7291626915,35.8568,57.729,1.26244136201,0.0627934,86.1535119119,4.5086,-287.722648579,92,57.7218,57.7330886499,0.0,48.1530951103,826.054027563
-59.6131,47.8756,601.054790724,93,-177.499269193,890.00365274,-177.499269193,58.1918812041,36.025,58.1947,1.26844174384,0.056269,85.1382291591,4.57036,-177.499269193,93,58.1836,58.1957740424,0.0,91.6403296401,804.585641754
-60.141,48.1244,691.481752013,94,-50.6653670066,998.629634508,-137.383922492,58.7073477673,36.1806,58.7094,1.29567388219,0.0561696,92.7338870893,4.98082,-80.2630026198,94,58.7015,58.7114543399,40.3994665697,82.0405483511,926.104089448
-60.6391,48.3549,132.626859179,95,-2.63872444705,987.473563504,-238.769832258,59.1732533428,36.3645,59.1746,1.26406795316,0.0757861,91.2722988418,4.74197,-120.704278352,95,59.166,59.1783476758,118.065553905,251.05338322,730.409598284
-61.1562,48.5799,654.746481871,96,-39.837372974,790.881972495,-144.442173167,59.7149189764,36.5362,59.7169,1.3188915276,0.0741228,82.2620706429,5.34273,-92.1397730705,96,59.7072,59.7196275095,52.3024000965,43.9102918601,739.101307329
-61.7425,48.8212,687.21597027,97,-31.649486463,787.668695685,-31.649486463,60.300297507,36.7077,60.2992,1.31527534461,0.07003,77.5687634864,5.12125,-31.649486463,97,60.2919,60.3048077475,0.0,28.9430329887,758.652044225
-62.2059,49.0918,668.668428977,98,-240.70645977,782.376308053,-240.70645977,60.7839002122,36.8924,60.7939,1.34029852526,0.0980493,77.3707359001,5.89193,-240.70645977,98,60.7777,60.7916772485,0.0,33.1934105615,740.040879803
-62.7431,49.2949,784.492874238,99,-59.2780321603,912.337111092,-59.2780321603,61.3263775988,37.071,61.3329,1.29316570654,0.0692928,83.6338631289,4.67549,-59.2780321603,99,61.3205,61.332863559,0.0,39.2361640162,835.162442084
-63.2528,49.5022,52.1928340008,100,-160.401602202,803.50594453,-160.401602202,61.8391451183,37.2335,61.8472,1.31431716428,0.0715352,76.1695196714,5.14163,-160.401602202,100,61.8326,61.8458869436,0.0,204.739812692,689.599507343
-63.697,49.7409,243.473531159,101,-22.2474775724,1138.29159715,-171.005892037,62.2616480313,37.3826,62.2624,1.32634002064,0.0636405,103.623590911,5.3515,-96.6266848048,101,62.2532,62.2644432729,74.3792072325,235.051765629,919.103978748
-64.2262,49.9582,745.194691687,102,-144.329037489,930.479059212,-144.329037489,62.7881289136,37.5706,62.796,1.29199246792,0.0959356,91.6888621889,4.99708,-144.329037489,102,62.7807,62.7928425449,0.0,61.6919025047,857.10739738
-64.6985,50.2289,763.07710388,103,-4.83311575727,922.71597566,-256.404976104,63.2569312537,37.7067,63.2577,1.32130818651,0.04451,90.0439068595,5.51691,-81.869320668,103,63.2501,63.2620594694,89.6980892272,46.2882927481,869.497617966
-65.1596,50.4411,77.4691393468,104,-19.7371630844,942.147182734,-56.8465145643,63.7134811262,37.8635,63.7258,1.35045651361,0.0613596,85.1796568489,5.77606,-38.2918388244,104,63.7085,63.718534148,18.5546757399,228.253393207,756.000433754
-65.5823,50.6627,388.519274613,105,-210.330745909,876.703434553,-210.330745909,64.1433333388,37.9849,64.1497,1.33910573839,0.0817466,87.6097988026,5.60342,-210.330745909,105,64.1337,64.1486297637,0.0,147.118494876,737.977021369
-65.9974,50.9055,669.18273374,106,-188.188806259,865.015079516,-188.188806259,64.5711143488,38.1655,64.5807,1.34290655757,0.0784722,82.0542856121,6.26657,-188.188806259,106,64.565,64.5773289255,0.0,63.9882473302,761.085005862
-66.5069,51.1825,739.15690984,107,-277.864413706,839.156231836,-277.864413706,65.0318860009,38.3143,65.0355,1.34737020741,0.0611605,79.1209118121,5.81516,-277.864413706,107,65.027,65.0354216419,0.0,29.6881821993,816.293866413
-66.9973,51.4446,773.188438745,108,-19.1925218405,878.944848496,-224.378350097,65.5381941464,38.4803,65.5403,1.3167571175,0.0888985,84.9590952194,5.3075,-121.785435969,108,65.5313,65.5415133555,102.592914128,31.7476245165,840.308834483
-67.5485,51.6648,825.257141965,109,-335.444676503,976.694991791,-335.444676503,66.0841523105,38.6275,66.0916,1.32252139633,0.0514178,88.1972335658,5.12223,-335.444676503,109,66.0784,66.0884856794,0.0,40.9496351758,886.678049442
-67.8968,51.9174,748.847159212,110,-290.677853351,843.262504453,-290.677853351,66.418917265,38.78,66.4206,1.34220113112,0.0673037,80.1954803268,5.3935,-290.677853351,110,66.41,66.4220451948,0.0,26.1672383559,808.437328972
-68.43,52.1031,720.79978991,111,-282.974979712,921.997172346,-282.974979712,66.9583330995,38.9165,66.9662,1.3256699065,0.0425705,86.5910963021,5.29535,-282.974979712,111,66.9529,66.9616388646,0.0,73.931258731,844.847387017
-69.01,52.3879,765.882649035,112,-153.735000267,841.485091481,-249.738509706,67.4842531932,39.0224,67.4862,1.34593080655,0.0540136,74.7415316776,5.5206,-201.736754987,112,67.4773,67.4881730778,48.0017547192,21.0658573146,779.486894627
-69.5102,52.624,819.150720475,113,0.536804315178,865.325535961,-229.768901722,67.9814436245,39.181,67.9868,1.34089995787,0.0404729,84.110834385,5.79472,-80.3567812574,113,67.978,67.9834494414,88.3986759263,11.9247982132,847.130573587
-69.9008,52.8595,161.292203757,114,-24.1473105511,792.580462217,-185.091797638,68.4181933297,39.3279,68.4217,1.3491973038,0.0810239,79.5005354674,5.65876,-104.619554095,114,68.4086,68.4220810141,80.4722435436,169.441367799,672.695013214
-70.3998,53.1007,9.78873116254,115,-12.7758088677,1086.74206745,-45.2171296222,68.9348238848,39.4437,68.9436,1.39717604044,0.0544819,86.7177990788,6.34096,-26.4317244759,115,68.9275,68.9424916399,13.7318017819,291.394842522,897.043555991
-70.8892,53.3387,733.333681842,116,-224.016526183,847.849778737,-224.016526183,69.4341844483,39.6255,69.4411,1.33730986245,0.0631271,81.9326676665,5.71491,-224.016526183,116,69.4284,69.4403054019,0.0,29.1826936868,797.675975579
-71.3625,53.5753,238.256570148,117,-3.37231509607,937.462384181,-159.047971757,69.8701941978,39.7738,69.8727,1.3387862244,0.0516069,90.7674871285,5.73688,-66.5320231268,117,69.8622,69.8744484987,59.0326156406,185.254873156,808.595907416
-71.826,53.7643,41.1871517221,118,-152.353667461,963.871348735,-152.353667461,70.3374021012,39.9329,70.3404,1.34726855461,0.0624356,83.5371593277,5.58289,-152.353667461,118,70.3308,70.3407421277,0.0,282.94916238,725.268899497
-72.3624,53.9742,709.899617813,119,5.14422466738,828.084064186,-138.895837692,70.8301624147,40.0556,70.8355,1.38544488028,0.089071,83.7984335713,6.34296,-80.9635636399,119,70.824,70.8355318271,62.087463006,33.3652060264,772.971630972
-72.7975,54.2357,701.032910511,120,-58.8356245571,845.688449328,-202.093228527,71.2898962751,40.2628,71.2899,1.38477428792,0.0722415,75.4963691502,6.3243,-130.464426542,120,71.2816,71.2941245731,71.6288019848,37.3311793536,748.856644868
-73.3638,54.4865,629.455440076,121,-18.6403210955,885.350095152,-193.530533697,71.8566328421,40.4216,71.8636,1.37539188929,0.0504281,87.6951725808,6.0473,-106.085427396,121,71.8479,71.8635929134,87.4451063008,73.164847236,832.378947165
-73.777,54.7333,671.84946267,122,-37.8736603317,745.426562342,-279.109738203,72.2374784081,40.5799,72.2422,1.39737244401,0.0758379,73.2980189609,6.69217,-158.491699267,122,72.2305,72.2446343557,120.618038935,25.6324585374,706.07585503
-74.2527,54.929,634.567970388,123,-351.801344669,722.699222562,-351.801344669,72.7322502744,40.7358,72.7369,1.33468847175,0.0936275,65.4847112523,5.44545,-351.801344669,123,72.7255,72.7377495187,0.0,25.0936423391,681.178224469
-74.6225,55.1552,619.370837936,124,-314.159042389,713.859052363,-314.159042389,73.1550294453,40.9153,73.1602,1.40239520655,0.0874322,70.9347931004,6.93841,-314.159042389,124,73.1499,73.1584760703,0.0,27.2230205165,692.958337502
-74.9509,55.3706,250.798481328,125,-69.4765696479,752.084989949,-265.067311669,73.4869856769,41.008,73.4872,1.37745510075,0.0945058,65.5284609815,6.64109,-167.271940658,125,73.4776,73.4935404772,97.7953710104,125.51182002,627.683201066
-75.4514,55.6209,389.776244086,126,-251.757575179,764.193389017,-251.757575179,73.9371305379,41.1159,73.9468,1.39925268937,0.106519,67.275852303,6.98197,-251.757575179,126,73.9298,73.9471822806,0.0,161.592246767,603.422741714
-75.906,55.8451,618.967913032,127,-170.655970272,733.453221776,-170.655970272,74.3703420199,41.2514,74.3845,1.42966757449,0.0799866,69.3375828373,7.19812,-170.655970272,127,74.3627,74.38083884,0.0,40.6990444239,688.104501621
-76.2985,55.9785,364.750855389,128,-18.6917292537,790.577158422,-104.835927154,74.8298359146,41.4213,74.8342,1.36231670725,0.122645,57.3444414857,6.15025,-47.6325320879,128,74.8243,74.8339148463,40.4498561823,188.134591464,529.73223178
-76.7317,56.2132,625.913432118,129,-317.612489696,867.069261947,-317.612489696,75.2399407355,41.6022,75.2462,1.35864001747,0.0773374,84.1351365573,6.08725,-317.612489696,129,75.2318,75.2467042416,0.0,68.2692778684,795.759216419
-77.1517,56.4473,696.926498682,130,-288.274539349,843.310603478,-288.274539349,75.6287776767,41.6934,75.6356,1.37615645971,0.0629254,75.1540087957,6.44037,-288.274539349,130,75.6241,75.632117999,0.0,48.8331167012,752.390863968
-77.4172,56.663,481.421599657,131,-151.539078363,847.695988912,-151.539078363,75.9445544203,41.8304,75.9502,1.43131292148,0.0921308,82.4337445105,7.18551,-151.539078363,131,75.9367,75.9486370922,0.0,101.117156886,733.334737421
-77.7798,56.8846,812.437477698,132,-6.69143821613,853.399210005,-197.690056237,76.293044739,41.9578,76.3042,1.40147614711,0.0550331,85.6574234017,7.15289,-102.190747226,132,76.2854,76.2992636929,95.4993090104,12.9135640661,826.796766259
-78.1906,57.0844,734.174762982,133,-48.0662903758,805.404021881,-166.144943104,76.6893637157,42.0329,76.6938,1.39361825005,0.0638539,78.8360546003,6.9599,-107.10561674,133,76.6803,76.6930413281,59.039326364,22.2669219211,775.852119124
-78.5808,57.2679,250.962665456,134,-35.654434592,889.489731415,-257.282747823,77.0864950038,42.1743,77.092,1.40670664642,0.070638,85.3594490776,7.78251,-146.468591208,134,77.079,77.0881763752,110.814156616,167.309904992,771.335328423
-78.9903,57.4545,719.5974576,135,-56.1740341915,754.24313937,-218.091214779,77.496652698,42.3291,77.5024,1.39630064019,0.0672948,72.0884505209,6.98821,-137.132624485,135,77.492,77.499828683,80.9585902937,9.10910656151,729.44909378
-79.218,57.6862,813.532838132,136,-180.069918819,923.081615149,-180.069918819,77.7124727079,42.4556,77.7137,1.39479279914,0.077629,86.9949532879,7.06335,-180.069918819,136,77.7046,77.7171119146,0.0,32.3741549829,862.516022822
-79.7357,57.8932,689.579398859,137,-178.067865881,753.582679883,-178.067865881,78.2149910827,42.553,78.2193,1.40143425289,0.0745407,74.9742783408,6.44364,-178.067865881,137,78.207,78.220130736,0.0,17.237909757,714.832630461
-80.0321,58.1354,555.026361434,138,-323.909509456,861.347055783,-323.909509456,78.512938574,42.7201,78.5218,1.41308641684,0.112544,60.1874208642,7.06257,-323.909509456,138,78.5062,78.5155636055,0.0,84.1827577514,617.206281477
-80.4287,58.2899,559.50131096,139,-323.400686105,783.819659636,-323.400686105,78.9162842138,42.8312,78.9204,1.41943908695,0.0928078,64.1582931552,7.36331,-323.400686105,139,78.9103,78.9204478662,0.0,65.2590846132,636.242469253
-80.7385,58.4433,738.93393839,140,-289.526469362,778.345614501,-289.526469362,79.2274550706,42.9509,79.2292,1.36688725529,0.068296,77.2488871839,6.11977,-289.526469362,140,79.2226,79.2324098164,0.0,11.7172360715,763.40159623
-81.0935,58.6531,589.744264939,141,-35.3078881311,842.599859592,-265.81156657,79.6004231693,43.0693,79.6088,1.42691036167,0.0951031,82.4044859275,7.49886,-150.559727351,141,79.5905,79.6043867079,115.25183922,75.7365258686,712.09455986
-81.4966,58.849,65.1876951731,142,-29.208289883,869.132015731,-227.987260907,80.011637499,43.2125,80.0212,1.40197871087,0.116107,75.8666512789,6.9944,-128.597775395,142,80.0069,80.019318109,99.3894855118,220.143776485,740.167937865
-81.8833,59.0361,596.950414132,143,-199.329570669,809.75555054,-199.329570669,80.3794401106,43.3686,80.3887,1.39084553214,0.101364,63.4433771508,7.05797,-199.329570669,143,80.3712,80.3882014806,0.0,58.3926950955,641.809215179
-82.1594,59.2311,396.539015138,144,-122.785842851,697.72514559,-184.453656681,80.718075499,43.5124,80.7324,1.40778170429,0.133414,57.4909866929,7.07671,-153.619749766,144,80.7127,80.7256092824,30.8339069149,89.350964255,499.43958549
-82.3816,59.4731,459.464538812,145,-255.138884289,502.214413921,-255.138884289,80.9137554735,43.6666,80.9133,1.42775261366,0.130866,56.4659800741,7.46503,-255.138884289,145,80.9062,80.9195934282,0.0,14.7949150529,481.945329686
-82.6146,59.6723,672.787158478,146,-95.6999618717,776.13331889,-95.6999618717,81.1436957803,43.8016,81.1511,1.47093686548,0.0911871,75.4522212755,8.59385,-95.6999618717,146,81.1373,81.1499671929,0.0,27.1085725252,722.84419078
-83.0561,59.8655,593.621890195,147,-76.0516873502,722.830569358,-330.580461207,81.5539897292,43.9441,81.5692,1.44606278755,0.109635,70.0030427566,8.04408,-203.316074278,147,81.5462,81.5607201608,127.264386928,35.089204732,689.820913774
-83.4333,60.0594,574.096567851,148,-217.560850294,894.837355172,-217.560850294,81.9262104815,44.092,81.9342,1.4285462065,0.099246,84.3013789413,8.00364,-217.560850294,148,81.9192,81.9334028543,0.0,87.6855688083,761.513475867
-83.7927,60.2471,699.93498283,149,5.54719468698,788.857009935,-180.991541981,82.2139756665,44.2155,82.216,1.37550766382,0.0820693,73.7532537118,6.35583,-87.7221736472,149,82.2066,82.2172580895,93.2693683342,31.1385983171,747.446561772
-84.239,60.4777,561.926821483,150,-287.319692607,795.646335526,-287.319692607,82.6159114502,44.3301,82.6282,1.42882380669,0.0915004,69.8859975594,7.63803,-287.319692607,150,82.6097,82.6287937105,0.0,71.8812502166,679.260306709
-84.7289,60.7035,500.862150677,151,-211.087926595,832.058921915,-211.087926595,83.1293366347,44.441,83.1383,1.4084320922,0.108867,82.5894868745,6.98393,-211.087926595,151,83.1251,83.1342492702,0.0,120.50546099,668.102788659
-84.8738,60.9389,593.837590607,152,-122.009747762,744.160812583,-238.196443722,83.342519806,44.5714,83.3498,1.44521443058,0.0949679,77.6810555566,7.31533,-180.103095742,152,83.3355,83.346303496,58.0933479804,45.279984708,687.549569172
-85.2972,61.0908,558.862620907,153,-123.021202337,885.202149726,-123.021202337,83.7873315522,44.732,83.7872,1.37980511598,0.10306,80.703368595,6.72731,-123.021202337,153,83.7816,83.7898134757,0.0,98.5679220784,720.000456769
-85.5294,61.362,750.370251019,154,-119.341993641,895.526722008,-119.341993641,84.0429182239,44.9042,84.046,1.43876089171,0.0673097,80.5704734831,7.75741,-119.341993641,154,84.0358,84.0462207346,0.0,47.4826537246,830.507409335
-85.8392,61.521,791.706274206,155,-149.229156624,1002.27723484,-149.229156624,84.3408310914,45.0221,84.3445,1.41602403245,0.0836955,92.8648677879,7.52481,-149.229156624,155,84.3304,84.3467968338,0.0,67.0872169164,879.819440014
-86.0903,61.7163,662.774578259,156,-13.0399374667,815.65451221,-253.087416224,84.5754773835,45.1551,84.5853,1.43004713675,0.0764952,75.0399960193,7.4999,-116.632708893,156,84.5711,84.5808713657,100.716195778,44.0759158391,709.707503668
-86.3415,61.9199,707.902708007,157,-238.651989865,765.938520876,-238.651989865,84.8588378313,45.2924,84.867,1.38815703152,0.0690467,73.4433203696,6.76727,-238.651989865,157,84.8548,84.8629290966,0.0,16.7797240942,733.314977271
-86.6359,62.109,681.159639958,158,-12.1926916494,1041.61485573,-257.614083426,85.1976829612,45.4466,85.2065,1.40190681957,0.0764237,85.8700316806,6.97398,-89.1782150957,158,85.1908,85.2023134847,99.9850628882,115.007933396,826.618354384
-86.914,62.3662,642.441753996,159,-6.40331215695,943.326018356,-25.2948551501,85.3982643026,45.6225,85.4015,1.44311034364,0.0755567,85.7066306552,7.55302,-15.8490836535,159,85.3894,85.4023559191,9.44577149658,91.8821724145,803.671650934
-87.2191,62.5656,584.070436132,160,-54.984066724,904.385360985,-254.343468689,85.6747699755,45.742,85.6889,1.45377351798,0.0724162,92.9637234717,7.12421,-154.663767706,160,85.6681,85.680921212,99.6797009825,90.6646164316,801.822282566
-87.6275,62.7168,632.733801541,161,-8.90272122128,704.371250058,-274.556630186,86.103193926,45.8446,86.1135,1.39555315247,0.0873604,70.5211984083,6.25221,-99.09282114,161,86.0997,86.1055954504,96.1912983414,19.4719853085,667.977520387
-87.9872,62.8738,583.101965229,162,-96.2301989659,707.490135006,-198.431616562,86.4711628752,45.973,86.4837,1.45745753535,0.0872083,61.6542045429,7.98802,-147.330907764,162,86.4631,86.4781413897,51.1007087983,37.502322563,655.253411921
-88.1329,63.0402,682.253879612,163,-57.7158110279,909.664203848,-200.07788225,86.6401939934,46.1208,86.6416,1.4355315111,0.064222,72.9545331249,7.86601,-128.896846639,163,86.6346,86.6441456778,71.1810356109,61.0527946546,733.446076543
-88.4564,63.2265,548.6613366,164,-54.1896845557,742.067801647,-279.543291303,86.9558875082,46.2626,86.9649,1.46154497951,0.0789715,67.8425732798,8.21752,-166.866487929,164,86.9505,86.9586876811,112.676803374,65.5703556247,683.922505906
-88.7388,63.377,448.266830834,165,-8.46999813946,599.311833131,-388.121936567,87.233749864,46.3759,87.2409,1.42915188902,0.133923,50.3214858742,6.82794,-198.295967353,165,87.2243,87.2383670427,189.825969214,41.2500852997,476.703810769
-88.9533,63.602,591.339627653,166,-27.0262628636,629.69237757,-27.0262628636,87.4492104421,46.467,87.4598,1.50033645914,0.100949,64.9057151356,9.06202,-27.0262628636,166,87.4462,87.4571079301,0.0,11.1342755923,612.117157934
-89.2651,63.8369,618.291070945,167,-246.686128222,807.254828966,-246.686128222,87.7257351031,46.5881,87.7291,1.4858170017,0.0661949,66.4537397793,9.20583,-246.686128222,167,87.7187,87.7304137562,0.0,66.6288529709,705.948349583
-89.4991,64.063,391.032854764,168,-177.62469988,697.685040092,-297.779375051,87.9864426731,46.7104,87.9862,1.528233442,0.128365,56.1662503192,9.11746,-237.702037465,168,87.9743,87.9918522496,60.0773375856,84.9000209222,506.070251767
-89.7479,64.3191,722.894412241,169,-253.248229268,805.578428122,-253.248229268,88.2199854519,46.8377,88.2352,1.46762606026,0.0643301,80.0573722426,7.89702,-253.248229268,169,88.2169,88.2305169258,0.0,23.1035527708,780.613089272
-90.1359,64.5455,634.570202208,170,-220.409889061,874.052455749,-220.409889061,88.5801501727,46.9249,88.5813,1.47905453148,0.071878,77.2700002097,8.44694,-220.409889061,170,88.5704,88.5844407379,0.0,61.1275601898,729.421938682
-90.4055,64.7128,466.57075696,171,-143.487051171,817.143467689,-268.324484874,88.8220513052,47.0349,88.8313,1.48021540171,0.0953799,70.1283632843,8.45161,-205.905768022,171,88.817,88.8301017671,62.4187168514,109.889090624,620.023769422
-90.7895,64.9139,685.009966297,172,-193.185390276,759.107093969,-193.185390276,89.2307555817,47.1477,89.2362,1.43403266236,0.0809107,75.5382006884,7.49104,-193.185390276,172,89.2254,89.2331441129,0.0,23.3813664897,707.117262343
-91.0558,65.1601,399.321259348,173,-318.912034337,525.639222243,-318.912034337,89.4887383077,47.3204,89.4998,1.52960447582,0.129911,50.8061326236,9.72617,-318.912034337,173,89.4817,89.4921826121,0.0,31.7030146852,489.747734503
-91.3606,65.3557,603.723558997,174,-329.889992987,742.489171377,-329.889992987,89.7903411378,47.4161,89.7991,1.481640791,0.0863374,68.659927866,8.16642,-329.889992987,174,89.7857,89.7949354574,0.0,44.3239725962,680.71893143
-91.6568,65.5904,465.477985436,175,-251.530282675,808.585397425,-251.530282675,90.0805059322,47.5704,90.0874,1.49808046589,0.102498,60.9034950618,8.43285,-251.530282675,175,90.073,90.0855378023,0.0,138.058868133,585.90753213
-92.0315,65.816,591.750238167,176,-3.97185183911,816.32108798,-77.3505773467,90.4677997773,47.6739,90.4692,1.48691439353,0.0619569,77.0330194859,7.89123,-39.3585715702,176,90.4613,90.4743391816,30.0133301031,60.1943069698,779.043335377
-92.2072,65.9878,560.731055326,177,-193.91265223,743.796564417,-193.91265223,90.7138116074,47.8014,90.7263,1.48933039732,0.0890917,62.2699446524,8.06634,-193.91265223,177,90.7069,90.7210274539,0.0,72.5362562945,644.195142369
-92.6223,66.2423,697.498431585,178,-72.6231878094,785.330733941,-355.378763549,91.0553235411,47.8978,91.0579,1.50830574902,0.0691974,74.2344637596,8.73139,-214.000975679,178,91.0512,91.057732993,141.37778787,28.3480993403,739.277531536
-92.8592,66.4142,600.87493432,179,-9.51676770216,712.83440066,-243.446480146,91.2894372777,48.0347,91.2903,1.45969298653,0.0930733,69.1237698184,7.89066,-121.321227059,179,91.2807,91.2953908048,95.7798401839,30.6784521643,645.834554282
-93.1024,66.5998,753.189388415,180,-185.165549609,842.937316269,-185.165549609,91.5554623334,48.1459,91.5688,1.51336217843,0.0564092,82.3446572545,9.3981,-185.165549609,180,91.5522,91.562157878,0.0,27.321672826,817.615645624
-93.3969,66.7723,752.683055819,181,-64.9625895928,845.107587,-64.9625895928,91.8774700392,48.3097,91.8808,1.43902537761,0.0475279,80.538470011,7.36242,-64.9625895928,181,91.8691,91.8814870369,0.0,27.0356530606,820.65180308
-93.6287,66.9451,762.798363204,182,-39.6025760781,829.168978585,-239.29819637,92.1087496501,48.4467,92.1179,1.45125840823,0.0540857,75.7208191508,7.43332,-114.317440862,182,92.1024,92.1115719675,88.9366067064,17.1249388395,785.646114716
-93.7521,67.2086,715.21980098,183,-20.2260798397,761.150624729,-334.573806281,92.1926241141,48.5265,92.201,1.55960210535,0.0645986,72.6921843418,10.2461,-177.39994306,183,92.1884,92.1998003388,157.173863221,15.6851499975,736.669603738
-94.1462,67.341,611.492084997,184,-256.968244211,829.494762053,-256.968244211,92.595025016,48.6247,92.606,1.56326997159,0.0908251,76.6575557065,10.3068,-256.968244211,184,92.5859,92.6027497261,0.0,58.0321238516,684.418457762
-94.3068,67.5732,729.963908726,185,-146.50357038,763.973199016,-146.50357038,92.7807447645,48.7731,92.7871,1.50614312204,0.0651383,73.4852494484,8.59101,-146.50357038,185,92.7753,92.7857270768,0.0,9.48642634885,749.439019091
-94.5077,67.7479,589.973855342,186,-13.8441065653,809.031637788,-315.593210175,92.9358754972,48.8938,92.9457,1.51293114053,0.0630996,74.383181206,8.83568,-125.262660331,186,92.9301,92.9465938386,131.200254902,65.4074599138,747.036547418
-94.8222,67.9649,687.088889755,187,-205.228347993,817.76698469,-205.228347993,93.2392930988,49.0471,93.2406,1.51982907696,0.068961,78.2716900424,8.79079,-205.228347993,187,93.2331,93.2444435998,0.0,40.6010722004,761.260152615
-95.0477,68.1373,745.220730425,188,-48.6287575309,869.362095409,-48.6287575309,93.5003274851,49.1559,93.5165,1.51360283554,0.0777278,79.9025000334,8.66147,-48.6287575309,188,93.4947,93.5070037969,0.0,41.3075819563,804.375453736
-95.3408,68.295,424.788004034,189,-297.482899888,559.534295383,-297.482899888,93.808386864,49.2858,93.8196,1.49738433873,0.128988,60.7406949287,8.58604,-297.482899888,189,93.805,93.8137558706,0.0,32.7601594794,493.078390727
-95.5495,68.4587,550.023028408,190,-293.801794763,636.044959532,-293.801794763,94.0373913231,49.3827,94.0434,1.4774952909,0.113618,65.5724905642,8.49407,-293.801794763,190,94.0278,94.042599534,0.0,24.9696019117,577.878459716
-95.8499,68.6167,689.785906031,191,-277.414339834,840.085969203,-277.414339834,94.2938325213,49.4959,94.2952,1.44143609341,0.0598636,74.49395758,6.56744,-277.414339834,191,94.2882,94.2965959188,0.0,42.7040477146,775.999116559
-96.0034,68.8894,579.007811756,192,-16.6831641409,717.95882088,-246.250747377,94.4638826706,49.639,94.4864,1.56551325145,0.0896652,66.4576186962,10.1369,-94.3421780384,192,94.4577,94.4945085443,107.424597372,46.3094376098,664.0131906
-96.3114,69.073,745.116777098,193,-289.786329921,785.430576699,-289.786329921,94.7601747916,49.7203,94.7698,1.5031825898,0.0588433,72.682627354,8.80445,-289.786329921,193,94.7557,94.7648792711,0.0,13.0134722407,761.88714323
-96.5646,69.2615,608.368161404,194,-70.6001932611,761.02782025,-70.6001932611,94.9870083178,49.8367,95.0033,1.53302986596,0.0782589,72.5887597064,9.65682,-70.6001932611,194,94.981,94.9994510033,0.0,63.334782132,702.342359646
-96.9684,69.3992,48.968274405,195,-10.8097800952,877.167163589,-260.000216698,95.3560019191,49.9134,95.3593,1.51753092062,0.0563065,77.9342254304,8.73488,-137.859608881,195,95.348,95.3625072869,101.790778107,222.81214922,747.366760222
-97.3168,69.5913,676.359370771,196,-22.7448938922,892.0967619,-195.781082827,95.6623973814,50.0057,95.6685,1.51493681068,0.0685134,83.5928972229,8.60916,-109.262988359,196,95.6571,95.6648199403,86.5180944672,66.1321493372,820.892095643
-97.5252,69.7459,688.250866661,197,-245.336013362,812.991655412,-245.336013362,95.949134621,50.1186,95.9572,1.49332143154,0.0725332,73.8209171356,8.49304,-245.336013362,197,95.9422,95.9599947789,0.0,38.074824301,761.264035812
-97.6947,69.9453,759.959530308,198,-270.145807601,892.702247183,-270.145807601,96.0933920207,50.2334,96.1045,1.57435815411,0.0497514,84.7327696956,10.5191,-270.145807601,198,96.0896,96.0995205308,0.0,44.1962029959,825.531997651
-98.0287,70.2445,85.1866758724,199,-232.420534489,824.474406093,-232.420534489,96.4142076909,50.3221,96.4279,1.62632492904,0.0634172,79.8470694952,12.1971,-232.420534489,199,96.4052,96.4199565316,0.0,202.953323457,720.536130241
-98.3922,70.3858,720.692241604,200,-313.18215376,764.163396717,-313.18215376,96.7829680871,50.4398,96.7907,1.50946299047,0.066888,73.3859678377,8.2346,-313.18215376,200,96.7761,96.7867506292,0.0,13.806841188,737.658008875
-98.485,70.5833,671.707200441,201,-2.91810058583,697.153095302,-214.600320781,96.9108287089,50.5576,96.9221,1.55775686076,0.0783867,70.1550181604,10.6949,-120.934596682,201,96.9058,96.9200637441,88.117575467,8.41762596375,686.390670369
-98.7514,70.7613,738.920687946,202,-220.189121895,801.296577503,-220.189121895,97.1682631286,50.6663,97.1734,1.57067952456,0.0652359,76.0575243328,10.2628,-220.189121895,202,97.1611,97.1734904621,0.0,20.6157331391,774.507622086
-99.1039,70.9436,691.742114403,203,-307.022622101,724.713483796,-307.022622101,97.4920164579,50.7696,97.5077,1.55686500012,0.0695063,69.2122310517,9.95589,-307.022622101,203,97.4859,97.5023270536,0.0,9.22405486013,718.020259087
-99.3334,71.1296,538.284358389,204,-416.722382695,625.32404855,-416.722382695,97.721590091,50.8993,97.7356,1.55243289887,0.0991734,60.1501278602,9.5322,-416.722382695,204,97.7177,97.731099376,0.0,27.4560953139,602.758521049
-99.6216,71.3212,797.888986416,205,-114.427438922,829.657380684,-114.427438922,97.9860275413,50.9808,97.9951,1.58318204265,0.062645,82.7236494732,11.1683,-114.427438922,205,97.9775,97.9980795334,0.0,10.8746958407,813.932028593
-99.9364,71.5089,640.742835641,206,-199.65200044,715.85406336,-199.65200044,98.2920776932,51.0957,98.3153,1.61468116852,0.0797424,73.7955223055,11.0944,-199.65200044,206,98.2854,98.3096610662,0.0,24.6521598144,694.370904309
-100.177,71.7022,720.604390627,207,-29.0934872372,957.277618155,-240.445577723,98.5427858176,51.2259,98.553,1.58899262736,0.0763152,89.0340348875,10.1238,-134.76953248,207,98.5382,98.5472009957,105.676045243,71.0380482352,817.949356311
-100.502,71.9097,712.105436223,208,-377.20062578,802.569204194,-377.20062578,98.8613424408,51.3292,98.8694,1.6139336039,0.0755048,78.1278462557,11.3389,-377.20062578,208,98.8562,98.8711703262,0.0,23.8434434238,757.546098135
-100.733,72.0724,74.6509986393,209,-293.483205916,933.097067601,-293.483205916,99.0769388339,51.4431,99.0912,1.53909076685,0.0729461,82.7167449512,8.96198,-293.483205916,209,99.0693,99.0849930347,0.0,230.164781139,733.851124294
-101.045,72.2236,687.105867804,210,-18.5953171066,995.301803312,-342.208768698,99.3650727814,51.5832,99.3706,1.57155504985,0.0630895,92.4971024457,10.6592,-180.632646394,210,99.358,99.3738163046,132.115040897,82.2755643001,915.346424068
-101.324,72.3752,761.141232724,211,-290.450855358,824.631916507,-290.450855358,99.6416947661,51.6664,99.6538,1.56707086228,0.0500926,79.9201613596,10.4181,-290.450855358,211,99.6387,99.6460709351,0.0,16.4179240216,801.770412965
-101.625,72.5436,683.922297424,212,-191.161088656,754.82050876,-191.161088656,99.9913869494,51.7871,100.007,1.56906628823,0.0724461,71.9381159497,10.0909,-191.161088656,212,99.9825,100.002946633,0.0,21.5774796429,717.618130095
-101.879,72.7287,789.617751722,213,-153.761056627,885.810179691,-296.073431318,100.194673635,51.9352,100.213,1.59574642204,0.0489139,80.1680509054,10.8267,-224.917243973,213,100.188,100.200232922,71.1561873454,27.2956908904,822.990177427
-102.282,72.9211,703.545655585,214,-179.366106607,802.828104454,-179.366106607,100.571659682,52.0323,100.578,1.58074741349,0.0572062,77.9903133387,10.0236,-179.366106607,214,100.564,100.579339394,0.0,28.4326666097,774.584138172
-102.591,73.0385,624.879864903,215,-9.50126886075,710.840810103,-166.333008053,100.890648159,52.1013,100.904,1.50365503449,0.0847221,67.3484012914,8.07772,-87.9171384571,215,100.885,100.892748808,78.4158695963,25.8276900707,658.003149856
-102.814,73.246,671.201335345,216,1.80919589448,748.133000602,-198.406292311,101.161624873,52.2338,101.175,1.55142444533,0.075847,72.9788916149,9.28345,-98.298548208,216,101.159,101.166612309,100.107744102,22.566120779,706.065519347
-102.915,73.4696,759.315737647,217,-314.163509856,837.034658988,-314.163509856,101.315270163,52.3616,101.329,1.6075488084,0.051875,84.5442790773,11.3414,-314.163509856,217,101.31,101.323709915,0.0,22.3759107066,801.947353134
-103.156,73.6472,770.544354877,218,-242.077538894,856.049761921,-242.077538894,101.545620782,52.4751,101.556,1.60453251381,0.0529596,79.5531323302,11.9189,-242.077538894,218,101.536,101.551069599,0.0,23.9555456034,796.774488815
-103.321,73.8265,742.255824666,219,-170.482050519,884.79296926,-170.482050519,101.745136584,52.5871,101.761,1.56104495117,0.063507,89.5498259023,9.33649,-170.482050519,219,101.739,101.753873724,0.0,41.6257083514,814.265903867
-103.495,73.9983,598.347201953,220,-365.14142655,746.985117633,-365.14142655,101.922528516,52.6867,101.933,1.53373400074,0.0913517,60.6068896313,9.66103,-365.14142655,220,101.919,101.925075981,0.0,44.7271842182,631.379457478
-103.835,74.1934,735.495343852,221,10.5430106571,864.00062355,-202.56825002,102.226033814,52.8076,102.229,1.56297050786,0.0476046,78.3851129461,10.7739,-73.3623222304,221,102.219,102.229808667,92.7117766006,43.1681465124,814.089983152
-104.047,74.3451,796.049509704,222,-14.7326690084,930.167700478,-220.30596382,102.450473929,52.933,102.458,1.54447052049,0.0551143,99.6058116694,9.91733,-100.143369577,222,102.445,102.455543376,87.4485199815,37.8899188845,867.717901714
-104.273,74.5267,760.308643467,223,-92.7588591677,845.629918875,-195.126518973,102.678746684,53.0715,102.687,1.52480703018,0.0506457,86.0534181148,9.65259,-143.94268907,223,102.673,102.683807891,51.1838299028,29.5127222561,814.157735316
-104.542,74.7323,692.50881722,224,-281.976826127,752.444121974,-281.976826127,102.922552638,53.1544,102.925,1.61061119872,0.0668645,75.9412662393,11.6575,-281.976826127,224,102.914,102.929126514,0.0,16.1635247694,737.475944873
-104.543,74.8959,673.91392118,225,-18.5226824813,809.058361352,-298.234872643,102.943887629,53.2891,102.954,1.56031749294,0.067011,73.6697408759,9.75793,-114.273032848,225,102.939,102.947566087,130.117069035,40.6408768778,733.488381271
-104.777,75.0394,659.076098581,226,-364.243423317,692.500321749,-364.243423317,103.183054845,53.362,103.193,1.58469760464,0.082029,72.1225673331,10.916,-364.243423317,226,103.173,103.186033987,0.0,10.668547891,677.080541004
-104.95,75.2311,677.110608622,227,-330.520360501,846.413656404,-330.520360501,103.363995042,53.484,103.371,1.54715527076,0.0621583,69.9917180594,9.27104,-330.520360501,227,103.362,103.367749266,0.0,70.3499248294,749.00918407
-105.063,75.4223,745.719140755,228,-164.969178145,802.590764817,-164.969178145,103.475923624,53.5742,103.485,1.54822406829,0.0562127,76.8232559508,10.1512,-164.969178145,228,103.474,103.480439327,0.0,21.9844911247,776.8406358
-105.416,75.567,750.468225703,229,-181.14883973,847.913666544,-241.071014151,103.801399599,53.6874,103.802,1.50556572148,0.0492039,82.1105369482,8.65837,-211.109926941,229,103.794,103.808916883,29.9610872106,33.8355144941,806.292161447
-105.615,75.7119,571.513466673,230,0.437675957275,767.259016149,-237.714626887,103.909549628,53.8139,103.927,1.6443575704,0.0977481,70.6424874879,12.8242,-93.091613434,230,103.902,103.91724408,103.720960005,59.3710146033,658.525834374
-105.925,75.8969,633.15013138,231,-261.074089503,830.219629958,-261.074089503,104.229278849,53.9456,104.24,1.58849226249,0.068428,74.39081678,10.8988,-261.074089503,231,104.223,104.238503333,0.0,50.2507041441,741.630623445
-106.212,76.0444,755.439209422,232,-215.724496293,784.311476946,-215.724496293,104.497503197,54.0351,104.502,1.59720452966,0.0619438,72.171076833,9.99682,-215.724496293,232,104.492,104.504351194,0.0,8.85835465214,771.449969081
-106.475,76.246,638.76993041,233,-278.224104089,736.557565523,-278.224104089,104.766461311,54.1503,104.775,1.61138515957,0.0796075,67.5984409752,11.4987,-278.224104089,233,104.761,104.775229417,0.0,27.512970929,686.59356553
-106.835,76.3946,680.503491971,234,-292.866790587,755.529226088,-292.866790587,105.122533567,54.2627,105.125,1.57502422007,0.0743556,73.9697926368,9.38712,-292.866790587,234,105.118,105.127360217,0.0,22.7341133555,707.590273586
-106.964,76.5984,687.830842773,235,-312.489663398,760.829679171,-312.489663398,105.298253741,54.355,105.313,1.63513330697,0.0691951,77.0457413199,10.5961,-312.489663398,235,105.293,105.310432682,0.0,25.8524934397,735.011999962
-107.286,76.7531,677.325757576,236,-36.4469199001,749.66389814,-78.8820519038,105.616652225,54.4106,105.624,1.57854416081,0.0714962,74.5175014899,10.849,-57.664485902,236,105.612,105.622062451,21.2175660018,19.1115487694,720.682733009
-107.373,76.8645,712.375787888,237,-225.812418833,741.451033478,-225.812418833,105.719896236,54.4889,105.733,1.62123245499,0.0691189,76.8992599335,11.3312,-225.812418833,237,105.712,105.728154345,0.0,7.82338726195,727.398631674
-107.618,77.0765,631.660415231,238,-12.2719464879,759.689726555,-190.926908893,105.984129141,54.5834,106.0,1.62924280253,0.0768764,79.6537147999,11.1212,-82.1454854616,238,105.98,105.997177806,67.3783483498,38.6417730994,709.965427645
-107.882,77.2399,653.796081513,239,-193.488718873,811.100530006,-193.488718873,106.237222232,54.6613,106.239,1.58672097859,0.0689264,76.2269599015,10.763,-193.488718873,239,106.228,106.245849488,0.0,53.7011033577,730.438572034
-108.069,77.3821,714.315361244,240,-9.63406111015,842.871942548,-67.9073356605,106.371905535,54.7423,106.386,1.58599796714,0.0593845,94.5027147504,10.6021,-30.4836601612,240,106.368,106.37821635,23.4922077376,43.670947918,803.293728292
-108.451,77.5561,709.004284423,241,-21.57583846,732.37215439,-283.208933191,106.785174357,54.8245,106.798,1.62820519984,0.0691798,70.8479951675,11.4594,-112.901020804,241,106.779,106.790627088,120.531248503,7.44389667573,722.706079669
-108.506,77.7393,702.530926204,242,-10.4080145998,820.026561733,-119.896544415,106.828284993,54.9686,106.853,1.67683863339,0.0621846,80.3505106535,12.7271,-84.0315987675,242,106.822,106.841959312,43.2267830243,36.4850655698,762.353259862
-108.573,77.9256,641.71817408,243,-68.0009406627,748.334215316,-122.897474372,106.994882301,55.0988,107.002,1.63127196683,0.0745619,73.30744114,11.7849,-95.4492075171,243,106.988,107.0067305,27.4482668544,40.8117177453,703.297581179
-108.869,78.0798,701.975491659,244,-98.8719118571,755.171790625,-98.8719118571,107.254040113,55.1957,107.268,1.61425164352,0.0714959,73.4904023754,11.4434,-98.8719118571,244,107.247,107.263024118,0.0,14.964292627,716.04509158
-108.922,78.2849,723.85645211,245,-228.460692048,748.588341213,-228.460692048,107.305247305,55.2699,107.322,1.68473691411,0.0663737,73.9675823555,13.099,-228.460692048,245,107.299,107.314012314,0.0,8.22310395308,736.990181304
-109.207,78.4324,697.726181857,246,-351.029035593,788.58120291,-351.029035593,107.566458745,55.4074,107.575,1.64020939764,0.0668859,76.8352023738,11.3932,-351.029035593,246,107.561,107.572702426,0.0,31.8878247546,736.147270483
-109.407,78.5275,626.49672463,247,-354.909284363,741.246025186,-354.909284363,107.765871985,55.5442,107.777,1.59758069027,0.0722443,72.64504669,10.2775,-354.909284363,247,107.761,107.775671951,0.0,34.0198796255,711.144083961
-109.623,78.6696,643.425680516,248,-271.694062983,738.48269302,-271.694062983,107.998385666,55.6419,108.009,1.61634701589,0.068155,71.5088085292,10.3955,-271.694062983,248,107.992,108.004353496,0.0,26.9765444145,723.49177033
-109.78,78.8557,727.879228424,249,-310.404660067,841.87782956,-310.404660067,108.14011225,55.7469,108.151,1.6753973194,0.0639286,79.4096037281,12.9346,-310.404660067,249,108.134,108.14648914,0.0,28.8613528288,790.737965375
-109.808,78.9937,559.861435874,250,-418.302061767,800.059011483,-418.302061767,108.159818147,55.8066,108.175,1.66700928048,0.0767577,80.3984659379,12.677,-418.302061767,250,108.153,108.167154365,0.0,68.1721685467,714.810877053
-109.94,79.1638,691.257071834,251,-143.48403317,791.105262666,-237.748120666,108.335026107,55.9119,108.349,1.66043866839,0.0670152,78.5266128524,12.3343,-190.616076918,251,108.332,108.346038399,47.1320437477,27.0400558097,746.86202355
-110.236,79.3575,654.381240917,252,-259.431702581,787.846003223,-259.431702581,108.592498049,56.0325,108.592,1.64009106596,0.0767468,81.223090509,12.5947,-259.431702581,252,108.585,108.595089481,0.0,36.0929276371,718.106646401
-110.436,79.5317,689.937024138,253,-281.383659468,862.417002341,-281.383659468,108.773987153,56.1569,108.782,1.65225911317,0.0465497,83.8027889163,11.8413,-281.383659468,253,108.765,108.785963661,0.0,45.1674571437,816.155783152
-110.728,79.6627,558.788678641,254,-401.228641811,715.678890931,-401.228641811,109.063852171,56.2399,109.079,1.62338110168,0.0804837,70.7135473616,10.7974,-401.228641811,254,109.059,109.07467927,0.0,43.7256197476,681.728914516
-110.826,79.8761,660.518183402,255,-238.184537866,791.271360573,-238.184537866,109.156690528,56.3421,109.164,1.64474132343,0.0782066,71.5834949533,10.5021,-238.184537866,255,109.152,109.163239641,0.0,41.4639531159,707.254619023
-110.921,80.0517,-35.602024089,256,-305.51265865,881.494521262,-305.51265865,109.221167636,56.4128,109.238,1.65792928478,0.108083,77.9037790979,10.4946,-305.51265865,256,109.215,109.232543389,0.0,270.250566693,663.675486346
-111.391,80.1946,717.016846063,257,8.07293827735,936.874683685,-337.458933742,109.74610773,56.5359,109.759,1.60715834184,0.0651665,88.9698722439,9.95585,-123.938866595,257,109.74,109.750689317,152.382777372,73.5122289085,828.592703921
-111.379,80.3219,802.365817924,258,-352.704737587,876.975436813,-352.704737587,109.706801146,56.6556,109.722,1.65880530249,0.0432333,83.3696037817,11.458,-352.704737587,258,109.7,109.712122096,0.0,23.4232142718,844.574225238
-111.654,80.4927,750.835420723,259,-240.18222461,850.579582485,-240.18222461,109.974905486,56.7651,109.978,1.66032524379,0.0462797,81.0345212141,12.3702,-240.18222461,259,109.969,109.980864199,0.0,24.3622144831,814.80337827
-111.866,80.6525,736.954925407,260,-484.146717974,877.899291018,-484.146717974,110.176125652,56.8547,110.181,1.69644403257,0.046005,80.7657432101,13.205,-484.146717974,260,110.171,110.185354497,0.0,42.1185949631,816.599092372
-112.019,80.8829,743.492279697,261,-168.514338835,871.775980069,-168.514338835,110.316486031,56.9613,110.327,1.71739832891,0.0445471,83.2714288159,12.6739,-168.514338835,261,110.309,110.329170615,0.0,42.9633741085,826.532176448
-112.283,81.0636,773.450738811,262,-203.055649699,846.354119469,-203.055649699,110.552984522,57.0973,110.564,1.66372990544,0.0497641,78.759833421,12.1369,-203.055649699,262,110.547,110.565690439,0.0,25.5383129529,817.831639272
-112.428,81.2008,786.321073471,263,-221.422306055,1000.58150875,-221.422306055,110.759102647,57.1705,110.766,1.63743208307,0.0477156,94.5606862835,11.2492,-221.422306055,263,110.75,110.7667717,0.0,57.7454314644,929.566567287
-112.768,81.3516,820.38414809,264,-319.399902501,914.261617508,-319.399902501,111.068959901,57.2832,111.077,1.65440414665,0.0394151,86.6695875734,11.2207,-319.399902501,264,111.068,111.072032259,0.0,24.9632279109,851.593267573
-112.795,81.5708,678.28065345,265,-442.349240887,864.994442318,-442.349240887,111.069202915,57.4623,111.071,1.73827178441,0.0617935,81.3099458093,13.7658,-442.349240887,265,111.06,111.077066897,0.0,53.8982227163,818.388630913
-113.086,81.7005,861.165435846,266,-353.157205613,949.486629787,-353.157205613,111.352390143,57.539,111.364,1.68595431625,0.0369011,87.4878563043,12.3498,-353.157205613,266,111.348,111.359935316,0.0,33.1717505485,891.246174718
-113.206,81.8193,776.80038622,267,-51.6798843267,936.74096206,-195.577774939,111.482843764,57.6456,111.506,1.6563523113,0.0481793,82.8185060988,12.3576,-123.628829633,267,111.477,111.494255775,71.9489453059,50.755692718,843.442368208
-113.444,81.9826,729.280429671,268,7.04409805442,936.009164047,-506.589604879,111.712272223,57.7427,111.727,1.68353588647,0.0577973,89.5859208498,11.0984,-130.536930279,268,111.709,111.719277642,217.254876225,65.952333154,843.296041368
-113.607,82.1433,561.55352109,269,-35.9402154103,880.053100726,-416.318745561,111.89396297,57.8543,111.893,1.70474251035,0.0757344,82.8340513718,12.6525,-226.129480486,269,111.886,111.904559062,190.189265075,99.3187780805,746.708212562
-113.897,82.3549,647.895526496,270,-282.478911262,893.932420556,-282.478911262,112.176180249,57.9848,112.191,1.7153207183,0.0846671,92.7878211211,12.6689,-282.478911262,270,112.172,112.180210951,0.0,79.5484170444,734.814598017
-114.118,82.5085,726.093411903,271,-354.102860443,894.566604554,-354.102860443,112.376409794,58.0753,112.385,1.71005460697,0.0599222,90.3273693392,13.3722,-354.102860443,271,112.363,112.38303756,0.0,47.5843528887,819.340307218
-114.345,82.6257,793.833298016,272,-381.068972824,890.875445441,-381.068972824,112.589030812,58.19,112.605,1.68176685814,0.0486431,87.4036964543,11.4988,-381.068972824,272,112.587,112.592244207,0.0,29.3329059649,844.455590035
-114.439,82.7237,605.06523996,273,-117.391506393,909.381665776,-117.391506393,112.747397304,58.2746,112.759,1.63759218073,0.0790806,82.6394147806,12.1382,-117.391506393,273,112.743,112.757947769,0.0,77.9613710747,818.690499335
-114.794,82.8476,425.34376929,274,-258.137740409,828.037097134,-258.137740409,113.082601116,58.4129,113.093,1.62272750962,0.0978382,67.9979905618,11.3526,-258.137740409,274,113.073,113.087721132,0.0,141.275590228,657.998039275
-114.912,83.0307,678.032784238,275,25.5862256236,848.259578932,-236.109606496,113.195545595,58.51,113.204,1.64083901928,0.0522273,81.7681292956,10.7011,-105.261690436,275,113.193,113.199439627,130.84791606,47.9103720232,799.033774058
-115.091,83.2184,587.255451073,276,-401.889935901,844.122662926,-401.889935901,113.386994385,58.6591,113.393,1.65955578328,0.0763081,87.3202461992,10.727,-401.889935901,276,113.381,113.388805494,0.0,68.8919337596,727.762576885
-115.305,83.3789,812.199471111,277,-351.99318718,924.602829813,-351.99318718,113.619931522,58.7494,113.626,1.64138376239,0.0572079,87.8035940263,11.0975,-351.99318718,277,113.613,113.624686763,0.0,35.3500596794,887.133121879
-115.55,83.5234,831.410110602,278,-64.4249354568,911.897323238,-336.777797717,113.812513137,58.8725,113.824,1.65507925609,0.0365504,87.3542845163,11.4963,-200.601366587,278,113.809,113.819074735,136.17643113,22.0512117657,878.041372678
-115.737,83.6943,867.813665676,279,-245.72704193,964.541858005,-245.72704193,113.983823649,58.9614,114.001,1.67921298348,0.0317596,86.0635983774,11.6425,-245.72704193,279,113.978,113.998309055,0.0,25.8497620332,898.468608043
-116.021,83.8422,764.645329291,280,-223.489584083,1012.2795764,-223.489584083,114.262409475,59.0577,114.268,1.70528091446,0.0490372,94.0418052139,12.694,-223.489584083,280,114.254,114.270134896,0.0,80.5452755762,918.931829892
-116.276,83.9864,810.779942857,281,-90.5126735374,961.024219472,-152.506656745,114.524191447,59.1643,114.532,1.68180037516,0.0304262,91.7492834098,12.5137,-121.509665141,281,114.52,114.531120658,30.9969916037,40.6676668565,894.799121951
-116.498,84.1386,912.296690222,282,-237.71830347,981.39839757,-237.71830347,114.783633071,59.2676,114.79,1.67687314621,0.0255516,94.7318168667,11.8289,-237.71830347,282,114.777,114.788709397,0.0,18.7733989778,934.747730629
-116.775,84.3018,859.555973257,283,-334.820063742,1112.83759997,-334.820063742,114.992578137,59.3803,115.0,1.63807943716,0.0489732,106.569434773,9.73008,-334.820063742,283,114.987,114.997029507,0.0,76.7368820605,1024.57292464
-117.027,84.4742,753.903549964,284,-119.046136651,1121.14755207,-119.046136651,115.245013812,59.4644,115.259,1.68686015113,0.0530062,98.6422521324,12.0418,-119.046136651,284,115.242,115.252189984,0.0,127.952453269,977.401375221
-117.305,84.6181,697.834807963,285,-155.193467348,966.68651693,-155.193467348,115.512662849,59.5656,115.529,1.68355579284,0.052366,91.50353626,11.9067,-155.193467348,285,115.506,115.516486341,0.0,83.2535249779,877.711872808
-117.461,84.7139,704.650911261,286,-330.365045793,902.072165156,-330.365045793,115.69965991,59.6415,115.718,1.71241678747,0.0554815,85.3576856654,13.0963,-330.365045793,286,115.691,115.707699289,0.0,71.9776107817,793.68755779
-117.641,84.9165,656.431278352,287,-307.633745966,928.308892872,-307.633745966,115.89675224,59.7465,115.911,1.69583274098,0.0464671,87.8830609265,12.211,-307.633745966,287,115.892,115.909845802,0.0,71.4525332568,841.948737531
-118.02,85.0751,901.296887926,288,-35.9030023522,931.633316084,-374.700727887,116.238396635,59.8738,116.248,1.73131993122,0.0216946,91.9491850475,13.5257,-151.024054549,288,116.23,116.246547834,158.186002052,7.87076631323,919.071500839
-118.274,85.2386,666.744815414,289,-245.865965136,983.42966246,-245.865965136,116.486097913,59.9777,116.502,1.66732706261,0.0643352,96.9707858264,10.307,-245.865965136,289,116.479,116.504282758,0.0,86.8266331762,792.246604231
-118.653,85.3604,692.389915087,290,23.453730237,861.053528018,-322.655802799,116.85532356,60.072,116.874,1.72708412102,0.0730001,95.989211597,12.352,-117.035283961,290,116.852,116.864544514,148.614797126,55.1942355179,771.807150604
-118.727,85.5094,895.411230707,291,-274.420980731,931.450413823,-274.420980731,116.971023747,60.2052,116.978,1.66237980832,0.0241177,89.9314255283,10.9809,-274.420980731,291,116.966,116.977093173,0.0,11.0579692046,908.627837962
-119.012,85.7182,842.049353267,292,-208.680039074,965.19397134,-208.680039074,117.231801561,60.303,117.236,1.71659912889,0.0286396,93.2982142392,12.1426,-208.680039074,292,117.223,117.234610502,0.0,31.7591920071,906.947903536
-119.347,85.8866,924.807096075,293,-40.0698933699,1009.78195227,-171.835767475,117.488760406,60.3815,117.5,1.74180111208,0.0209772,95.9499562639,13.696,-105.952830422,293,117.483,117.497305464,65.8829370524,22.7318564758,985.285620137
-119.727,86.0607,916.572830824,294,-13.4153426029,1148.21965195,-304.561858672,117.912463983,60.5477,117.922,1.69395750317,0.0287871,102.917582384,11.5464,-158.988600637,294,117.905,117.923509329,145.573258034,68.1032136416,1020.01917551
-119.779,86.1999,774.642712651,295,-206.560141029,956.053813791,-206.560141029,117.960752617,60.6489,117.979,1.75238411138,0.0471628,92.6235163727,13.9801,-206.560141029,295,117.957,117.971817394,0.0,59.9770142142,879.641011345
-120.076,86.3344,25.2403251977,296,-140.041764817,1014.83592924,-295.910071161,118.259191453,60.6916,118.264,1.72092677428,0.0541466,84.2120159761,12.9147,-217.975917989,296,118.253,118.26458615,77.9341531719,293.310873546,729.554750623
-120.095,86.4669,572.429682158,297,-36.8122897148,850.933825414,-461.065803052,118.33819028,60.8454,118.358,1.74473574051,0.058285,82.4492421137,13.958,-248.939046383,297,118.332,118.348425724,212.126756669,78.349478894,774.303551384
-120.384,86.6856,814.831619718,298,-188.440056393,930.653308394,-188.440056393,118.6050537,60.9319,118.616,1.76786016832,0.0388277,86.4992882852,13.3982,-188.440056393,298,118.599,118.615067883,0.0,26.9938908142,880.05567169
-120.848,86.8243,836.37886583,299,-316.050257978,889.430230408,-316.050257978,118.997110482,61.0111,119.004,1.6917445835,0.0372318,87.8111082194,11.832,-316.050257978,299,118.995,119.001998603,0.0,14.8299196678,854.218407236
-120.96,86.9932,751.588539654,300,-123.298139039,1050.20333377,-123.298139039,119.122828135,61.0908,119.132,1.78747492298,0.0393862,92.7621715541,14.6369,-123.298139039,300,119.115,119.128274534,0.0,76.7756867636,967.681801077
-121.169,87.1125,847.692190077,301,-275.562528045,1029.08513249,-275.562528045,119.357058698,61.1815,119.359,1.67270741997,0.0322489,97.4073015767,11.2724,-275.562528045,301,119.352,119.364890765,0.0,50.8309422122,991.710287514
-121.466,87.2937,819.010805128,302,-154.157864405,1052.41729209,-331.758070343,119.621980234,61.2499,119.634,1.73446001429,0.0346949,98.1383940062,12.8702,-242.957967374,302,119.615,119.629484278,88.8001029687,65.5836248617,983.910675176
-121.762,87.4245,700.637243453,303,-76.3288247407,954.794361225,-351.236865073,119.950976832,61.3605,119.973,1.71942599275,0.0570906,89.8727998228,12.0617,-213.782844907,303,119.944,119.962867393,137.454020166,73.0654194617,810.833839494
-121.967,87.6186,806.167303831,304,-197.68240871,1013.14804787,-197.68240871,120.111560732,61.5175,120.125,1.80538100591,0.0466761,94.3559332168,15.6932,-197.68240871,304,120.107,120.120308325,0.0,62.3800709246,897.269187253
-122.266,87.7354,936.176146671,305,-180.318105549,1029.96919695,-180.318105549,120.39793073,61.6264,120.408,1.80067636567,0.0321055,91.2552534124,14.0039,-180.318105549,305,120.393,120.403886191,0.0,23.3142093741,981.674492646
-122.62,87.8818,731.354887526,306,-332.791728846,931.51943116,-332.791728846,120.699329301,61.7204,120.711,1.80476951184,0.0630677,91.3366592144,14.8649,-332.791728846,306,120.693,120.71453492,0.0,56.5396706984,810.094378621
-122.922,88.0722,795.179969665,307,-332.01830882,934.16494139,-332.01830882,120.994790748,61.8475,121.001,1.77811881076,0.0428951,91.8809064454,14.0432,-332.01830882,307,120.986,121.001057211,0.0,44.4352768981,867.787317332
-123.248,88.2182,865.541144069,308,-367.935297332,1029.5975872,-367.935297332,121.32484208,61.9388,121.346,1.79985806175,0.0346742,94.8743317774,14.7342,-367.935297332,308,121.318,121.341698411,0.0,57.0251517551,942.484819537
-123.664,88.3647,714.555036948,309,-170.523809989,1048.4864077,-258.282139637,121.73229482,62.0177,121.742,1.76950586429,0.0480287,99.449617471,14.1399,-214.402974813,309,121.727,121.737175131,43.8791648242,86.6707880632,912.410531751
-123.932,88.5255,731.091811329,310,-183.265803607,975.316578422,-183.265803607,122.032024569,62.0992,122.043,1.71082672301,0.0354533,95.520131986,12.4003,-183.265803607,310,122.025,122.04041377,0.0,70.5100156144,903.556143833
-124.258,88.701,781.683593982,311,-350.261817503,960.724717915,-350.261817503,122.343444937,62.2167,122.355,1.75000445449,0.0487376,89.8877412492,14.69,-350.261817503,311,122.336,122.356001762,0.0,51.5866484655,828.772939713
-124.367,88.8598,775.979277722,312,-10.4655370021,996.80624637,-243.985428315,122.478653948,62.3546,122.491,1.79660199104,0.0353387,88.7640536849,14.7782,-127.225482658,312,122.473,122.485860617,116.759945656,62.1444058714,921.053414855
-124.671,88.9977,883.420161449,313,-40.3927750405,999.1000708,-357.563086329,122.789435028,62.408,122.802,1.79597305381,0.0337131,93.8194157515,14.3164,-198.977930685,313,122.786,122.804174165,158.585155644,32.1088614399,966.142772255
-124.842,89.1811,760.579794036,314,-280.975130965,1005.77374215,-280.975130965,123.004373812,62.517,123.016,1.8187376103,0.0421559,91.2091185515,15.1302,-280.975130965,314,122.996,123.012946125,0.0,62.6828264353,875.1986505
-125.124,89.3218,839.818966334,315,-72.6596452225,1026.65506945,-185.687406809,123.259358502,62.6069,123.275,1.80730398804,0.0238199,98.7824325607,14.8825,-129.173526016,315,123.255,123.274201014,56.5138807932,51.0162151485,988.643007788
-125.302,89.4657,839.15656238,316,-144.574586276,991.710407205,-144.574586276,123.450206451,62.7443,123.471,1.7808185507,0.0287496,92.7715137003,14.3884,-144.574586276,316,123.443,123.46831009,0.0,42.6392794437,948.038663004
-125.538,89.6004,875.807519925,317,-370.33937492,989.037020212,-370.33937492,123.738392649,62.8408,123.743,1.76033857686,0.030873,91.4761161749,13.0369,-370.33937492,317,123.734,123.74327399,0.0,42.6792946888,933.942781305
-125.737,89.7365,838.154804556,318,-379.117671705,884.270739944,-379.117671705,123.907281703,62.9487,123.91,1.78879105547,0.0355804,86.6744401795,14.2636,-379.117671705,318,123.901,123.911220818,0.0,15.4865211066,864.643301185
-125.793,89.9167,724.329899161,319,-57.8970677708,899.602871692,-360.953140234,123.96771993,63.0583,123.984,1.8821208216,0.0483064,90.1105792477,17.6462,-172.559580669,319,123.957,123.979814521,134.258323631,53.1630622009,820.547524227
-126.042,90.0786,826.731457612,320,0.45703522614,896.115502528,-213.420585995,124.195549365,63.1644,124.202,1.87710191819,0.0378438,86.6198023511,15.7334,-106.481775385,320,124.193,124.20600354,106.938810611,19.5003435388,865.012117915
-126.46,90.2718,827.59856474,321,-433.779927705,952.349485639,-433.779927705,124.544319444,63.2255,124.553,1.88669425373,0.0368685,92.2928664536,16.6005,-433.779927705,321,124.538,124.551943226,0.0,41.8611115869,880.391004766
-126.715,90.429,797.944449879,322,-348.756753822,915.873293484,-348.756753822,124.767806183,63.3107,124.787,1.836738112,0.0396299,91.9641267845,15.6932,-348.756753822,322,124.761,124.790044629,0.0,35.8725769924,861.174875911
-126.882,90.5493,889.713053845,323,-293.047047474,1022.15469765,-293.047047474,124.958409446,63.4111,124.972,1.82882330734,0.0305451,95.6896199581,15.3262,-293.047047474,323,124.953,124.973595082,0.0,45.1919606881,968.106037242
-127.167,90.6612,758.948208655,324,-277.006514392,926.579806312,-277.006514392,125.264384829,63.484,125.283,1.76528307814,0.0456871,84.5259174133,13.2394,-277.006514392,324,125.26,125.276985718,0.0,53.3862053012,864.763989982
-127.403,90.8102,618.20729329,325,-340.090668439,956.352627071,-340.090668439,125.49390757,63.577,125.506,1.82960345731,0.0373692,87.5041268116,14.8941,-340.090668439,325,125.49,125.499512048,0.0,107.143674913,849.584858977
-127.567,90.9601,876.561286268,326,-338.596777955,907.950559995,-338.596777955,125.641896916,63.6563,125.66,1.87523153509,0.0311601,82.9646880525,18.6862,-338.596777955,326,125.632,125.648387925,0.0,11.4124702069,887.945951573
-127.941,91.0649,759.598672489,327,0.0112277938938,817.980077295,-55.9612160441,126.017443523,63.756,126.024,1.79072884006,0.0528146,76.6100200744,14.149,-27.9749941251,327,126.013,126.024739029,27.986221919,17.87369698,786.4441626
-128.025,91.2401,241.01480216,328,-64.3968677257,911.52916843,-297.462280552,126.148615506,63.8955,126.158,1.87528483217,0.046871,83.9108667115,17.14,-180.929574139,328,126.146,126.164411975,116.532706413,181.738247662,807.633409416
-128.183,91.3798,844.828681961,329,-129.075990538,1023.04084287,-158.546357985,126.37281126,63.9945,126.377,1.81541196685,0.0388697,94.357407288,14.0756,-143.811174261,329,126.363,126.383170443,14.7351837232,54.458821449,953.603616023
-128.496,91.5612,701.891418753,330,-47.4381666588,878.37233786,-48.4481595599,126.602111747,64.1283,126.624,1.9388302678,0.0407997,83.7834465749,21.069,-47.9431631093,330,126.593,126.615443479,0.504996450553,50.8488809278,853.304451596
-128.656,91.7267,840.985572308,331,-35.3178150383,892.497638174,-255.503622765,126.772455057,64.2757,126.79,1.8124439314,0.0371145,80.4438523812,14.0356,-145.410718902,331,126.768,126.776398108,110.092903864,14.5686719406,861.914941781
-128.9,91.8804,833.544353177,332,-285.397945825,899.608848641,-285.397945825,127.007785827,64.3863,127.021,1.82318140526,0.0341086,81.76438672,14.4161,-285.397945825,332,127.004,127.022047785,0.0,19.3309840144,863.416920269
-129.101,92.0428,786.220445519,333,-445.572781381,809.682288659,-445.572781381,127.173942572,64.5171,127.181,1.88889499158,0.0497322,77.908795901,15.3679,-445.572781381,333,127.164,127.186849564,0.0,7.05756554332,799.190297925
-129.564,92.1391,840.339480308,334,-280.150931655,860.992026606,-280.150931655,127.641357234,64.6195,127.663,1.90913611314,0.0389416,82.7087736,18.5303,-280.150931655,334,127.636,127.652788133,0.0,7.12555805494,849.61428102
-129.641,92.3073,786.094490804,335,-318.152176692,896.182784904,-318.152176692,127.69378881,64.7013,127.703,1.88056088938,0.0381459,88.2284006999,16.0623,-318.152176692,335,127.686,127.700281068,0.0,31.5204984424,878.703831641
-130.065,92.4259,899.189285445,336,-288.579626335,960.673543102,-288.579626335,128.154995766,64.8055,128.17,1.8136190013,0.0415285,91.260514625,14.2213,-288.579626335,336,128.147,128.168489646,0.0,18.3527071937,928.744508245
-130.111,92.5704,839.847096797,337,-357.960695989,874.421003912,-357.960695989,128.237240255,64.9199,128.261,1.81503711146,0.0396654,84.0365519485,14.8908,-357.960695989,337,128.233,128.247860886,0.0,13.6618309981,859.246419825
