MinReturn,MinForwardProgress,AverageAbsQ,AverageAction,AverageForwardProgress,MaxEsReturn,AverageQ,AverageY,AverageReturn,Epoch,AverageQLoss,AverageAbsQYDiff,StdEsReturn,QFunRegParamNorm,AverageEsReturn,AverageDiscountedReturn,PolicyRegParamNorm,AveragePolicySurr,MaxForwardProgress,MinEsReturn,StdReturn,MaxReturn,StdForwardProgress,AverageAbsY
-3.56175580309,-0.0714492364323,0.0218611,0.898573,0.00205550462089,48.527472814,0.016338,0.00469766549102,6.50267670825,9,0.000726585,0.0203377804129,9.13068852037,25.1072,27.391849002,5.51994007777,10.3582,-0.0263929,0.0871664010574,0.194181206549,3.99797974787,18.4846409204,0.0295944091103,0.00488664870473
11.4141357181,0.011448945643,0.0121671,0.765358,0.13639609371,48.171073404,0.00320353,0.00335679556303,28.600403559,10,0.000361533,0.00783031391363,8.73773016493,25.8329,11.4711122516,19.8972477721,10.9015,-0.0445004,0.248516014544,1.99348963116,6.323273197,44.6053624579,0.0457476909224,0.0103852795238
-3.9070342175,-0.0779152454052,0.0473124,0.892102,0.0093318749013,70.7249116052,0.0462767,0.0463505187867,8.27635690118,11,0.000322041,0.00821741480116,24.3370213651,26.9066,27.6611353619,6.74851280823,11.5944,-0.0808884,0.112177871905,0.219647824737,4.37356718836,22.5547434622,0.03265401792,0.046452945358
8.02731012355,-0.00833592763488,0.0698994,0.844466,0.0874213834351,42.4196355925,0.0697462,0.0698759399801,20.5238579027,12,0.000160979,0.00685445150829,11.2621886165,28.5033,19.3791730068,15.1877195337,11.7695,-0.0827199,0.178128419378,-0.098219528786,4.84388867201,32.6226874987,0.0371982316382,0.0699411543994
3.53789705279,-0.0323016327686,0.0856876,0.899812,0.0887128628314,35.8508074882,0.0852062,0.0846834297536,20.5355074721,13,0.000440883,0.00867857759504,5.70598911032,31.6106,23.0458841141,15.5268202526,12.1401,-0.0961856,0.340357535296,8.61912687074,6.66261223235,55.5473431768,0.049438353394,0.0846852938328
-3.01198649255,-0.0728931817503,0.0984756,0.890323,-0.000776340935232,30.2051244019,0.0979858,0.0979530527989,6.32014796808,14,0.000276241,0.00925447050167,8.75331035803,32.4949,12.6956862413,5.35428263357,12.5055,-0.125385,0.0889433543646,1.33549434799,4.1106508942,17.44751355,0.0318415628041,0.0983829512152
-4.60977843397,-0.0798605755348,0.120081,0.836037,0.000453493352832,12.283834876,0.119339,0.119276870831,6.16343514981,15,0.00035006,0.0104498226056,3.75476220846,33.6169,6.61922145454,5.27076617081,12.7439,-0.142619,0.105891359566,-4.53121661306,4.07052886319,19.7197381914,0.0315994706164,0.119943759396
-4.32578750775,-0.0768430349654,0.133322,0.899151,0.00228625339689,14.8461618033,0.132054,0.131989394494,6.0127611681,16,0.00208303,0.0146544176019,3.16102911546,37.4109,5.73248595363,5.18693584568,12.9104,-0.146385,0.112610819895,-2.90683800266,3.67087956079,20.4876994332,0.0279729246508,0.132433783984
-5.27160498327,-0.115074312711,0.130882,0.91914,-0.0174242381004,28.1632419322,0.130799,0.130542730065,6.85956894059,17,0.000462809,0.0111501106918,7.99297395308,39.3197,10.5135867584,5.58658295913,13.0193,-0.129494,0.0927399951477,-1.36811927657,4.84163361651,21.0015480622,0.0383169535667,0.130683396153
1.56257165311,-0.0666793994542,0.112438,0.995639,0.0595599934601,32.8176992102,0.110376,0.113275562837,18.351843593,18,0.00271034,0.0153424083467,7.3007497677,41.9427,18.9703074464,12.8736877202,13.0559,-0.116192,0.201036941964,2.02798948149,6.54829586088,35.9395388797,0.0508482178222,0.113348756267
-4.1185801386,-0.108018856901,0.109355,0.979235,0.0358092358658,17.0986528359,0.0996349,0.100406175015,14.7698101184,19,0.00414133,0.0179838012033,4.80469352007,44.9872,8.13917435399,10.681638968,13.0374,-0.103072,0.140244541674,-1.29820309742,5.31518794043,28.7749447996,0.0400819695458,0.109010345659
-2.52347437072,-0.0866187548625,0.112695,0.979897,0.00758785597913,21.7174054473,0.0992108,0.0995193380136,10.3880337895,20,0.00254381,0.0211010311217,5.08460980375,48.9636,8.46370788015,8.04966069368,13.0346,-0.104314,0.101149559662,-1.88195132093,5.59533214981,23.3652400452,0.0396693259283,0.115171410386
-2.28065787601,-0.080563447392,0.11654,0.984889,0.0721306388379,29.8952801553,0.104325,0.10448642105,20.3995966593,21,0.00117798,0.0172056548398,7.3203063571,54.3662,11.7570278718,13.9394128749,13.1105,-0.109637,0.262677296653,-1.00983263637,9.18440352942,47.0014447141,0.0611636879843,0.119149551944
-7.89536580832,-0.141147547416,0.118901,0.962344,-0.0244285806142,29.2989927663,0.111255,0.111478486786,7.02479188641,22,0.000963369,0.0154283451763,8.57701811808,58.8995,9.84321090019,5.85166205701,13.2724,-0.119887,0.118002875643,-3.74362781625,5.85368663328,25.2071951584,0.0461791208318,0.121216633027
-16.8090186636,-0.21130480622,0.122493,0.965828,-0.0652139778037,52.3565325898,0.114803,0.114697813012,1.63535461954,23,0.00260078,0.0214343770951,17.8180904912,60.3921,22.9872441766,1.63879456748,13.3459,-0.126008,0.110099857628,-1.63592544862,5.74250396093,33.314280032,0.0440229151573,0.126845631965
-7.9821408263,-0.148693881821,0.127806,0.995814,0.000743274025349,16.4451880968,0.12623,0.127029856882,11.213061658,24,0.00209746,0.0177647766684,4.82297938514,64.01,8.51151311987,8.5492770171,13.3605,-0.133119,0.136386408934,-0.705386383453,7.3111011792,28.6813520814,0.0559397662934,0.130988992012
-10.556193332,-0.172475513494,0.13429,0.997886,-0.0167635823793,17.6938817452,0.134072,0.134651364844,7.93654538784,25,0.000981202,0.0136155297645,5.65965480567,65.1436,8.82180292874,6.25025875802,13.4057,-0.138451,0.110324817869,-2.19148558267,5.71344849312,24.1511465338,0.045905420492,0.135289178254
-11.9604462726,-0.173314144121,0.140623,0.983209,-0.0509614886795,40.3573043736,0.13996,0.14025234855,3.80653553623,26,0.00134381,0.0132686176436,10.1248131937,68.2053,2.09484592062,2.50662823637,13.4408,-0.142038,0.297252409998,-9.72319882104,11.6535514804,57.0552408065,0.0766850331603,0.140253536109
10.6315169782,-0.00927181339746,0.138264,0.982476,0.160416552725,54.0446623624,0.137702,0.139027865046,33.1640574422,27,0.00122014,0.0132444898897,13.9885758046,64.3737,30.8549729852,22.1778253631,13.6012,-0.143633,0.308633158028,-1.80014185053,7.60342548298,54.2003146147,0.0567824789716,0.13902982288
11.5355526217,0.012575708522,0.144394,0.998874,0.156007508212,47.9564975116,0.14418,0.144770515437,32.5709657907,28,0.000822229,0.0132496702289,10.1712625293,64.2857,33.0401420257,21.7462959614,13.6745,-0.15359,0.306964603246,2.17671995206,7.36941543563,52.753210704,0.0541118473147,0.144772512077
13.7120220489,0.0136193713433,0.151949,0.997631,0.162484498135,45.8360851047,0.151912,0.152283925596,33.2678127625,29,0.000644646,0.0127572215196,9.1772051015,65.3245,31.822963628,22.3878981897,13.7217,-0.159537,0.325790929841,2.74944662433,7.11216773735,55.7033128038,0.0525298159896,0.152286114167
13.2581785906,-0.0204458087575,0.155384,0.994581,0.273835152041,58.3681826245,0.155314,0.155902718267,51.8930221648,30,0.000788037,0.0141607267898,11.1186881299,66.8088,31.5190778436,30.264999359,13.7766,-0.161157,0.545820356287,6.33515684943,13.2346443176,86.8036928448,0.100854918751,0.155904565834
11.6605899981,-0.00604814242048,0.162336,0.974582,0.129292193619,72.2760050733,0.162251,0.16204956233,28.4280251213,31,0.000715133,0.0119833446401,14.0746703724,69.0906,25.3103175087,19.6708106307,13.8943,-0.171569,0.362347247575,7.66106885511,7.95502404385,61.6589412662,0.0564707472432,0.162052894194
8.39681583273,-0.0194633345939,0.168416,0.969118,0.122508409273,40.0966246083,0.168324,0.168821193299,27.5700007366,32,0.000799283,0.0130328687213,8.3440143,72.1789,27.8940281801,18.9739662923,13.963,-0.178005,0.251319644103,4.85573063663,7.01345746248,43.9843614197,0.053144121256,0.168823727152
17.3679939931,0.0481844281252,0.176028,0.966399,0.274221206748,56.8296235941,0.175911,0.17636375036,49.3603690501,33,0.000949508,0.0141026229612,12.8411882513,76.3061,38.8431533914,31.164207298,14.1783,-0.187015,0.354288252726,5.86490070671,7.01065366597,61.7492259583,0.0481844210847,0.176371521721
29.6193586715,0.143536952684,0.187098,0.995486,0.281279263746,72.4254601115,0.186518,0.187003219037,50.5445058591,34,0.00193896,0.0151354429432,15.9833799847,79.8421,48.1920747586,31.5943543491,14.2191,-0.197532,0.386952905199,-0.132882585356,6.9826908167,65.3849624187,0.0482125805541,0.187058499805
9.25719765943,0.0100923007411,0.19423,0.999989,0.249257184384,57.0647647838,0.194151,0.194791206252,45.858645841,35,0.00106718,0.015389289541,12.6640391928,84.1911,44.5206991696,29.0519768333,14.2883,-0.204701,0.374475237395,1.75128556668,8.44975304653,64.3396166829,0.0572431728408,0.194828339583
22.4604344257,0.101299810445,0.204189,0.999997,0.261143510281,61.424892774,0.204068,0.203952706801,47.636425609,36,0.00108424,0.0152957776315,9.77863228341,86.6622,46.3933655576,30.0092989951,14.3898,-0.216443,0.388979959732,30.9366295313,7.03215344545,66.9825686242,0.0484581463866,0.203964755778
11.6021958916,0.0187225426915,0.215876,0.999996,0.252976657984,58.441177205,0.215591,0.215620646837,46.5454256405,37,0.00125946,0.0155302548558,12.9658427114,92.9666,44.3632296477,29.2421508941,14.4189,-0.227789,0.399463076007,1.64898093432,8.68383464382,69.4045704156,0.0591493239569,0.215621823336
43.6964908842,0.227920363349,0.224935,0.999993,0.307278581342,65.2829548269,0.224922,0.224986906703,54.665393998,38,0.000967929,0.0147050169543,11.1186846727,94.0099,48.1546943113,33.1391885068,14.5197,-0.234169,0.400057646141,25.760859247,4.79128633072,67.5223812299,0.0328758526406,0.224988269868
36.7830596253,0.162100051179,0.231221,0.999998,0.306381093862,64.9189994285,0.231219,0.230873934187,54.6224951916,39,0.00107102,0.0153432920216,9.59708018037,94.7478,53.3246609498,32.9755349179,14.5681,-0.236942,0.411928980493,25.8551863289,5.26185909513,68.8259547902,0.0389509651883,0.230874910928
24.3405650346,0.101937183634,0.233683,0.999997,0.307139554899,62.8965088611,0.233635,0.233882055925,54.5416503385,40,0.000955185,0.0137581233143,12.398692279,96.2578,50.6979545941,33.1844526561,14.5703,-0.237578,0.387873061078,11.9671055703,6.67696336529,66.09188424,0.0468412167828,0.233883881245
38.3405999531,0.187308687094,0.234718,1.0,0.307400045908,63.5221583688,0.234715,0.234038985211,54.7097768604,41,0.00108991,0.0144509799532,7.3952075243,95.3544,53.3849852227,33.1138765174,14.573,-0.235081,0.421600454138,36.6189367057,5.56528351441,68.6675400537,0.0394489764854,0.234040413182
-1.8890373176,-0.0986425505021,0.232185,0.998868,0.117906270527,57.6020015271,0.232185,0.232456630981,28.6819228652,42,0.000938072,0.0132443080898,10.0514351693,97.1199,49.1745661499,18.3979986535,14.6415,-0.233922,0.275826643659,15.2658963144,9.04857162587,52.808873647,0.0684893582761,0.232457851588
-10.377171429,-0.162123264331,0.23419,0.998595,0.0106979200829,38.8042527325,0.23419,0.234035130392,12.6628652424,43,0.000947762,0.0135933466832,12.5888280887,101.927,13.3870831488,9.07085754024,14.6644,-0.240047,0.238582049868,-9.32132393745,11.1794314936,43.4533209618,0.0807449693964,0.234036630814
-12.2117785792,-0.179420059422,0.236372,0.998408,-0.0277705571336,32.6450003882,0.236372,0.236500229932,6.82361920392,44,0.000896325,0.01319799605,8.47328944412,101.77,11.8792105936,5.44357202315,14.6711,-0.238048,0.210140600489,-2.95359524451,8.05887237308,40.9789219135,0.0599026484643,0.236501347601
-13.9635051497,-0.19113537867,0.235088,0.998423,-0.0191950354421,25.3751369076,0.235088,0.235165752646,7.98913768784,45,0.00086939,0.0125432893203,8.39414658519,104.673,8.90886929789,6.17104763505,14.6723,-0.235379,0.233227310645,-3.78680482212,8.15862703424,42.6596183169,0.0601494902155,0.235167059623
2.05981100364,-0.0795062675884,0.23151,0.994834,0.130231241746,47.514538848,0.231488,0.232022491382,30.4308252028,46,0.000946854,0.0130390214158,16.5591326182,106.476,15.2480389589,19.3869361757,14.6629,-0.232248,0.334379406164,-1.60068928662,11.7196134074,57.4746388419,0.0870309111392,0.23202414855
-6.18891681702,-0.127397628953,0.229327,0.996476,0.0460478239448,41.406433666,0.22932,0.229865226217,17.7869461961,47,0.000864912,0.0124748856585,13.3522457184,108.95,24.9937536726,12.1467576824,14.7004,-0.22969,0.250558028185,2.02657938241,11.5706364688,46.1290634674,0.0829705243663,0.229867142138
4.40656972547,-0.0982144951624,0.228462,0.998806,0.155547625508,57.5475904223,0.228461,0.228077649042,34.0603822474,48,0.000842301,0.01205283678,13.9813328806,110.02,23.7939422868,21.6044262482,14.7649,-0.228011,0.356895589991,1.63358790658,10.3625558188,59.9689111501,0.0804210778477,0.228079873016
7.93845847293,-0.0552901790277,0.227451,0.999898,0.160473467757,49.0999032272,0.227446,0.227038287696,35.366226982,49,0.000855674,0.012500239904,15.835783517,111.721,30.526456599,21.8946810697,14.7787,-0.22742,0.385325428627,0.575277693105,10.9923130652,65.7003169731,0.0871964872077,0.22704046518
1.55654373801,-0.102372757385,0.226396,0.999937,0.169243929856,42.0987476386,0.226392,0.226105970571,36.2529098864,50,0.000805168,0.012268266681,13.0576765346,113.411,28.0411750467,22.6163627713,14.7821,-0.225331,0.370256855929,1.34563244776,10.7524567968,64.1937459092,0.0828063361524,0.226107874352
10.0500926198,-0.0420045498235,0.223981,0.999967,0.170379927673,48.6786382838,0.223909,0.223791033743,36.7916468246,51,0.000842625,0.011711202716,11.3016860292,116.28,29.3496069779,22.4666502743,14.7862,-0.222681,0.351559397216,8.52854523769,10.2426242722,60.1913680899,0.0785811127874,0.223792863236
-1.06495708542,-0.141600105395,0.219541,0.999829,0.163392156984,49.8344019851,0.219519,0.220163426753,35.7758338902,52,0.000816243,0.0123948358461,9.74673141229,116.705,36.730429006,22.0949739645,14.7904,-0.219662,0.444577602358,20.0513019571,12.0645207995,73.6811574608,0.093866995725,0.220169348176
3.18009019982,-0.0863257899786,0.218468,0.999898,0.174285308679,52.8457608218,0.218446,0.218506331842,36.9542884429,53,0.000685996,0.0111139211477,11.9678822757,118.409,39.0277770709,23.0987437555,14.7893,-0.218602,0.34934791228,13.4891819767,11.4066492189,59.2091117959,0.0893016587767,0.2185129042
25.1522965774,0.0477566948922,0.217479,0.999739,0.276665870058,62.7293072809,0.217443,0.21738723159,51.350861477,54,0.000625308,0.0107021511402,13.1910728784,120.228,39.5162104802,30.513750818,14.7751,-0.216803,0.428865273058,15.1888740714,10.0832855444,70.1906331757,0.07738007206,0.217404862726
28.0387028652,0.139510077746,0.214865,0.998918,0.337836750983,62.776944218,0.21479,0.215077740324,58.8394021775,55,0.000642634,0.0109436115701,9.83409421038,121.594,50.6700930795,35.6549365815,14.726,-0.216872,0.487079161324,32.3945288469,9.40490064614,78.5096469011,0.0650111715899,0.215117956008
11.7657901917,0.0208040468012,0.216084,0.999375,0.212052536584,72.2280765007,0.215938,0.216154081996,38.5343226963,56,0.000633176,0.0108228623698,13.1897120472,122.601,53.6962733414,26.5522450255,14.7161,-0.220205,0.342039285681,24.3736704005,8.87894860015,57.8261331106,0.0637850744138,0.216267964458
3.96684848498,-0.0338014932453,0.220959,0.999513,0.20388247422,58.0506492775,0.220763,0.220260371569,37.7036964344,57,0.000659597,0.0111771090867,13.4028341942,119.391,34.2803066049,25.4050334724,14.6978,-0.225992,0.409949032687,2.51427880211,17.0134801281,67.5342131255,0.116761688829,0.220405276613
6.24805010768,-0.0185589867633,0.225192,0.999569,0.17401930925,59.8298615491,0.224953,0.224979794305,33.2067810156,58,0.000596092,0.0107773799866,17.3827208013,116.795,30.0995355784,22.8498465618,14.6997,-0.230958,0.420953799595,8.93238822811,16.230947968,68.7366852715,0.112398132568,0.22518766763
1.54334561721,-0.0507302060169,0.229144,0.999554,0.198195549694,61.5184437542,0.228761,0.228102487048,36.7739776766,59,0.00102227,0.0142373472707,21.8335763093,115.341,32.9224661948,24.968942845,14.7001,-0.234895,0.399991052001,1.24112345407,16.9717968015,66.6455860334,0.116990440482,0.228429192197
-2.61674834308,-0.0827144119255,0.232876,0.991108,0.040202891467,70.7141966793,0.232306,0.231801028797,14.2720965547,60,0.000965773,0.0149312077925,18.6763005138,113.139,31.7990993803,10.7341035225,14.7254,-0.237776,0.255436241736,7.63520342667,6.75638928269,45.2524627094,0.0469940746258,0.232279220049
-3.30424411528,-0.0911585176225,0.233026,0.997263,0.0566647211089,27.4124369628,0.232271,0.232123845903,16.6688180101,61,0.000814712,0.0123290388933,6.32169030947,114.098,10.1428283561,11.8374150239,14.7456,-0.240626,0.327296091588,-0.133392797198,14.5277185657,55.8350877759,0.0978256842996,0.232777328769
11.4509870775,0.0249943705857,0.239076,0.999392,0.292058933072,60.1638502303,0.238278,0.23805767464,50.5175839186,62,0.000770354,0.0131076679242,18.5071217604,114.938,31.9426474444,32.9561109623,14.7829,-0.246163,0.449837691427,5.13175486196,13.0188911135,72.6027318876,0.090131838147,0.23880477222
3.96118149885,-0.032630298473,0.244378,0.998714,0.148474018861,78.5840643159,0.243542,0.243286911831,30.5586904054,63,0.00103008,0.0128456144629,19.8663830629,117.514,45.093194044,20.2499985159,14.7911,-0.248559,0.386848161535,3.03445331551,15.7787114719,66.1082958195,0.105949007058,0.244174420388
-4.26216055896,-0.097433108313,0.244435,0.995906,0.0602576996971,47.5144637298,0.243635,0.243504284085,18.3955240888,64,0.000950071,0.0125586881971,11.8554758938,119.024,21.2179402589,12.3222325418,14.8125,-0.24698,0.366576990456,6.05442470621,13.7564901447,61.5966251903,0.0915305616871,0.244164312802
-5.99981345409,-0.104918715995,0.24552,0.992876,-0.00374321244201,37.3371173577,0.244463,0.244560107442,7.56667462176,65,0.00243351,0.0128482216559,7.83557992496,122.022,6.57561212518,5.87439338109,14.83,-0.249225,0.216815902215,-3.10554769824,7.61064245566,41.4885848343,0.0515170116576,0.245183930889
-5.6364031941,-0.101560595024,0.246249,0.995257,-0.00985174677046,32.7742194044,0.245507,0.245872244109,6.36122481594,66,0.000790643,0.0126631103119,8.49447319647,121.031,8.13924846991,5.25471489214,14.853,-0.248894,0.155131307528,0.145657631277,5.28907408888,31.1927771679,0.0383425492385,0.246498282745
-3.91972482249,-0.0871510756418,0.246173,0.996489,0.063274942829,49.5223378646,0.245307,0.245416598424,17.1986056207,67,0.000756451,0.0122476877476,17.6581805939,120.562,17.6625342393,11.7611963602,14.8636,-0.248014,0.383353006621,-4.3516328382,17.0942880404,67.0395073397,0.111092682205,0.246117807255
-5.07523769737,-0.0983503291633,0.247513,0.985577,0.0451217469173,51.2756378408,0.246783,0.24670430777,14.6226677061,68,0.000676316,0.0115214655428,16.7219685137,124.267,17.5694096277,10.0103520398,14.9144,-0.25027,0.378056640288,-0.739197379866,16.7587707552,67.7574150575,0.10891720216,0.247386142024
2.40184491392,-0.0451861130316,0.247821,0.991249,0.222737122294,68.0217322544,0.247023,0.246833975294,41.7774060535,69,0.000672782,0.0119212568982,17.6871046302,129.431,37.0333065093,26.3866903283,15.0137,-0.249797,0.404785432431,3.18051857529,13.6303317834,69.5415325806,0.0923959990513,0.247523120597
33.17163617,0.164786337033,0.248755,0.996081,0.310325281837,67.1681272775,0.248032,0.2478430315,54.7808874244,70,0.000646288,0.0115543124111,7.11434407437,135.34,56.6439918779,33.6374350005,15.0603,-0.251145,0.423056915412,44.3092568912,6.21993060314,70.6144102322,0.044202752726,0.248469253891
33.402256687,0.169320000084,0.249292,0.994649,0.315022356651,60.8677017126,0.248454,0.248291392556,55.7426971501,71,0.000693398,0.0120114400657,9.77874742396,142.22,52.0894371983,33.5871501333,15.0716,-0.250692,0.430224766121,18.9916030233,6.14268873817,69.883625167,0.0444084098157,0.24901508643
32.1696171184,0.140747621928,0.248653,0.99395,0.327482489821,71.2607989478,0.247419,0.246955024561,57.398588631,72,0.000756982,0.0126205388814,16.9926167406,144.657,52.6901666935,34.5034912937,15.0711,-0.24937,0.445195679499,-0.198770971702,5.72896756774,71.7607904799,0.0413301645999,0.248019426001
23.9698059899,0.10461559557,0.24943,0.999597,0.331211878557,73.0559701065,0.248071,0.247792763559,57.5568371311,73,0.000718329,0.0121173153395,8.71926500371,145.975,55.1357042351,35.1893180266,15.222,-0.250593,0.458866730954,39.9615038434,11.8491443891,76.7741012091,0.0809605457788,0.249014832733
17.8967362603,0.0780564902302,0.249745,0.999552,0.332745372723,69.8010234011,0.248196,0.248196589671,57.8286739963,74,0.000686694,0.0122158808071,13.6046083548,148.201,55.7244618659,35.4664690263,15.227,-0.251793,0.46098952909,12.8956750397,9.47707724965,76.5922740916,0.0661882221698,0.249660603671
35.4225886928,0.170852912837,0.250941,0.996883,0.302221821413,73.5444655037,0.249311,0.249030818901,53.8517014209,75,0.000710582,0.0123561784001,13.1009115744,151.254,55.1329828281,32.8030796923,15.0912,-0.25237,0.387275189729,22.037823552,5.45283180088,66.3314086323,0.0389260857606,0.250556460674
46.5342901854,0.247292214247,0.251736,0.996028,0.319179552913,60.8563742182,0.250029,0.249478697827,56.2641960554,76,0.000822572,0.012788077811,14.9575641065,155.88,51.7612745964,34.1455729008,15.1329,-0.253281,0.410932513091,2.32240365005,4.8348674932,69.673659772,0.0345932651735,0.251075677871
37.6528480853,0.189271390474,0.252071,0.997837,0.311918226127,65.7057982816,0.250515,0.250178716765,55.4186530115,77,0.000678965,0.012228380109,9.39205279018,157.136,52.5507098383,33.4186158841,15.1697,-0.253472,0.442014513046,27.9368117869,5.45913137568,73.9019215287,0.0380237050883,0.251636764392
32.1881031277,0.143798887716,0.253573,0.998059,0.307353317314,63.9668265902,0.251964,0.251739138727,54.6377458404,78,0.000693181,0.0123576161623,14.6475836303,159.222,50.0515281452,33.1503215599,15.1899,-0.255287,0.405359271166,1.3368502552,5.72963884684,69.5290588311,0.0406888127383,0.253220486241
31.6599184562,0.147385696186,0.256308,0.997918,0.296494327683,59.0320962513,0.2547,0.254665405182,53.0824013499,79,0.000654491,0.0118491061565,9.90160735092,160.073,51.3114365945,32.2808156189,15.2115,-0.257927,0.435133944315,17.8085441763,6.4098499924,70.7409686421,0.0448926206628,0.25614462302
38.4510381778,0.189716115773,0.25599,0.996444,0.3063812146,61.3763457742,0.25438,0.254419808451,54.5575367154,80,0.000680591,0.0120906792664,13.4014825057,163.326,48.1865911316,33.029448534,15.2384,-0.257347,0.407363334432,3.50105110452,5.85204335159,70.3292990549,0.0415466292887,0.255959560344
39.8379780984,0.213672597654,0.256896,0.99684,0.305103932778,61.1416522854,0.255299,0.25521378295,54.4930689758,81,0.000676933,0.0125379062397,12.5169519998,165.879,52.1186367233,32.8244714416,15.2547,-0.258168,0.381481082268,10.2291890661,5.14863657841,66.0077156777,0.0350276939191,0.256724036379
28.3673128352,0.0685496705535,0.258612,0.997868,0.313335785164,77.9669183562,0.256827,0.256725484846,57.361622199,82,0.000685096,0.0123915917177,11.5810241567,168.835,54.0081772942,32.3702360892,15.2597,-0.259387,0.418948875397,24.329462185,7.42914040625,71.0597961352,0.0575531972539,0.258377946108
45.871524169,0.209699586833,0.259211,0.997251,0.318688035281,76.781465604,0.257548,0.257525132598,57.7693830392,83,0.000712212,0.0127519302619,19.4042372415,170.596,48.2477683803,32.9052502404,15.3041,-0.260751,0.403549245356,5.32563941705,5.01429026608,69.720252223,0.0387405132038,0.259063630925
35.4488501571,0.161964878381,0.260774,0.998042,0.343080776072,82.9418790385,0.259058,0.258919344608,60.7622715022,84,0.000705526,0.0126860861371,18.2532209732,172.851,50.8993178099,35.3006437783,15.5278,-0.261853,0.501412293801,11.2184713299,8.85487089947,82.9348856625,0.0652689937785,0.260461881812
26.3499525972,0.0538448889497,0.261996,0.999987,0.361969457932,78.5498223524,0.2604,0.260579499076,62.9295605607,85,0.00073659,0.0130739413478,18.2355653899,174.25,63.0614184713,37.0205112046,15.5549,-0.264321,0.49987312353,6.26670964106,9.45993091478,82.5477847773,0.0709802211158,0.262100234004
26.8581524348,0.124715524177,0.265589,0.99967,0.353293913884,81.6234944184,0.263905,0.264006337941,62.3019486347,86,0.000785977,0.0131810697696,17.5965624646,177.378,63.3451414003,36.0141746504,15.5748,-0.26793,0.51514742615,15.0656122092,10.5618710066,84.9966080308,0.0796682715735,0.265547830799
26.1307160701,0.112011710229,0.265496,0.998811,0.329960554224,79.3354326844,0.263769,0.264681767158,59.0215034725,87,0.000942512,0.0145727663655,20.4845765236,179.251,55.2497461501,34.231347849,15.6798,-0.267119,0.582962900192,9.89701206972,16.7723055388,91.248480335,0.115609567366,0.266162082902
18.1230717158,0.053104812286,0.265616,0.999181,0.342620262428,72.6150088338,0.264,0.264740080876,60.6191328866,88,0.000762563,0.0134757900751,15.7130855561,182.068,46.9988992105,35.2811840708,15.7025,-0.267227,0.625741324676,9.42337399711,18.0423004965,98.4031114903,0.124956955343,0.266322656695
17.8042008392,-0.00918155065499,0.268381,0.999258,0.323462415719,80.1388081702,0.266976,0.26711260754,57.4858073098,89,0.000842505,0.013441007627,16.9560496878,183.992,51.2207975355,34.1125516789,15.7216,-0.269705,0.630672671944,21.7632613379,17.9188550456,99.0288206474,0.124988118456,0.268491341514
10.4713593909,0.00318286574764,0.268571,0.992326,0.182146826086,80.490847068,0.26729,0.268292619048,35.8026590312,90,0.000885896,0.0145097519147,21.0127490053,186.999,41.2339826615,23.1146178463,15.7558,-0.269965,0.451527257262,7.60850116503,15.4398053702,76.9548484888,0.105342345704,0.269510417173
10.8498817996,-0.00032072175976,0.269038,0.990546,0.257863777331,71.812073564,0.267952,0.268083078481,47.5708578918,91,0.000781965,0.0138066467591,13.0826607923,189.506,37.4578478707,29.2879212277,15.8487,-0.270965,0.529148808041,14.4649709948,14.2053788066,85.6051145167,0.0994730751588,0.269099072316
15.5321509918,0.0503619182357,0.270196,0.993673,0.297144585292,80.2757795532,0.269071,0.269266921281,52.3877185821,92,0.000767643,0.0138017414098,14.5177331897,192.175,59.0523497406,32.2713443686,15.8816,-0.272152,0.5688505008,30.0233023095,14.6920117168,88.248897563,0.10126934034,0.27024576066
15.3050445353,0.0272535398017,0.270705,0.990518,0.249815419019,71.7307466479,0.269464,0.269899475498,45.3247652675,93,0.000807261,0.0140644212588,15.9905976975,196.004,51.1203670993,29.1844290628,15.9646,-0.272386,0.451008839256,1.62751502733,11.5571400906,73.8314903885,0.0812162459567,0.270958506191
5.10289497184,-0.019866412045,0.269711,0.997261,0.217610582423,59.8079680056,0.26846,0.269873585251,40.0347855096,94,0.00124921,0.0154059160933,12.7566063766,199.577,39.5124787925,26.6372537999,16.0429,-0.271653,0.364759487686,6.3219764062,11.6599483754,60.2347636679,0.0812180913908,0.270743401079
40.2840979823,0.161869676881,0.271931,0.999815,0.373111737824,75.0882522849,0.271015,0.271232553804,64.7058354843,95,0.000783612,0.0135399900486,18.0852173844,198.511,58.5034703897,37.5622304686,16.0153,-0.273669,0.516857743713,0.771349578661,8.93224480188,83.1144469302,0.0651938435238,0.272027299904
16.4641556027,0.00586227927259,0.27317,0.999902,0.368541974549,83.1764510358,0.272212,0.272099821586,64.2435578788,96,0.000762567,0.0139110675036,17.6683500157,199.806,60.7341355863,37.284909814,16.0094,-0.274922,0.53758722916,11.6178484691,11.1438045846,87.7948792586,0.0819230419758,0.272919539803
39.4576702332,0.178233589148,0.275441,0.999985,0.382954171927,81.6017739933,0.274483,0.274489332936,66.1325974569,97,0.000776552,0.013835675277,17.8532307987,201.233,58.7738239036,38.3982767945,16.0189,-0.277853,0.514034578785,7.34983178643,9.19568009515,84.1339490869,0.0686788567059,0.275312532836
21.3376067503,0.0140808252347,0.27654,0.999998,0.379611118314,77.2148535169,0.275647,0.275685780466,65.7276725334,98,0.000768038,0.0135849801242,16.4111370675,202.518,58.8848858706,38.1128055357,16.0202,-0.279334,0.494421449993,25.3887556721,8.89959537556,82.640966674,0.0680734556038,0.276426108859
7.57738861345,-0.0917318918493,0.279338,0.999999,0.35847333168,81.4579158634,0.278395,0.278358887587,63.0756787628,99,0.000714426,0.0133767551027,17.8938281677,201.764,61.2627967893,36.3819128266,16.022,-0.281834,0.506018717944,9.2115751281,10.8190204672,83.528658282,0.0809636989806,0.279137879673
21.335902142,0.0574960544593,0.279152,0.999999,0.373706939794,77.5488902539,0.278318,0.27852574313,64.7798802938,100,0.00068087,0.0131313248378,19.8975280923,202.797,57.0731006722,37.7815574318,16.0218,-0.281271,0.493443947812,11.2718094426,10.8270631425,81.1387398268,0.0809487624559,0.279236883836
36.6684175396,0.145978020981,0.280305,1.0,0.374905865107,77.4867212348,0.279471,0.27984898323,65.5418121125,101,0.000711439,0.0131385131852,16.8626687162,202.432,59.0708528697,37.2226677091,16.0222,-0.282444,0.508296272354,8.79096285326,8.9893383709,82.147416919,0.0686195979721,0.280519759762
25.6643345013,0.0582814606961,0.280238,1.0,0.360025220069,75.9122053187,0.279403,0.279931068986,63.1746231811,102,0.000723475,0.0131172548572,15.1103259291,202.467,61.5561749352,36.6648513082,16.0255,-0.282533,0.513997690052,13.9294432328,10.8406112885,84.9386291238,0.0851364409111,0.28059713084
26.335351133,0.0903802702296,0.281308,1.0,0.367359883468,75.7840469704,0.280522,0.28076417617,64.1057309899,103,0.000698538,0.01278398529,18.9009864514,202.61,54.3556136359,37.0349757393,16.0308,-0.282695,0.522385778083,7.46852144802,9.57156322965,83.9203429555,0.0706722628882,0.28136471557
13.0235635014,0.0215490139418,0.280359,1.0,0.374801986479,76.1728105773,0.279714,0.280398536321,65.0928063916,104,0.000689869,0.0125106970118,8.94592915504,201.766,60.3313835639,37.689543678,16.0307,-0.281818,0.533648876645,46.5030053836,9.98123925187,86.3837593192,0.0733738141359,0.280923799498
27.9512542234,0.0685034884029,0.28098,1.0,0.36172396247,77.7042698213,0.280303,0.280161991334,63.3974897534,105,0.000653818,0.0123834335195,19.8149608785,202.776,55.927584419,36.6824422793,16.0304,-0.282021,0.551179756691,12.5901730956,11.8136972559,87.3701917354,0.0888897790178,0.280678522669
18.2255523446,0.067042264745,0.281872,1.0,0.369330182521,84.5989286797,0.281179,0.281166052919,64.3742392238,106,0.000604202,0.0116606907389,16.8542951703,203.674,58.9782051001,37.2244444905,16.0301,-0.282991,0.487986275759,11.7520540559,10.1017915304,79.8352036862,0.0728862530057,0.281708003196
23.2049429848,0.0571447111758,0.281327,1.0,0.370254380786,80.4366539854,0.280614,0.280888516606,64.5475278595,107,0.000577971,0.0115715293933,18.9028933872,204.584,60.4376163493,37.3084421734,16.029,-0.282372,0.512849741023,6.9900990458,8.59626946471,82.9994869871,0.0660550615461,0.281434495162
0.877982548759,-0.069154374121,0.28095,0.987245,0.159530510774,71.8285406717,0.280255,0.280222665891,31.9193108962,108,0.00061425,0.0120793335755,21.4330541001,204.504,45.084295416,21.3501049989,16.1381,-0.281769,0.358032331782,0.89358589444,13.6730102293,60.1335183333,0.0967486371322,0.280746615298
0.682906797623,-0.0559314025527,0.280177,0.98816,0.134576855733,67.2054857916,0.279465,0.27941039429,28.1235925175,109,0.000546313,0.0109931951618,17.8770315468,204.793,33.4768409405,19.1126400022,16.2286,-0.280911,0.361893456455,3.67842180642,13.2854508307,59.2977470377,0.09385836638,0.27996602209
-0.8831265838,-0.075125947019,0.280857,0.989115,0.10465423344,75.6070021511,0.280178,0.280350627902,24.0689959957,110,0.000565463,0.0111457893257,20.4938722506,205.888,35.5848857855,16.3605542772,16.2874,-0.281923,0.37855807742,2.53427252756,13.1738378364,62.5502585187,0.0910356588525,0.280897007438
16.8704983987,0.0113864518104,0.279014,0.999912,0.357766072355,77.543830498,0.278293,0.278732477574,62.508941056,111,0.000578305,0.0116018316942,19.0875782854,207.055,59.1097288622,36.5647106996,16.2914,-0.28027,0.507725758805,0.334271626824,12.2257419818,83.8403689372,0.0886654123026,0.279301812942
9.07221642243,-0.0187683107653,0.280541,0.999995,0.360170756005,76.063518633,0.279744,0.279705616561,63.3095457146,112,0.000572845,0.0114146517296,19.0512389485,208.887,57.3238009435,36.4295393604,16.293,-0.281234,0.524778312409,5.40070181308,12.0266721185,85.4500207179,0.0879223831136,0.280307493054
14.5836951021,0.0312513596677,0.280638,1.0,0.375491566506,73.5126872566,0.279749,0.27941196,65.4164921469,113,0.000578682,0.0117367880863,21.0408449133,209.918,56.1064847226,37.6979735622,16.2936,-0.280695,0.512926984133,3.84396077976,9.27901480586,84.8569643347,0.070177338564,0.280096812757
21.4614304161,0.0569080759767,0.280217,1.0,0.36509996426,82.1156274074,0.279402,0.279188272608,63.5300711653,114,0.000542282,0.0113945263812,15.0862294314,210.002,64.144974688,37.0092676543,16.2942,-0.28089,0.496902716877,21.4305659869,9.65950924887,82.9484461248,0.0704541866692,0.279835342499
3.05414764883,-0.0933993289529,0.280555,1.0,0.384997584175,90.905309316,0.279643,0.279596526855,66.6281168222,115,0.000537691,0.0111526020137,22.2734517664,210.625,60.279312039,38.2149606719,16.2944,-0.280851,0.510691688153,3.8431134919,11.2418389887,84.665570471,0.0829735807699,0.280337405779
10.1688793522,-0.00323109513273,0.27913,1.0,0.363697194532,74.6636001808,0.278264,0.278682381106,63.6437121143,116,0.000659014,0.0122706376597,20.4975566972,211.642,52.3079145596,36.6991606154,16.2953,-0.279553,0.542722583721,7.98961904615,11.8762903636,87.907262074,0.0868935025234,0.279394959499
32.1046992052,0.0993654380411,0.278776,1.0,0.366661340609,84.2058496212,0.277967,0.278553046186,64.2642373802,117,0.00061655,0.0120201701296,20.3656220929,211.739,60.7874657118,36.9678788585,16.2968,-0.279638,0.506663458829,0.942295620028,9.160645759,84.1666724474,0.0698357536959,0.279233454948
28.0677335223,0.0686234417579,0.278729,1.0,0.378602475878,85.9309634955,0.277898,0.278476713537,65.6072943614,118,0.000590551,0.0120567897227,23.942212559,211.955,63.4226748031,38.0275529815,16.2981,-0.279529,0.525578456805,0.898195832557,8.95197936455,84.1515514211,0.069173891794,0.279110340824
37.0601776037,0.135646153331,0.279335,1.0,0.36741133135,81.7717047888,0.278518,0.278746836114,64.1668957893,119,0.000558907,0.0115345628604,10.6788038844,212.199,64.9033214332,37.1261184639,16.2992,-0.279974,0.486722100721,40.9781683025,9.7971526126,80.1092278385,0.0743250476661,0.279399769157
30.9459582983,0.115134433719,0.278969,1.0,0.371472939761,75.3511753179,0.278135,0.278115673074,64.7855736356,120,0.00055976,0.0113947181741,15.8856599989,212.568,60.2523048186,37.4369115123,16.3002,-0.279465,0.533082173681,13.3957565015,10.9544911425,87.4327566924,0.0842317478593,0.27874907743
30.6590737979,0.117257630195,0.279004,1.0,0.363835175078,70.8303995393,0.278162,0.277978133582,63.7279316074,121,0.000528487,0.011455267849,18.4315570998,212.943,58.2163622984,36.8517610197,16.3053,-0.279361,0.496708914902,2.0467875514,10.1990584118,80.4908235515,0.0784463498047,0.278657442662
27.7539759826,0.0643365154479,0.279465,1.0,0.362122959366,76.5140802043,0.278557,0.278410569336,63.3163896598,122,0.000536232,0.0113934453872,17.3500260489,213.35,56.2148351763,36.8615871188,16.3061,-0.279785,0.4944381571,12.0976788056,9.60403799075,82.1155907178,0.0727292719754,0.279139272263
26.6138650096,0.0568585435197,0.27961,1.0,0.378849378371,79.5566145389,0.278715,0.278263435655,65.6929091289,123,0.000604887,0.0121805906621,15.9849044668,214.07,61.2038626153,37.9949538225,16.3066,-0.280005,0.503217290329,27.6288843698,9.3646481096,81.6465366928,0.0716131307015,0.278915474566
25.0610028845,0.0428111003877,0.277772,1.0,0.367889448965,74.1446547613,0.276931,0.278103363643,64.1685382377,124,0.000670584,0.0124834406285,17.6652403993,213.686,57.1374129239,37.1691739889,16.3077,-0.278977,0.493774770754,20.1692450332,10.0208871919,80.6289051621,0.0762300882912,0.278799539363
21.906255547,0.0191537335987,0.275963,1.0,0.364264313643,77.3241364961,0.27533,0.278086049693,63.8398541167,125,0.00113837,0.0164523678844,19.6280308416,211.573,57.4890653091,36.8006779818,16.3086,-0.278242,0.540360123862,9.67991976594,10.2144545764,88.1440845161,0.0786003695587,0.278492833975
15.4927056706,0.0594873630363,0.277823,1.0,0.373270824831,75.6370827217,0.277233,0.278272719946,64.9396724688,126,0.000608101,0.0125761839045,15.4775203588,211.618,60.2050338379,37.500445039,16.3089,-0.27899,0.476376700135,13.5791226014,9.9200096973,79.169816544,0.0738455871884,0.278718499794
18.4016306998,0.0600407376372,0.277436,1.0,0.362723937355,72.2292802087,0.276719,0.278171375324,63.7081214563,127,0.000729489,0.0137225982668,18.1317304342,211.935,57.1113075763,36.4328914384,16.3092,-0.278519,0.497871633122,2.55387123936,11.3346573986,81.8708117962,0.0821877543316,0.278668454114
26.5954652437,0.0890753770693,0.277622,1.0,0.361388846357,72.8196638512,0.276911,0.277526444739,63.1234490236,128,0.000572233,0.0123011874019,7.49816394163,212.507,63.9404245019,36.836916273,16.3093,-0.278096,0.500528668468,44.4261757534,9.11033476458,81.8740760509,0.0698856216297,0.278077428914
28.4933330337,0.106157111613,0.278452,1.0,0.375830689311,70.0110910861,0.277666,0.277806181679,65.5189767658,129,0.00054595,0.0121193982898,14.4240144339,212.807,58.6205437945,37.4891767657,16.3093,-0.278395,0.500142432497,25.1047846845,9.95640814092,81.9984800717,0.0744435987955,0.278425925536
28.872790001,0.0878016163533,0.275971,1.0,0.373939016134,80.2179569107,0.275255,0.277468421976,65.0668546261,130,0.0010078,0.0162419348017,18.0745517601,212.053,61.9700297381,37.6442948864,16.3093,-0.276686,0.498115032848,6.78142473971,10.7406578061,82.6571791411,0.0814566827127,0.277992497224
15.3548090193,0.043861015886,0.276355,1.0,0.359963762559,80.2054195516,0.275638,0.276839099414,63.1891106259,131,0.000679532,0.0137784855066,18.0146411747,211.857,61.6942613789,36.5924294792,16.3094,-0.276464,0.489628638466,9.70892252507,10.5658017487,81.4103137233,0.0768953963942,0.277397621659
16.9377103413,0.0369450827319,0.277218,1.0,0.361033426224,74.8444712395,0.276373,0.276057754874,63.2235951786,132,0.000579235,0.0126181587409,17.1020664886,211.855,55.711572983,36.8194764297,16.3095,-0.276789,0.534700688987,4.74308147553,11.9078392603,87.2598588968,0.0902399240501,0.276699508713
15.3813268402,0.0228160279038,0.27839,1.0,0.379941773564,76.744043973,0.277296,0.27655099337,65.7511089952,133,0.000814161,0.0137355158675,15.0178527758,211.473,58.7415614314,37.990512748,16.3094,-0.27764,0.528379671748,16.2799274942,9.37589505204,86.2240813332,0.0665159070313,0.277203026213
42.8028535502,0.212322501398,0.278806,1.0,0.37810381292,73.6745758233,0.277708,0.277640917755,65.4594562321,134,0.000843132,0.014363350319,8.45958004473,211.645,61.8782258424,37.9444874676,16.3095,-0.278887,0.528892098243,44.5216799267,8.18608326305,86.5118215357,0.0609111151479,0.278295611328
6.48816093867,-0.0808271344467,0.300122,1.0,0.367464490348,74.0020374296,0.299258,0.299151233427,64.0752884485,135,0.00245748,0.0231044542747,14.790167968,211.947,57.3191826985,37.3013638518,16.3095,-0.300952,0.496080408658,12.7136574338,11.0251203058,81.6816582162,0.0836185731426,0.299176817853
31.7357928699,0.0969794761492,0.305522,1.0,0.37936547446,79.8314590167,0.305522,0.305939358983,65.6262138472,136,0.000995531,0.0133813079342,15.2864128669,212.309,59.1976035743,38.1813733788,16.3095,-0.307143,0.565010735956,16.6004520075,10.74162624,90.6680389743,0.0802482192365,0.305940156726
15.5557133271,0.0377354249934,0.306534,1.0,0.373145379289,80.9936171341,0.306534,0.306787043669,65.0097801887,137,0.00102831,0.0134081378412,18.8999417327,212.667,62.0030594368,37.4936403004,16.3096,-0.308779,0.539535329359,21.204678409,9.7948843096,85.1380920611,0.071766294417,0.306788016504
28.449062083,0.100979775255,0.308507,1.0,0.364997832356,79.9104630905,0.308507,0.308534980096,63.695663533,138,0.00098678,0.0133394932355,16.5177276528,212.947,63.0577589317,37.0961748464,16.3096,-0.31127,0.520561176747,24.6942327129,9.86308911731,84.0741786767,0.075366407135,0.308535869363
37.2843802661,0.147398108447,0.311541,1.0,0.377439919339,79.4891453492,0.311541,0.311633639405,65.4791267699,139,0.00105576,0.0133632826774,13.9460783692,213.23,59.9308787241,37.7666546174,16.3181,-0.314131,0.489984280042,30.5990833716,8.49473035635,82.0801047154,0.0615710177268,0.311634464207
20.2132848765,0.0375421829824,0.313319,1.0,0.368301857161,75.6247557922,0.313303,0.313583073804,64.0054390346,140,0.000927558,0.0145125964542,17.7600033873,213.607,60.8544323818,37.3392304228,16.3182,-0.315622,0.533258197313,5.34339031913,10.5917482449,87.4782971313,0.0780713701111,0.313583681057
27.7258388719,0.0915007829779,0.314891,1.0,0.364207844116,79.6427273736,0.314878,0.315164528202,63.6768499886,141,0.000834001,0.0139883392084,15.8955008162,213.795,60.6068337477,37.0056032267,16.3182,-0.316543,0.495880783418,15.1267309297,9.14428941383,81.6890881307,0.0696432901353,0.315166522197
22.1645270213,0.0858469484783,0.31694,1.0,0.380924001575,82.4072794189,0.316841,0.317004538354,65.8948096431,142,0.000774946,0.0131165997396,21.497249953,214.047,62.6353427723,38.2085462412,16.3182,-0.318147,0.549471390427,6.80156665029,9.51368729863,88.7945841405,0.0696491589554,0.317025479287
24.6846484831,0.0689291629965,0.317017,1.0,0.362557994175,78.6716288709,0.316833,0.316801503223,63.3584261981,143,0.000647013,0.0123197459323,18.5128421639,214.287,61.0240621025,36.8513582517,16.3182,-0.317797,0.508717726938,0.782369084798,10.2121449161,84.036583853,0.0779024603079,0.316883791142
23.9177145578,0.108871371665,0.317719,1.0,0.372568746914,73.8119848319,0.317376,0.31739281587,65.0207245184,144,0.000639711,0.0120716385971,19.437494567,214.462,57.5232326324,37.3582275108,16.3182,-0.318081,0.522738778444,0.449780412356,9.73453492292,84.4360158563,0.0727990574633,0.317583708293
18.7748565564,-0.00294995289089,0.316851,1.0,0.355323894279,79.7952531863,0.316287,0.316421310149,62.5506817199,145,0.000625352,0.0117335772318,19.4527125996,214.773,62.0751779666,36.2273797989,16.3182,-0.317085,0.516818604661,1.40042172218,12.0412282685,84.4999058629,0.0885691326528,0.316817634493
12.6915346916,0.0205508573723,0.317142,1.0,0.353165936604,77.5608330054,0.316404,0.316612764839,62.1715949144,146,0.000609819,0.0114339921857,14.4992561408,214.953,55.8533387451,36.0478369585,16.3182,-0.31745,0.531978360093,32.5230226786,12.1672470305,85.1308416718,0.0896487398646,0.317136431183
15.3952177183,-0.030005887435,0.317147,1.0,0.367956492842,80.5205601042,0.316125,0.316416380374,64.3575631371,147,0.000813961,0.0114593669244,20.1951639329,215.114,60.8712939054,37.0819536072,16.3182,-0.317134,0.497560527767,4.48516178038,10.2665781558,82.0064452151,0.078051879155,0.317160818434
7.13278415526,-0.0817464295885,0.317681,1.0,0.371991013176,75.8551549726,0.316688,0.316708886667,64.7951878737,148,0.000521664,0.0107583579359,8.77074831316,215.306,66.0282127447,37.3753159675,16.3182,-0.317414,0.493013175677,40.0671579911,9.51549237221,80.4594311512,0.0709323119603,0.317501661613
35.3872450605,0.124705518752,0.311336,1.0,0.368754693322,81.1716780523,0.310071,0.309310950791,64.4861507714,149,0.000645388,0.0126224515187,20.2967560614,215.009,64.2590228424,37.1142819416,16.3182,-0.310045,0.503157578176,2.66757833225,9.59964076297,81.7737859372,0.0723389034313,0.310416669011
5.10676797555,-0.0418323870614,0.309144,1.0,0.358556571248,82.0234667949,0.307732,0.307621651981,62.8701226502,150,0.000497601,0.0104695434025,15.529423351,215.132,62.524340682,36.3698635681,16.3182,-0.308193,0.489049424738,15.6153002627,10.7803314255,80.0387282156,0.0795095653039,0.308829947094
34.5465149367,0.129561370916,0.308104,1.0,0.37233818718,77.5085557152,0.306424,0.306524438632,64.7908469344,151,0.00044889,0.00997157863258,19.0188336469,215.26,58.6918764582,37.3968990278,16.3182,-0.307064,0.491060049668,1.46856804513,9.28803379391,81.2363704201,0.0701346438579,0.308027154877
22.4760297924,0.0908402939093,0.308731,1.0,0.369029507162,79.6055175277,0.306835,0.306950740745,64.0234589929,152,0.000470771,0.0100931267957,18.2554952963,215.44,61.2963243563,37.5427333811,16.3182,-0.30768,0.526155426618,3.8234983,10.4516675976,84.4261662014,0.076780791079,0.308652606469
31.8912410584,0.0988033854132,0.30723,1.0,0.374883168095,79.1053712611,0.30525,0.305201277037,65.1196717466,153,0.000456297,0.0101953112551,21.9651147265,215.857,58.2857693902,37.7036893086,16.3182,-0.306114,0.508060501173,1.36975864162,9.26371157229,84.1666626311,0.0695590980769,0.306962113432
41.3767558505,0.172026128078,0.308248,1.0,0.369125493849,78.1383356467,0.306318,0.306360697659,64.5258898508,154,0.000493554,0.0101518232407,10.7316151488,216.408,65.8013397839,37.0929186595,16.3182,-0.307238,0.521256357711,38.8497834273,8.37681972859,85.8439166777,0.0644000600398,0.308074146175
15.0463867645,0.0394198907502,0.306641,1.0,0.358654473923,77.2017896606,0.304597,0.304882034518,63.0292124344,155,0.000793561,0.0106802972354,20.0866478923,216.415,58.3042010415,36.3001879166,16.3182,-0.30577,0.508334788774,3.36000688304,11.1710077496,84.3692469582,0.0815754026575,0.306631494977
19.9886161894,0.0674745415187,0.30696,1.0,0.367324614025,72.0059310191,0.304966,0.305250945462,64.1236799912,156,0.000506357,0.0105747871559,14.6655882998,216.726,58.8893691161,37.1269665183,16.3182,-0.305873,0.481263169702,18.365341307,10.0557048337,79.2069080337,0.0747413119126,0.307088854067
11.7822518628,-0.0566367766613,0.30712,1.0,0.368447097946,84.720626359,0.304609,0.3045852657,64.0169628222,157,0.000823804,0.0111205664648,15.5398730169,217.123,64.4226979013,37.4021886222,16.3182,-0.305386,0.501878601336,19.3100450241,11.0217788509,82.0928516796,0.0818200009137,0.306870714456
34.1920459251,0.11982264048,0.30626,1.0,0.361230427634,77.8046764521,0.303732,0.303796995896,63.2768625679,158,0.000557945,0.0109992012999,19.3407093424,217.334,59.9045264298,36.7545347223,16.3183,-0.304389,0.481354375211,0.130363306985,8.8211284138,79.2676116922,0.0682904082652,0.306081407651
31.2728945585,0.137696603491,0.305745,1.0,0.378427821815,75.08684066,0.303097,0.303322037357,65.9442784607,159,0.00059424,0.0112735018948,11.7058595218,217.493,61.2789944129,37.7244585516,16.3183,-0.304033,0.527116577162,34.3604245621,8.54072212846,84.0107304336,0.0634141813242,0.305821005847
10.7790858585,0.0129544620675,0.305912,1.0,0.374181466409,78.2064763248,0.302727,0.302684387097,64.7511730957,160,0.000540737,0.0109428393316,19.8627785165,217.738,60.9656203678,37.746252826,16.3183,-0.30345,0.507871179817,9.62238290595,10.1439327287,84.329147972,0.0727727326863,0.305759320052
33.1009645292,0.109183352911,0.305775,1.0,0.36511984715,77.9744921704,0.302094,0.30232622822,63.9980930295,161,0.000744128,0.0115941948162,15.7136538284,218.229,63.1905253688,36.8805159034,16.3183,-0.302911,0.514740483646,24.0776665978,8.91316339278,84.4186228378,0.0689944438886,0.30587907554
33.3368635698,0.106722913779,0.304309,1.0,0.368209023678,80.0149623459,0.300403,0.301539770234,64.3331078569,162,0.000803763,0.0130745878961,18.1501476199,218.907,61.5693079209,37.0797841947,16.3183,-0.301329,0.511701058152,7.03089255083,9.19417914236,83.634605974,0.0707493282039,0.305314039476
37.5977484204,0.160889188487,0.305651,1.0,0.366995266187,76.9051234139,0.301287,0.301483773853,64.066979005,163,0.000587288,0.0119887834654,9.21702347115,219.241,65.4820067843,37.1956070592,16.3183,-0.301882,0.514876520868,42.8474548947,8.52557183778,85.0018727617,0.0647410588848,0.30568123473
