MinReturn,EnvExecTime,MeanKL,Perplexity,AverageDiscountedReturn,LossBefore,NumTrajs,PolicyExecTime,Time,ExplainedVariance,Entropy,Iteration,StdReturn,LossAfter,MaxReturn,ProcessExecTime,AverageReturn,ItrTime,dLoss,MeanKLBefore
-184,0.44161057472229004,0.00382062117569,4.9909,-44.3776086675,-5.96046447754e-08,285,1.6645429134368896,2.820854902267456,1.87171389499e-11,1.60762,0,28.5970048388,-0.018532032147,-6,0.06554079055786133,-49.5719298246,2.820862054824829,0.0185319725424,-2.27499508121e-09
-151,0.43805932998657227,0.00916917156428,4.97475,-39.3064433638,3.5395806286e-09,327,1.6276073455810547,5.508424997329712,0.163981322015,1.60437,1,23.2304439714,-0.0145604703575,-6,0.06635260581970215,-43.2232415902,2.6822290420532227,0.0145604738971,3.33898753091e-09
-138,0.4267256259918213,-1.20760583755e-08,4.96159,-36.7340936207,8.06625699568e-09,333,1.570655107498169,8.237717866897583,0.18042443651,1.60173,2,23.0111915894,8.06625699568e-09,-5,0.06493616104125977,-40.3573573574,2.7247629165649414,0.0,-1.20760583755e-08
-190,0.4267411231994629,0.00909808557481,4.96102,-35.0848960459,-7.61872787081e-09,339,1.5607380867004395,10.831233978271484,0.153406851025,1.60161,3,23.3116532197,-0.0115348594263,-5,0.06545448303222656,-38.5516224189,2.590111017227173,0.0115348518076,-1.17931948651e-08
-170,0.4307405948638916,0.00669103162363,4.90241,-36.8482655348,7.63368213086e-09,331,1.5808827877044678,13.455084085464478,0.1238582023,1.58973,4,25.7037676992,-0.0251910481602,-5,0.06568431854248047,-40.586102719,2.6203770637512207,0.0251910557939,6.10797812328e-09
-169,0.4252328872680664,0.00981919839978,4.80115,-30.2748192595,4.57032411916e-09,379,1.5229876041412354,16.021735906600952,0.199642541176,1.56886,5,19.8652154489,-0.0304788947105,-5,0.06655716896057129,-32.8047493404,2.5625782012939453,0.0304788992809,-2.94431767855e-09
-79,0.44028186798095703,0.00681405514479,4.66899,-25.6720823585,-3.28820348727e-09,467,1.5648064613342285,18.691642999649048,0.199464421847,1.54094,6,13.5717648823,-0.0241034589708,-5,0.07144284248352051,-27.1905781585,2.666146993637085,0.0241034556826,-8.49780079637e-10
-133,0.42674827575683594,0.00893081352115,4.51339,-24.0024424543,2.21984137738e-08,490,1.530473232269287,21.29650592803955,0.180389421421,1.50705,7,14.6070986263,-0.0288140699267,-5,0.07147359848022461,-25.4040816327,2.600419044494629,0.0288140921252,1.01955333065e-09
-88,0.4360036849975586,0.00761107169092,4.3189,-22.7692677315,-1.04486230779e-09,523,1.5540375709533691,23.92183208465576,0.244559074756,1.463,8,13.4718606808,-0.0127762779593,-5,0.07431435585021973,-23.9808795411,2.620734930038452,0.0127762769145,-4.86209073003e-09
-134,0.4312441349029541,0.00756284454837,4.25408,-21.3658489826,-2.15014352989e-08,560,1.5405144691467285,26.52664804458618,0.231992924258,1.44788,9,12.8343523206,-0.0248610768467,-5,0.07377982139587402,-22.4107142857,2.6014580726623535,0.0248610553453,-2.30310082117e-09
-79,0.428053617477417,0.00921337492764,4.06988,-19.9890024825,-5.48143486157e-09,617,1.5305328369140625,29.15377187728882,0.262575522315,1.40361,10,11.3867957772,-0.0323161706328,-5,0.07583355903625488,-20.7974068071,2.622554063796997,0.0323161651514,1.89124733652e-08
-102,0.4411036968231201,0.0077237947844,3.82298,-19.3388446965,6.28981799977e-09,621,1.5586333274841309,31.800194025039673,0.281761627738,1.34103,11,11.3585220286,-0.022651989013,-5,0.07860350608825684,-20.1272141707,2.6429829597473145,0.0226519953028,-1.24244925459e-08
-66,0.4378163814544678,0.00989310350269,3.72021,-19.2786301682,-8.97043950232e-09,653,1.589991807937622,34.48375606536865,0.321973006227,1.31378,12,10.3758585479,-0.025156384334,-5,0.0791482925415039,-20.0076569678,2.679478883743286,0.0251563753635,5.37001776379e-09
-63,0.4248199462890625,0.0090693756938,3.52946,-19.0838324787,1.35140378887e-08,652,1.5380384922027588,37.09883904457092,0.325277022255,1.26114,13,10.3409125567,-0.0472947657108,-5,0.07636833190917969,-19.7975460123,2.611582040786743,0.0472947792249,9.56283052744e-09
-65,0.42740750312805176,0.00983365438879,3.26795,-18.1273916114,1.25571251175e-08,685,1.53926420211792,39.71316885948181,0.334190203091,1.18416,14,9.90706713518,-0.0475073643029,-5,0.07796120643615723,-18.7605839416,2.609858989715576,0.04750737686,2.60026613574e-08
-112,0.43047451972961426,0.00868897326291,3.14842,-18.0906765221,6.67038368984e-10,706,1.5617880821228027,42.366227865219116,0.246083675384,1.1469,15,10.8526794792,-0.0479818098247,-5,0.07960796356201172,-18.723796034,2.64861798286438,0.0479818104917,4.81804329766e-09
-59,0.42967796325683594,0.00903166271746,3.0129,-17.6576993977,1.61540985033e-08,714,1.5516090393066406,45.00381302833557,0.259553160269,1.1029,16,9.17977516145,-0.053727786988,-5,0.07972073554992676,-18.2605042017,2.634132146835327,0.0537278031421,1.02504378319e-08
-56,0.4345512390136719,0.00839494168758,2.92758,-18.4473158117,-2.97546378647e-08,724,1.6129369735717773,47.7525110244751,0.342454024185,1.07417,17,9.85202037193,-0.0496150180697,-5,0.08175230026245117,-19.0511049724,2.744215965270996,0.0496149883151,-2.45288038769e-08
-56,0.4358556270599365,0.00842935685068,2.80416,-18.2750736862,-1.52465917669e-09,739,1.5981173515319824,50.47662401199341,0.405935739414,1.03111,18,9.37182302125,-0.0473750531673,-5,0.082366943359375,-18.8403247632,2.7197141647338867,0.0473750516427,-9.29004373429e-10
-59,0.4416666030883789,0.00600290345028,2.6919,-17.261906376,-3.21800719405e-09,755,1.61029052734375,53.33635401725769,0.355161863167,0.990246,19,9.75152517931,-0.0275145657361,-5,0.08411645889282227,-17.757615894,2.856096029281616,0.027514562518,1.61644084784e-08
-52,0.4637796878814697,0.00592893455178,2.64247,-18.0929460471,-2.89562755995e-08,764,1.6007328033447266,56.264699935913086,0.404892097674,0.971714,20,9.56876103124,-0.041856020689,-5,0.08902812004089355,-18.5746073298,2.9236350059509277,0.0418559917327,-2.5962979322e-08
-62,0.4488797187805176,0.00850371550769,2.63783,-18.5730239426,1.22960628346e-08,736,1.6947848796844482,59.098803997039795,0.435496875666,0.969957,21,9.28147972831,-0.0293827410787,-5,0.08574342727661133,-19.1019021739,2.829380989074707,0.0293827533748,3.56257201517e-09
-52,0.4372749328613281,0.00776087492704,2.61406,-20.4548050857,1.91535303173e-08,736,1.6730077266693115,61.88159108161926,0.52979717218,0.960903,22,9.0758591484,-0.0515658147633,-5,0.08319401741027832,-21.0326086957,2.777912139892578,0.0515658339168,-1.04849364746e-08
-48,0.4373471736907959,0.00727467052639,2.51479,-18.2261326197,-1.39014026956e-08,762,1.6371917724609375,64.61745405197144,0.470990373005,0.922188,23,8.83572566825,-0.0456085689366,-5,0.08371376991271973,-18.7020997375,2.73239803314209,0.0456085550352,1.04845057081e-08
-45,0.42642807960510254,0.00779367052019,2.43667,-18.0061671405,2.04283860938e-08,770,1.5894782543182373,67.30007886886597,0.491600391409,0.890634,24,8.57228409741,-0.0290968753397,-5,0.08101511001586914,-18.4519480519,2.677983045578003,0.0290968957681,-4.92050222789e-09
-49,0.4282097816467285,0.00710687600076,2.46902,-18.2708544453,-2.52319978244e-08,754,1.5913491249084473,70.03152894973755,0.508593695377,0.903822,25,8.1772077573,-0.0344370380044,-5,0.08206892013549805,-18.7214854111,2.7268941402435303,0.0344370127724,-2.78566627543e-08
-47,0.42897462844848633,0.00834540557116,2.42543,-16.7976763367,5.29787627102e-08,800,1.5797293186187744,72.74867987632751,0.473833587974,0.886008,26,8.21581848859,-0.0371414646506,-5,0.08331727981567383,-17.19125,2.71238112449646,0.0371415176294,-3.83753784305e-09
-46,0.4272279739379883,0.00944021996111,2.37285,-16.1741253329,3.2399007921e-08,802,1.556079387664795,75.44704103469849,0.398456749783,0.864093,27,8.95982003918,-0.037374202162,-5,0.08249211311340332,-16.5635910224,2.694880962371826,0.037374234561,-3.78828630687e-08
-43,0.4299278259277344,0.00603571301326,2.26965,-14.0156732648,1.18089173995e-08,839,1.523667573928833,78.12332892417908,0.345374951084,0.819628,28,8.55468201684,-0.0285077858716,-5,0.08571934700012207,-14.3396901073,2.671602964401245,0.0285077976805,-2.26232526046e-08
-46,0.4316127300262451,0.0073670623824,2.17431,-13.3114839324,3.24249271877e-09,859,1.514153003692627,80.77322006225586,0.342416612389,0.776712,29,8.41455199689,-0.0165712684393,-5,0.08670449256896973,-13.6158323632,2.644759178161621,0.0165712716818,-2.31365682168e-08
-43,0.4364500045776367,0.00839174725115,2.1745,-13.8562942122,2.01855989701e-08,838,1.5312438011169434,83.47541904449463,0.320212040866,0.776799,30,8.62570346662,-0.0194358211011,-5,0.08649945259094238,-14.2028639618,2.697723150253296,0.0194358412867,5.10225497408e-08
-46,0.4245188236236572,0.00690478179604,1.99392,-12.091162908,-1.41893128358e-08,868,1.442011833190918,86.04542207717896,0.305748103846,0.690102,31,8.02992548706,-0.0117850648239,-5,0.08530521392822266,-12.3894009217,2.5653209686279297,0.0117850506346,-1.60035042995e-08
-45,0.42613768577575684,0.00801766570657,1.95002,-11.2651721345,-1.4085556721e-08,881,1.4208800792694092,88.68080306053162,0.264245521192,0.667839,32,7.70632861933,-0.0146677521989,-5,0.08574891090393066,-11.5459704881,2.630831003189087,0.0146677381133,-1.69828384688e-09
-46,0.43420839309692383,0.00823383405805,1.84642,-11.0682379775,4.86797091526e-08,903,1.45587158203125,91.27744507789612,0.284212540338,0.613247,33,7.41012719529,-0.00367417559028,-5,0.08988761901855469,-11.3510520487,2.5931241512298584,0.00367422426999,1.71945675476e-08
-45,0.4356071949005127,0.0089547438547,1.81949,-12.071917849,-3.73840336465e-08,904,1.4914586544036865,93.91493606567383,0.302394153554,0.598555,34,8.10830294878,-0.0164820160717,-5,0.08915185928344727,-12.3805309735,2.6339449882507324,0.0164819786876,9.20751208611e-09
-46,0.42377614974975586,0.00842900481075,1.65673,-10.451547654,1.52035344314e-08,931,1.412919044494629,96.44073104858398,0.286408281293,0.504844,35,7.33809242476,-0.0101144080982,-5,0.08675193786621094,-10.708915145,2.521260976791382,0.0101144233017,9.00331276199e-09
-43,0.42644286155700684,0.00761118810624,1.65238,-11.4331516911,2.50910563437e-08,936,1.4562067985534668,99.00980401039124,0.330591755624,0.502216,36,7.78074100299,-0.0286086369306,-5,0.08789682388305664,-11.7083333333,2.565549850463867,0.0286086620216,-6.49943432407e-09
-42,0.42911791801452637,0.00548008969054,1.56636,-11.9339013282,-3.64561678623e-08,945,1.4909772872924805,101.61953401565552,0.331394637246,0.448757,37,8.21916035954,-0.0162726771086,-5,0.08876395225524902,-12.217989418,2.606114149093628,0.0162726406525,1.89957880536e-08
-43,0.42618632316589355,0.00783813931048,1.50668,-10.5041257357,1.06811519629e-08,944,1.428520679473877,104.18639898300171,0.319309060522,0.409908,38,7.35272058493,-0.00397183327004,-5,0.08826923370361328,-10.75,2.5622401237487793,0.0039718439512,-1.72246039654e-08
-46,0.42812037467956543,0.00713046500459,1.58254,-10.4591210746,8.63498605952e-09,916,1.4217987060546875,106.75518488883972,0.296967398653,0.459033,39,7.57223017916,-0.00240896316245,-5,0.08800339698791504,-10.7259825328,2.5630719661712646,0.00240897179744,-3.03651432887e-08
-44,0.43804430961608887,0.00742140645161,1.61823,-10.9037640015,3.85137717274e-08,929,1.469639539718628,109.3806459903717,0.28924062156,0.48133,40,7.66422545655,-0.0277107283473,-5,0.08977127075195312,-11.1711517761,2.620975971221924,0.0277107668611,-6.06452355001e-09
-42,0.43199896812438965,0.00889916438609,1.55126,-10.6141335291,-1.67541251983e-08,946,1.4519128799438477,112.00220489501953,0.28201784851,0.439065,41,6.72500644512,-0.216198921204,-5,0.09020495414733887,-10.8720930233,2.6180388927459717,0.216198904449,1.75410370673e-08
-41,0.427950382232666,0.00814530905336,1.48917,-10.1457032862,6.86645496017e-09,956,1.4204940795898438,114.57086896896362,0.27177120668,0.398218,42,6.08304169796,-0.0044118668884,-5,0.08954167366027832,-10.3891213389,2.5643510818481445,0.00441187375486,-2.88589863118e-09
-35,0.4219374656677246,0.00910087395459,1.44706,-9.92441232178,-2.28698882054e-09,966,1.4043922424316406,117.13458204269409,0.278947602916,0.369533,43,6.00695835939,-0.00803105998784,-5,0.08850550651550293,-10.1552795031,2.5593810081481934,0.00803105770085,-1.16387282034e-08
-32,0.42574548721313477,4.67034633189e-09,1.36375,-9.03092334664,-3.94029093798e-08,987,1.3927421569824219,119.82510805130005,0.269587918674,0.310241,44,5.63529442613,-3.94029093798e-08,-5,0.0902249813079834,-9.22796352584,2.686711072921753,0.0,4.67034633189e-09
-33,0.4312856197357178,0.00772765558213,1.36437,-9.17718336714,-4.50311787858e-08,985,1.3977291584014893,122.39832997322083,0.284753746555,0.310694,45,5.80130038796,-0.00316692679189,-5,0.0915827751159668,-9.37258883249,2.569823980331421,0.00316688176071,4.68990624114e-09
-33,0.43471193313598633,-3.40343824234e-08,1.3242,-8.86093203063,8.52073611668e-08,994,1.3910481929779053,125.05428886413574,0.227656675064,0.280806,46,5.62028991683,8.52073611668e-08,-5,0.09273648262023926,-9.06237424547,2.6512110233306885,0.0,-3.40343824234e-08
-33,0.42733287811279297,0.00597612978891,1.3241,-9.1034597139,-1.41030973566e-08,993,1.3874154090881348,127.5611219406128,0.247371536004,0.280734,47,5.52315495091,-0.00159273808822,-5,0.0902702808380127,-9.3081570997,2.502209186553955,0.00159272398512,-3.37490781988e-08
-25,0.4286618232727051,-6.38637276396e-09,1.25772,-8.08879166275,6.09262826856e-08,996,1.3440988063812256,130.15702104568481,0.1837105731,0.2293,48,5.09216320703,6.09262826856e-08,-5,0.09228730201721191,-8.27911646586,2.5906660556793213,0.0,-6.38637276396e-09
-32,0.4301271438598633,-6.40226094362e-09,1.25789,-8.08710395192,-5.97595217755e-08,998,1.348980188369751,132.77326607704163,0.187620054088,0.229436,49,5.11786110001,-5.97595217755e-08,-5,0.0919952392578125,-8.27755511022,2.612886905670166,0.0,-6.40226094362e-09
-32,0.42250776290893555,0.00649003405124,1.25756,-8.17013546994,5.43159828226e-08,998,1.333902359008789,135.26586198806763,0.201432043659,0.229173,50,5.20076500476,-0.000916295393836,-5,0.08851003646850586,-8.35971943888,2.4892330169677734,0.000916349709819,-6.39018837845e-09
-32,0.44135165214538574,0.00561422063038,1.30037,-8.17082881737,1.60217279443e-08,996,1.3478972911834717,137.80719804763794,0.225358384944,0.262651,51,5.37246162741,-0.00445284508169,-5,0.09261178970336914,-8.35441767068,2.537971019744873,0.00445286110341,9.64655555435e-09
-41,0.4328150749206543,0.00827788840979,1.2655,-8.35596118354,-7.12778174261e-08,999,1.3609964847564697,140.3295419216156,0.222266397174,0.235466,52,6.37720760874,-0.0131960455328,-5,0.08829593658447266,-8.54054054054,2.5178680419921875,0.013195974255,-9.55327017493e-09
-41,0.4394800662994385,0.00770852342248,1.21939,-7.75886920163,1.04841273441e-08,1000,1.3480284214019775,142.8672080039978,0.237212446515,0.198349,53,6.32066578772,-0.0111413262784,-5,0.09268021583557129,-7.928,2.5340259075164795,0.0111413367626,-3.39067618427e-09
-41,0.432070255279541,0.00780727528036,1.29069,-9.51643955655,4.22477732798e-08,998,1.4012997150421143,145.4075939655304,0.252648788655,0.255179,54,8.04148589001,-0.00447593862191,-5,0.09172415733337402,-9.73547094188,2.535087823867798,0.00447598086968,2.94665163381e-08
-41,0.43445277214050293,0.00693993642926,1.24712,-8.9453309916,-1.99476559715e-08,999,1.3857998847961426,147.92867398262024,0.296312536016,0.220837,55,8.164586719,-0.00977729074657,-5,0.08766484260559082,-9.14214214214,2.517547845840454,0.00977727079891,3.40629435769e-09
-43,0.43384885787963867,0.00992319639772,1.27542,-9.43006533549,1.93837212947e-08,990,1.4119336605072021,150.57986497879028,0.317015076117,0.243275,56,8.59438649566,-0.0053519718349,-5,0.09958696365356445,-9.64444444444,2.6457369327545166,0.00535199121862,3.47228983344e-08
-41,0.4441952705383301,1.40689166983e-08,1.22309,-8.4722478953,-9.85984485169e-08,999,1.359870195388794,153.25915002822876,0.309982774913,0.20138,57,7.26195353899,-9.85984485169e-08,-5,0.09164667129516602,-8.65665665666,2.6757020950317383,0.0,1.40689166983e-08
-42,0.4297757148742676,0.00951705407351,1.22278,-8.73532439619,1.053388754e-08,999,1.3649778366088867,155.7502679824829,0.319845833183,0.201127,58,7.3207999994,-0.00242935470305,-5,0.08941030502319336,-8.92592592593,2.487262010574341,0.00242936523694,1.40230511647e-08
-41,0.430591344833374,0.00755683146417,1.18556,-7.74009125731,-9.15527387235e-09,1000,1.32051682472229,158.1942548751831,0.262560386697,0.170213,59,5.75346426077,-0.0400957129896,-5,0.08496284484863281,-7.907,2.440548896789551,0.0400957038343,1.56259805095e-08
-32,0.4256300926208496,0.00970168411732,1.16624,-7.34843557528,5.77103520527e-08,1000,1.2961199283599854,160.61638498306274,0.280030987843,0.153788,60,4.68934696946,-0.563047111034,-5,0.08928179740905762,-7.505,2.417617082595825,0.563047168745,-2.27859509039e-10
-23,0.43253636360168457,0.00708949333057,1.19086,-7.49185184152,-5.91278093154e-09,1000,1.3165326118469238,163.07846689224243,0.197404932987,0.174678,61,4.66252120639,-0.0426054112613,-5,0.0851893424987793,-7.664,2.4576189517974854,0.0426054053485,-5.9555937959e-09
-23,0.4301319122314453,0.00720741273835,1.1784,-7.3953203434,3.97999819768e-08,1000,1.310011386871338,165.5267369747162,0.158942417102,0.164157,62,4.59415106412,-0.000420304830186,-5,0.08568787574768066,-7.576,2.4431798458099365,0.000420344630168,-9.08969843838e-10
-32,0.4363276958465576,0.00864379294217,1.22972,-8.75776705219,1.79290768898e-08,1000,1.386085033416748,168.08811497688293,0.143720019391,0.206784,63,5.2997010293,-0.0012009559432,-5,0.0868074893951416,-8.987,2.5579230785369873,0.00120097387228,-4.58847049245e-09
-34,0.42894864082336426,-8.71853433893e-09,1.17268,-7.55908228885,7.64235394968e-08,1000,1.308403730392456,170.667298078537,0.149734249316,0.15929,64,4.72080491018,7.64235394968e-08,-5,0.08809018135070801,-7.749,2.57413911819458,0.0,-8.71853433893e-09
-25,0.44328927993774414,0.00760382926092,1.17367,-7.2543096093,-2.4394546827e-08,1000,1.3430898189544678,173.24750804901123,0.155258848185,0.160137,65,4.37488788428,-0.000532668258529,-5,0.08792734146118164,-7.434,2.57673716545105,0.000532643863982,-8.81960460219e-09
-23,0.4662175178527832,0.00667617097497,1.21894,-7.99266117644,-1.96577385481e-08,1000,1.3347859382629395,175.89724206924438,0.17037558702,0.197979,66,4.98450388705,-0.00129935680889,-5,0.09997391700744629,-8.189,2.644545078277588,0.00129933715115,-3.43214723308e-09
-23,0.4492478370666504,0.00807292666286,1.1657,-7.06435961842,-1.90734859018e-08,1000,1.2803950309753418,178.32652306556702,0.181012821094,0.153318,67,4.30211296923,-0.00135965505615,-5,0.09004783630371094,-7.232,2.4227681159973145,0.00135963598266,5.50221646023e-09
-23,0.4349241256713867,0.00732028717175,1.14131,-6.80589006523,6.45617674877e-08,1000,1.3026025295257568,180.86165499687195,0.147382948095,0.132173,68,3.97872730908,-0.00230348855257,-5,0.08753824234008789,-6.973,2.5306010246276855,0.00230355311434,-4.67814409433e-09
-23,0.4410991668701172,0.00685935793445,1.18173,-7.99219385167,-2.28698882054e-09,1000,1.3574166297912598,183.06589198112488,0.113381533822,0.166981,69,4.59834057025,-0.000161559364642,-5,0.09221625328063965,-8.208,2.1996469497680664,0.000161557077653,-2.50174938543e-08
-23,0.4390571117401123,0.00686824368313,1.20255,-9.06450143746,-1.9058239431e-08,1000,1.3782966136932373,185.5718228816986,0.0954474400208,0.184444,70,4.91070504103,-0.0008370927535,-5,0.08668041229248047,-9.324,2.500309944152832,0.00083707369526,-1.56007313734e-08
-25,0.4319281578063965,1.67393252037e-10,1.17551,-8.60635100396,5.20497991374e-08,999,1.3514728546142578,188.17392802238464,0.0883423247949,0.161705,71,4.62450523963,5.20497991374e-08,-5,0.08867526054382324,-8.85385385385,2.5987350940704346,0.0,1.67393252037e-10
-32,0.42523908615112305,0.00939948391169,1.17538,-8.7546296278,2.40325928047e-08,1000,1.33316969871521,190.33625102043152,0.0901568218349,0.161592,72,4.71942528281,-0.000337374483934,-5,0.08455061912536621,-9.005,2.1576690673828125,0.000337398516526,1.5202442083e-10
-23,0.4266357421875,0.00885244738311,1.15184,-7.35420348223,4.7950639015e-08,1000,1.2962732315063477,192.50431108474731,0.112645507354,0.14136,73,4.15639254643,-0.00035847138497,-5,0.08829045295715332,-7.549,2.1635799407958984,0.000358519335609,7.35634930749e-09
-23,0.4284229278564453,3.48148487817e-09,1.11777,-6.27258681352,5.35011288605e-08,1000,1.2455015182495117,194.9905400276184,0.181454037376,0.111332,74,3.33165364346,5.35011288605e-08,-5,0.08483409881591797,-6.422,2.4815831184387207,0.0,3.48148487817e-09
-23,0.42719459533691406,3.46308870469e-09,1.1177,-6.48838678231,4.57763675854e-08,1000,1.26226806640625,197.54561185836792,0.152379796668,0.111275,75,3.54913947317,4.57763675854e-08,-5,0.0855872631072998,-6.647,2.550611972808838,0.0,3.46308870469e-09
-23,0.4339275360107422,0.00824881531298,1.11776,-6.48991480642,-2.46187923381e-08,1000,1.263293981552124,199.61089301109314,0.155609041731,0.111325,76,3.57152614438,-0.000125334219774,-5,0.08622264862060547,-6.649,2.0607879161834717,0.000125309600982,3.47983775129e-09
-23,0.4338705539703369,-9.71500874539e-13,1.08225,-5.86519703965,5.41687015243e-08,1000,1.2486085891723633,202.15792202949524,0.218671961587,0.0790445,77,2.99416081732,5.41687015243e-08,-5,0.08594417572021484,-5.999,2.542536973953247,0.0,-9.71500874539e-13
-23,0.43272900581359863,0.00734758889303,1.08219,-5.73532614389,1.54917245254e-07,1000,1.226501703262329,204.20223689079285,0.240046270461,0.0789913,78,2.79978124145,-0.000259433465544,-5,0.08819866180419922,-5.865,2.040847063064575,0.000259588382789,-8.79763547169e-13
-41,0.428774356842041,0.00678034545854,1.10959,-6.26270581874,9.63018464972e-09,1000,1.2502286434173584,206.63255286216736,0.162291085527,0.103987,79,3.44276110121,-0.000844155496452,-5,0.09105205535888672,-6.414,2.4268598556518555,0.000844165126637,-4.89172746754e-09
-32,0.43196797370910645,0.00698020635173,1.14221,-7.26515436313,-1.80053717713e-07,1000,1.2915475368499756,208.76601886749268,0.112995247573,0.132962,80,4.18737996843,-0.000293433753541,-5,0.0861520767211914,-7.457,2.128355026245117,0.000293253699823,-4.13754008832e-09
-23,0.44182729721069336,0.00659191608429,1.16519,-8.1736259734,4.8446654688e-08,1000,1.3681409358978271,210.95487689971924,0.0935308500511,0.152883,81,4.51003281585,-0.000118878939247,-5,0.08941221237182617,-8.402,2.1840739250183105,0.000118927385902,1.92634200258e-10
-41,0.44244933128356934,0.00989889353514,1.17429,-9.47671124637,1.14349436586e-08,1000,1.4171779155731201,213.56026005744934,0.0854308229234,0.160664,82,4.87775194121,-0.000539793400094,-5,0.09103178977966309,-9.756,2.600616931915283,0.000539804835038,7.14612147235e-10
-41,0.43080878257751465,1.90645703668e-08,1.16984,-10.758038589,9.29937300498e-08,1000,1.434809684753418,216.2439489364624,0.093442624722,0.156867,83,4.72150442126,9.29937300498e-08,-5,0.08786559104919434,-11.086,2.680276870727539,0.0,1.90645703668e-08
-41,0.43196964263916016,0.00768869137391,1.16941,-10.842772239,-5.8413505144e-08,1000,1.4563093185424805,218.8353190422058,0.0944608541646,0.1565,84,4.68234086756,-0.00165005552117,-5,0.09065532684326172,-11.178,2.5866949558258057,0.00164999710766,1.90948821199e-08
-41,0.4286038875579834,0.00753050064668,1.22495,-11.3760331863,1.42574307915e-08,1000,1.4251601696014404,221.37554097175598,0.12823732646,0.2029,85,6.23522052537,-1.10024106503,-5,0.08487963676452637,-11.705,2.53678297996521,1.10024107928,-1.40412579341e-08
-41,0.42979907989501953,0.00833161454648,1.25371,-11.5232262877,-8.8500975437e-08,1000,1.4399795532226562,223.95046091079712,0.107389406467,0.226109,86,5.61585576738,-0.00472993543372,-5,0.0854043960571289,-11.858,2.5714659690856934,0.00472984693274,1.75999623764e-08
-41,0.42921924591064453,6.89435131207e-09,1.23819,-10.6294431309,9.53674361703e-10,1000,1.4097707271575928,226.615159034729,0.10596962079,0.213655,87,5.29701802904,9.53674361703e-10,-5,0.08595776557922363,-10.94,2.660122871398926,0.0,6.89435131207e-09
-41,0.43613624572753906,0.00785869639367,1.23808,-10.686323885,2.93731687862e-08,1000,1.438666820526123,229.17698192596436,0.112606095497,0.213559,88,5.59481581466,-3.98475640395e-05,-5,0.0866854190826416,-10.994,2.5582950115203857,3.98769372083e-05,6.86252832338e-09
-32,0.4358255863189697,0.0064577027224,1.18614,-10.7995306814,-7.2479249269e-09,1000,1.4083402156829834,231.76050186157227,0.0926682957585,0.170701,89,4.60003902157,-0.00280250050128,-5,0.08632993698120117,-11.129,2.5789480209350586,0.00280249325335,2.22350120538e-08
-23,0.4379258155822754,0.0096976403147,1.17968,-11.0490841559,1.76359211679e-08,1000,1.5071003437042236,234.411278963089,0.102540980112,0.165241,90,4.64244935352,-0.000475718290545,-5,0.0929560661315918,-11.392,2.647231101989746,0.000475735926466,2.08736903318e-08
-23,0.4276695251464844,0.00781884882599,1.2333,-11.648601708,2.32696528712e-08,1000,1.4267230033874512,237.0172860622406,0.117484564325,0.209694,91,5.28412679636,-0.0018909786595,-5,0.08539628982543945,-12.002,2.6013851165771484,0.00189100192916,2.36138149035e-08
-23,0.4281952381134033,-9.42695166373e-09,1.20044,-10.6460410768,1.60217279443e-08,1000,1.3921191692352295,239.4929919242859,0.103857513669,0.18269,92,4.99018145963,1.60217279443e-08,-5,0.08473634719848633,-10.967,2.471205949783325,0.0,-9.42695166373e-09
-23,0.4411752223968506,0.0078129209578,1.20108,-10.7573864869,-1.31607054144e-08,1000,1.4351279735565186,242.05910992622375,0.102557885181,0.183221,93,4.88845006111,-0.000540302251466,-5,0.08824992179870605,-11.084,2.5612189769744873,0.00054028909076,-9.4203675971e-09
-23,0.43824100494384766,1.59552850931e-08,1.15983,-10.9903261321,3.39508048341e-08,1000,1.4233872890472412,244.49685192108154,0.0912944939913,0.148276,94,4.3198499974,3.39508048341e-08,-5,0.08769416809082031,-11.336,2.4331939220428467,0.0,1.59552850931e-08
-23,0.4317774772644043,0.00673780217767,1.15982,-10.7997734862,-2.6512145368e-08,1000,1.3873374462127686,246.68932104110718,0.0923644961099,0.148267,95,4.32446019753,-3.70306006516e-05,-5,0.08577179908752441,-11.138,2.1880030632019043,3.70040885063e-05,1.59545283651e-08
-23,0.4289267063140869,0.00746372202411,1.17584,-9.97165765549,-4.74929819916e-08,1000,1.3686275482177734,249.23356294631958,0.0873355209163,0.161983,96,4.68176505177,-0.00108132208697,-5,0.08532977104187012,-10.274,2.5397729873657227,0.00108127459399,-2.74867173466e-09
-23,0.42928433418273926,0.00874861329794,1.20481,-9.19159455961,1.25885009084e-08,1000,1.3573484420776367,251.71985387802124,0.100920170309,0.186323,97,4.99459457814,-0.000496614840813,-5,0.08482670783996582,-9.455,2.482741117477417,0.000496627429314,-2.68435185191e-09
-23,0.4302558898925781,0.0082072513178,1.25416,-10.3352464041,2.18391420503e-08,1000,1.406463623046875,254.02992606163025,0.127229273703,0.226466,98,5.75138026912,-0.000597226491664,-5,0.08559775352478027,-10.625,2.306781053543091,0.000597248330806,-4.53246329357e-09
-23,0.4284834861755371,-1.85962290011e-09,1.21126,-9.30034482517,-5.03540036334e-08,1000,1.3628122806549072,256.40263295173645,0.108526286235,0.191661,99,5.09077901701,-5.03540036334e-08,-5,0.0848534107208252,-9.563,2.3681321144104004,0.0,-1.85962290011e-09
-23,0.43611836433410645,0.00724949780852,1.2111,-9.54180020296,-1.64985660689e-08,1000,1.4070751667022705,258.9480679035187,0.106030264434,0.19153,100,5.28457898039,-0.000361272803275,-5,0.08738851547241211,-9.815,2.5407259464263916,0.000361256304709,-1.86519111267e-09
-23,0.43485236167907715,0.000165086225024,1.17491,-8.8388476507,-1.54495243265e-08,1000,1.359612226486206,261.40166306495667,0.0872456307932,0.161188,101,4.69361001789,-3.22341918491e-07,-5,0.08680963516235352,-9.095,2.450221061706543,3.06892394164e-07,1.07144773054e-08
-23,0.43264174461364746,0.00647001108155,1.1699,-8.96747934277,5.34057633672e-08,1000,1.3540117740631104,263.88657093048096,0.0862970496408,0.156918,102,4.66873644576,-0.000449534592917,-5,0.08956241607666016,-9.23,2.480222225189209,0.000449587998681,-5.52056222958e-09
-23,0.4282345771789551,0.0070352293551,1.16845,-9.92808600931,1.22261042179e-07,1000,1.3633346557617188,266.36757802963257,0.0856753692422,0.155682,103,4.7405230724,-0.000517020293046,-5,0.0850212574005127,-10.229,2.477288007736206,0.000517142554088,2.47519027496e-09
-23,0.42752981185913086,0.00962022971362,1.18062,-11.0644878131,-5.41687015243e-08,1000,1.3945355415344238,268.67562794685364,0.100347760485,0.166037,104,4.6160086655,-0.000150259395014,-5,0.08507513999938965,-11.408,2.304189920425415,0.000150205226312,-5.45769163196e-09
-23,0.4544193744659424,0.00817124452442,1.23206,-11.7447476823,-1.44958498538e-08,1000,1.4552056789398193,271.29772686958313,0.1199743756,0.208684,105,5.23610532744,-0.0021043960005,-5,0.08842229843139648,-12.101,2.6175601482391357,0.00210438150465,3.35138601315e-08
-23,0.4394078254699707,-1.32351694049e-08,1.19904,-10.5386077716,1.02996828844e-08,1000,1.4193298816680908,273.75377106666565,0.0932658965852,0.181524,106,4.88989969222,1.02996828844e-08,-5,0.08664083480834961,-10.859,2.4526140689849854,0.0,-1.32351694049e-08
-32,0.4289102554321289,-1.32131798836e-08,1.19893,-10.9293269981,-1.10626219296e-08,1000,1.4005396366119385,276.3923978805542,0.10372991328,0.181433,107,4.84317086215,-1.10626219296e-08,-5,0.08492755889892578,-11.264,2.6351981163024902,0.0,-1.32131798836e-08
-32,0.4253113269805908,-1.32131798836e-08,1.19893,-10.8889087522,5.53131096481e-09,1000,1.3999755382537842,278.78448486328125,0.106587339085,0.181433,108,5.02324984447,5.53131096481e-09,-5,0.0848691463470459,-11.219,2.3877530097961426,0.0,-1.32131798836e-08
-23,0.4303598403930664,0.0087213087827,1.19903,-11.0368037704,3.54624987153e-08,1000,1.4462788105010986,281.1059150695801,0.106375180918,0.181509,109,4.92058167293,-0.000269749114523,-5,0.0884857177734375,-11.374,2.317862033843994,0.000269784577021,-1.32092781158e-08
-32,0.431166410446167,-5.03344832481e-09,1.15718,-11.460861165,-4.65393057425e-08,1000,1.4021155834197998,283.51383686065674,0.104214105497,0.145985,110,4.36695729313,-4.65393057425e-08,-5,0.08596038818359375,-11.822,2.4033589363098145,0.0,-5.03344832481e-09
-23,0.44014525413513184,0.00692890305072,1.1572,-11.6431195186,-4.34875495614e-08,1000,1.4327025413513184,285.8426179885864,0.109690756896,0.146,111,4.33645926996,-0.000183970638318,-5,0.0888826847076416,-12.011,2.3238930702209473,0.000183927150768,-5.03204056201e-09
-23,0.47539210319519043,0.0093927020207,1.17855,-10.5601563483,7.62939433852e-10,1000,1.524855613708496,288.43586897850037,0.0925479719827,0.164281,112,4.62677036387,-0.00030316086486,-5,0.09256744384765625,-10.886,2.580620050430298,0.000303161627799,-1.25624461944e-08
-41,0.44829607009887695,-4.29314495065e-09,1.15215,-11.5040122418,2.36511237262e-08,1000,1.4642727375030518,291.1710000038147,0.103154980035,0.141631,113,4.43500969559,2.36511237262e-08,-5,0.09032845497131348,-11.867,2.730440855026245,0.0,-4.29314495065e-09
-23,0.4500575065612793,0.0059167612344,1.1516,-11.659169921,-3.66210954894e-08,1000,1.446282148361206,293.57027292251587,0.11352813153,0.14115,114,4.19287001945,-0.000585156260058,-5,0.0909268856048584,-12.029,2.395750045776367,0.000585119638963,-4.30139168728e-09
-23,0.46286487579345703,-5.40265165938e-09,1.1241,-11.6110334234,-1.85394284813e-07,1000,1.375622034072876,296.10121393203735,0.107913967932,0.116982,115,3.81650939996,-1.85394284813e-07,-5,0.09267520904541016,-11.984,2.5264739990234375,0.0,-5.40265165938e-09
-23,0.4495201110839844,-5.40265165938e-09,1.12415,-11.5517553184,-1.31225590394e-07,1000,1.399552345275879,298.5867168903351,0.105479860594,0.117027,116,3.96039884355,-1.31225590394e-07,-5,0.08903741836547852,-11.921,2.4789319038391113,0.0,-5.40265165938e-09
-23,0.44406700134277344,0.00700028473511,1.12412,-11.5940973311,9.11712660923e-08,1000,1.436037302017212,301.0334560871124,0.10779794778,0.116997,117,3.84926538446,-1.00643155747e-05,-5,0.08841896057128906,-11.966,2.4338648319244385,1.01554868408e-05,-5.40265165938e-09
-23,0.44732236862182617,0.00658790720627,1.16313,-12.1026372116,4.59671021247e-08,1000,1.4781532287597656,303.4667088985443,0.124160426292,0.151114,118,4.06273996214,-0.000178574759047,-5,0.09065651893615723,-12.488,2.4287269115448,0.00017862072615,5.57745716279e-09
-23,0.42868590354919434,0.00849197246134,1.13945,-11.6127959107,2.25067147142e-08,1000,1.3953745365142822,305.8104989528656,0.107176841328,0.130547,119,3.96229024681,-0.00205277279019,-5,0.08448910713195801,-11.984,2.339388847351074,0.00205279529691,-4.64953686663e-10
-32,0.431898832321167,0.00504553271458,1.16525,-12.7166492098,-2.193450932e-08,1000,1.4463541507720947,308.41474294662476,0.140468634283,0.152936,120,4.28229798122,-0.000454609864391,-5,0.08611536026000977,-13.118,2.5996570587158203,0.000454587929882,-2.39840467486e-08
-41,0.43544602394104004,0.00736283883452,1.21243,-13.4995667621,9.91821291763e-09,1000,1.4704458713531494,310.99676299095154,0.157914327139,0.192624,121,5.1536297888,-0.00175500183832,-5,0.08632922172546387,-13.91,2.5775630474090576,0.00175501175653,-3.22167778566e-11
-41,0.42863011360168457,3.10367376244e-08,1.19575,-12.7331580086,-4.11987315374e-08,1000,1.4336886405944824,313.67200803756714,0.144532179826,0.178771,122,4.55004076905,-4.11987315374e-08,-5,0.08539867401123047,-13.127,2.6701009273529053,0.0,3.10367376244e-08
-41,0.4299328327178955,0.00243538548239,1.19901,-13.0036854894,-1.09100341206e-07,1000,1.4491827487945557,316.13204193115234,0.154806104361,0.181493,123,4.99893898743,-2.19135290536e-05,-5,0.08666205406188965,-13.397,2.456507921218872,2.18044287124e-05,3.09514582852e-08
-41,0.4364638328552246,0.00882394704968,1.16553,-13.2981633774,7.55310054501e-08,1000,1.472001314163208,318.8051369190216,0.17748210073,0.153175,124,5.04249848785,-0.00368680735119,-5,0.08758354187011719,-13.703,2.6685240268707275,0.00368688288219,-1.55663357759e-08
-41,0.43274974822998047,0.00897690560669,1.09919,-13.0046563089,1.01470945424e-07,1000,1.4317700862884521,321.3930928707123,0.18704637383,0.0945723,125,3.36633688154,-0.00773924728855,-5,0.08607077598571777,-13.424,2.5833840370178223,0.0077393487595,-1.65097926441e-08
-23,0.4397735595703125,0.00659991893917,1.04935,-13.2642431159,3.66210954894e-08,1000,1.4300041198730469,323.7719428539276,0.307057169798,0.0481725,126,2.12809562755,-0.000119497679407,-5,0.08803105354309082,-13.703,2.375549793243408,0.000119534300502,-1.30512329832e-08
-32,0.4314231872558594,0.00481732469052,1.07864,-13.5819523582,8.96453826726e-08,1000,1.4385316371917725,326.3441650867462,0.259199106116,0.0757016,127,2.80290402975,-0.00500828633085,-5,0.08561491966247559,-14.027,2.5675950050354004,0.00500837597623,-3.95447807833e-09
-41,0.43103909492492676,1.33202904262e-09,1.11922,-13.8008812096,1.22070318298e-07,1000,1.450108528137207,328.96544098854065,0.247239039102,0.112634,128,3.48883232615,1.22070318298e-07,-5,0.08641433715820312,-14.243,2.616757869720459,0.0,1.33202904262e-09
-41,0.4452700614929199,0.00716933654621,1.11921,-13.8088092916,2.08854675776e-08,1000,1.4840643405914307,331.6019549369812,0.24924480893,0.112625,129,3.47656382079,-0.00146639475133,-5,0.08892512321472168,-14.252,2.6330759525299072,0.0014664156368,1.32348931814e-09
-41,0.4403698444366455,0.00655860360712,1.17183,-14.8242321771,8.83102444504e-08,1000,1.5282618999481201,334.2804980278015,0.247025082567,0.158563,130,4.54077427318,-0.0329132005572,-5,0.08793854713439941,-15.287,2.6750071048736572,0.0329132888675,-2.85279022627e-09
-41,0.43280839920043945,0.000573853671085,1.19706,-13.6393517052,-1.25885009084e-08,1000,1.4686899185180664,336.88986992836,0.178335636473,0.179867,131,4.65005709642,-4.13322459281e-06,-5,0.08613991737365723,-14.063,2.604480028152466,4.1206360919e-06,2.58981308621e-10
-41,0.4316377639770508,0.00827715080231,1.19915,-14.1502804817,-5.27143484419e-08,1000,1.4876253604888916,339.5092420578003,0.185727357112,0.181613,132,5.64045875794,-0.01247930713,-5,0.08582639694213867,-14.585,2.614406108856201,0.0124792544156,3.32774208189e-09
-41,0.4330942630767822,-8.83549233777e-09,1.24634,-13.7221592526,4.08172624589e-08,1000,1.4831109046936035,342.2570378780365,0.17153600238,0.220214,133,5.72597371632,4.08172624589e-08,-5,0.08565998077392578,-14.135,2.7440779209136963,0.0,-8.83549233777e-09
-41,0.4302690029144287,0.0070400359109,1.24541,-13.6047956975,2.23159783985e-08,1000,1.4666407108306885,344.85179805755615,0.176303678214,0.219465,134,5.72046117022,-0.00173453812022,-5,0.0856938362121582,-14.018,2.5902111530303955,0.0017345604362,-8.86428708213e-09
-41,0.43425846099853516,2.32124417465e-08,1.17424,-13.3740680371,5.26428216574e-08,1000,1.4637000560760498,347.60462403297424,0.177887338058,0.160625,135,4.96610018022,5.26428216574e-08,-5,0.08682060241699219,-13.793,2.7483670711517334,0.0,2.32124417465e-08
-41,0.44281530380249023,0.00938448403031,1.17454,-13.3295322666,-1.02233883581e-07,1000,1.473240613937378,350.2341220378876,0.182079115729,0.160878,136,4.85679894581,-0.00130690913647,-5,0.08866190910339355,-13.748,2.6259520053863525,0.00130680690259,2.32681074408e-08
-41,0.45090198516845703,0.00715187704191,1.14483,-14.1494958773,4.6920774821e-08,1000,1.5097324848175049,352.996710062027,0.239487001344,0.13526,137,4.27517999621,-0.00206506554969,-5,0.09207344055175781,-14.594,2.758108139038086,0.00206511247046,5.73519232105e-10
-41,0.45760130882263184,-7.05440816873e-09,1.12427,-14.7636641592,-9.61303712188e-08,1000,1.4417707920074463,355.6805899143219,0.305606249508,0.117137,138,4.83640103796,-9.61303712188e-08,-5,0.09318399429321289,-15.215,2.6791720390319824,0.0,-7.05440816873e-09
-41,0.4435110092163086,-7.00904490003e-09,1.12403,-14.7607451181,8.75472991879e-08,1000,1.448472499847412,358.3896188735962,0.328155714515,0.116924,139,4.47088078571,8.75472991879e-08,-5,0.08850574493408203,-15.215,2.704035997390747,0.0,-7.00904490003e-09
-41,0.4422729015350342,-6.77846756503e-09,1.12286,-14.575555231,3.55005269626e-08,1000,1.5099732875823975,361.03694200515747,0.30685965905,0.115882,140,4.47295472814,3.55005269626e-08,-5,0.08803963661193848,-15.026,2.642683982849121,0.0,-6.77846756503e-09
-41,0.44819116592407227,0.00765710975975,1.12423,-14.832116036,1.1863708238e-07,1000,1.4957752227783203,363.5430819988251,0.3145453687,0.117102,141,4.71578530046,-0.00107873720117,-5,0.08856582641601562,-15.287,2.5000498294830322,0.00107885583825,-7.03549307701e-09
-41,0.4290752410888672,0.00760074332356,1.1746,-14.7617270137,4.73022474523e-08,1000,1.4808917045593262,366.1944799423218,0.261259713513,0.160925,142,5.27334722923,-0.00521088996902,-5,0.08549642562866211,-15.197,2.6467208862304688,0.00521093727127,1.65572160427e-08
-41,0.4252610206604004,0.00935524050146,1.14111,-14.6552365245,1.71661369563e-08,1000,1.4594967365264893,368.79265999794006,0.303886273533,0.132002,143,4.18157279023,-0.00474541494623,-5,0.08466672897338867,-15.107,2.593564987182617,0.00474543211237,1.32580204593e-08
-50,0.4274756908416748,0.00803522765636,1.18241,-15.2739833027,-4.06265243669e-08,1000,1.4887282848358154,371.4528169631958,0.252874884762,0.167554,144,4.86636250191,-0.0740252658725,-5,0.08519530296325684,-15.746,2.6550559997558594,0.074025225246,-1.44919845013e-08
-41,0.4308202266693115,2.81061858232e-08,1.19481,-14.3725936715,1.97029109472e-07,1000,1.4671707153320312,374.1675388813019,0.216856198285,0.177989,145,4.71722789358,1.97029109472e-07,-5,0.08589339256286621,-14.819,2.7113308906555176,0.0,2.81061858232e-08
-41,0.43313026428222656,0.0083564221859,1.19563,-14.0499867887,8.01086414981e-08,1000,1.4754765033721924,376.7717459201813,0.202845412475,0.178676,146,4.36369155647,-0.00490608951077,-5,0.08566546440124512,-14.486,2.599756956100464,0.00490616961941,2.82646919203e-08
-41,0.44381237030029297,0.00987854879349,1.22296,-14.9208375999,-1.39617924333e-07,1000,1.539111852645874,379.48817706108093,0.237817608305,0.201277,147,4.56780811769,-0.0248124860227,-5,0.08869147300720215,-15.377,2.7119951248168945,0.0248123464048,-1.20527454683e-09
-41,0.43597912788391113,0.00812112167478,1.29195,-14.772501473,-1.56974792276e-07,1000,1.538010835647583,382.23527693748474,0.22758560686,0.256154,148,5.4599967033,-0.0103035401553,-5,0.08741068840026855,-15.206,2.7423579692840576,0.0103033831805,-1.64132762936e-09
-41,0.4323582649230957,0.00850073434412,1.29314,-13.6872500407,6.48498543754e-09,1000,1.494248628616333,384.8789348602295,0.203380348591,0.257073,149,5.06628058836,-0.00565301347524,-5,0.08603215217590332,-14.099,2.639537811279297,0.00565301996022,1.39478650851e-08
-41,0.43338656425476074,0.00630906643346,1.29017,-14.5245197815,3.70502455382e-08,1000,1.522714376449585,387.60461592674255,0.293948363914,0.25477,150,4.7924556336,-0.000127410603454,-5,0.08629345893859863,-14.963,2.7207019329071045,0.0001274476537,1.19211094329e-08
-41,0.43351316452026367,-2.15891371447e-09,1.29914,-14.7376320979,-4.04357898276e-08,1000,1.5523440837860107,390.46789598464966,0.247519201051,0.2617,151,5.52676216242,-4.04357898276e-08,-5,0.08591222763061523,-15.17,2.858772039413452,0.0,-2.15891371447e-09
-41,0.43367958068847656,0.00802729092538,1.30089,-14.7935096322,3.81469744681e-09,1000,1.5543227195739746,393.22469091415405,0.282749977857,0.263051,152,5.08722163858,-0.00481153093278,-5,0.08627748489379883,-15.224,2.7518489360809326,0.00481153474748,-1.97435268134e-09
-41,0.43254685401916504,0.00760831777006,1.21685,-13.9727171406,-6.86645478254e-08,1000,1.489938497543335,395.8494050502777,0.23984156152,0.196266,153,4.48254213589,-0.00361496210098,-5,0.08597803115844727,-14.396,2.6199851036071777,0.00361489343643,-3.36255716604e-08
-41,0.4278252124786377,0.00739196222275,1.18167,-14.7741019684,3.62396228581e-08,1000,1.4872512817382812,398.27428698539734,0.282320604163,0.166925,154,4.76893856115,-0.000511082820594,-5,0.08493638038635254,-15.215,2.4213149547576904,0.000511119060217,9.08319669479e-11
-41,0.42909860610961914,0.00846274755895,1.13169,-14.4922573332,-2.59399417502e-08,1000,1.4658801555633545,400.8456139564514,0.403062479365,0.123716,155,3.53156834848,-0.0181290656328,-5,0.08548378944396973,-14.945,2.5679080486297607,0.0181290396929,-6.65744170902e-09
-32,0.4306807518005371,0.00636789528653,1.14689,-14.7510646786,8.65936300443e-08,1000,1.4904885292053223,403.48932099342346,0.505130275215,0.137058,156,3.36802078378,-0.0686476156116,-5,0.0856008529663086,-15.206,2.639116048812866,0.0686477022052,1.73744272303e-08
-41,0.42867302894592285,1.53628476607e-09,1.16774,-14.3221427037,3.79562372643e-08,1000,1.4663550853729248,406.2007648944855,0.352728355416,0.155069,157,3.68643120104,3.79562372643e-08,-5,0.08596253395080566,-14.765,2.707608938217163,0.0,1.53628476607e-09
-41,0.45249509811401367,0.00633391505107,1.16753,-14.3046942154,5.77926648759e-08,1000,1.5026321411132812,408.900426864624,0.351962664792,0.154891,158,3.6681045514,-0.0308781377971,-5,0.08801674842834473,-14.747,2.695211887359619,0.0308781955898,1.50868484372e-09
-41,0.4394054412841797,0.00969033502042,1.10873,-14.2217209063,-1.27792361582e-07,1000,1.4622180461883545,411.5493428707123,0.410418398204,0.103212,159,3.21206709145,-0.00486876582727,-5,0.08812236785888672,-14.675,2.6440770626068115,0.00486863803491,-3.05225267283e-09
-41,0.43917250633239746,0.00754830101505,1.1631,-14.9832567131,-4.04357898276e-08,1000,1.5204262733459473,414.23571395874023,0.46054848313,0.151085,160,3.96817338331,-0.304307937622,-5,0.08765673637390137,-15.44,2.681859016418457,0.304307897186,-7.89379051014e-09
-41,0.4298121929168701,0.00919248536229,1.18449,-14.2554515589,-1.71661369563e-08,1000,1.4817683696746826,416.9205439090729,0.35835402974,0.169316,161,3.82971944142,-0.00377242546529,-5,0.08561110496520996,-14.693,2.680227041244507,0.00377240829915,-3.90963394992e-09
-41,0.428678035736084,0.00722337048501,1.13068,-13.6912949459,-1.04904174236e-09,1000,1.4565589427947998,419.5747220516205,0.359706923061,0.122819,162,3.31664348401,-0.00598599761724,-5,0.08563733100891113,-14.126,2.6503729820251465,0.0059859965682,-1.25793189198e-08
-41,0.4382319450378418,0.0062728850171,1.1235,-14.3849274624,-3.66210954894e-08,1000,1.4766936302185059,422.2533710002899,0.42104447786,0.116451,163,3.53587768454,-0.0204434227198,-5,0.0878758430480957,-14.837,2.67403507232666,0.0204433860987,-2.93072659474e-08
-41,0.4409022331237793,0.00739081343636,1.16319,-13.76925201,2.80380252349e-08,1000,1.4856901168823242,424.88420701026917,0.340279622101,0.151165,164,3.49115324785,-0.00189624598715,-5,0.08800339698791504,-14.207,2.6266839504241943,0.00189627402518,-2.02927363802e-08
-41,0.4298880100250244,0.00912552978843,1.19277,-13.2315171054,-5.48362741881e-08,1000,1.4581706523895264,427.47799587249756,0.249134205658,0.176274,165,4.13881613508,-0.00666576670483,-5,0.08589625358581543,-13.649,2.5893421173095703,0.00666571186855,-2.87182597702e-08
-41,0.43143367767333984,-4.19590717726e-09,1.20548,-12.241011802,2.75611871103e-08,1000,1.440608024597168,430.165874004364,0.160841182885,0.186877,166,4.63819695571,2.75611871103e-08,-5,0.08561134338378906,-12.623,2.6831350326538086,0.0,-4.19590717726e-09
-41,0.4266207218170166,0.00873621925712,1.20581,-12.3435229468,3.05175795745e-08,1000,1.4340674877166748,432.40919494628906,0.152552493681,0.18715,167,4.66890126261,-0.000556320184842,-5,0.0845341682434082,-12.731,2.238550901412964,0.000556350702421,-4.24713419989e-09
-41,0.43399739265441895,-1.45754368575e-08,1.18563,-13.437607749,-9.91821291763e-09,1000,1.4635066986083984,435.11465096473694,0.193258053384,0.170271,168,4.37935782964,-9.91821291763e-09,-5,0.08677864074707031,-13.865,2.700870990753174,0.0,-1.45754368575e-08
-41,0.4327073097229004,0.000739374838304,1.18505,-13.364913562,2.26974492534e-08,1000,1.4607665538787842,437.7950909137726,0.193260331073,0.169786,169,4.069662271,-7.57217435421e-08,-5,0.08684802055358887,-13.793,2.675854206085205,9.84191927955e-08,-1.46690233294e-08
-41,0.43201780319213867,-2.62661075112e-08,1.20396,-13.519345549,7.34329219654e-09,1000,1.4633517265319824,440.5328278541565,0.224908532684,0.185616,170,4.48163853964,7.34329219654e-09,-5,0.08572578430175781,-13.946,2.733980894088745,0.0,-2.62661075112e-08
-41,0.44335436820983887,0.00802706275135,1.20415,-13.7025778371,-4.11987315374e-08,1000,1.502934455871582,442.9036560058594,0.237191289592,0.185777,171,4.52490607637,-0.000540093809832,-5,0.08760356903076172,-14.135,2.3664331436157227,0.0005400526111,-2.62592720901e-08
-41,0.4287707805633545,0.00796723272651,1.13871,-13.2230163686,-1.22070309416e-08,1000,1.4317433834075928,445.47206807136536,0.205839891758,0.129892,172,3.52587563592,-0.0111226411536,-5,0.08550333976745605,-13.649,2.5638020038604736,0.0111226289466,1.22910863709e-08
-41,0.4313826560974121,0.00905336625874,1.09341,-13.644087269,6.52313261185e-08,1000,1.4382236003875732,448.06222105026245,0.336497243598,0.0892974,173,2.72835115042,-0.0023481156677,-5,0.0853567123413086,-14.09,2.5866358280181885,0.00234818089903,-2.87555828038e-08
-41,0.437624454498291,0.00596659397706,1.11902,-14.3419848894,4.7111512913e-08,1000,1.4871141910552979,450.71724104881287,0.383196785815,0.112449,174,3.60287884892,-0.013699377887,-5,0.08747076988220215,-14.792,2.65008807182312,0.0136994249985,-2.86515122738e-09
-41,0.4337434768676758,-5.06388042609e-09,1.15091,-13.6474933334,3.85284408821e-08,1000,1.471914529800415,453.5367169380188,0.323564111053,0.140551,175,3.28122522848,3.85284408821e-08,-5,0.08681178092956543,-14.081,2.8160178661346436,0.0,-5.06388042609e-09
-41,0.4293253421783447,0.00776444002986,1.15073,-13.6916754037,2.02178949138e-08,1000,1.449263334274292,456.11315298080444,0.347857996913,0.140395,176,3.16672133286,-0.00096637266688,-5,0.08530282974243164,-14.126,2.573031187057495,0.000966392884775,-5.05057995426e-09
-32,0.4301004409790039,-8.74527206207e-09,1.1968,-13.4059304546,3.43322739127e-08,1000,1.4620611667633057,458.90012097358704,0.30387700681,0.179653,177,3.51621373071,3.43322739127e-08,-5,0.16593408584594727,-13.829,2.78244686126709,0.0,-8.74527206207e-09
-32,0.4312715530395508,-8.76492300961e-09,1.19673,-13.4949565379,7.59124745286e-08,1000,1.4747872352600098,461.61705899238586,0.331337262801,0.179589,178,3.42614054002,7.59124745286e-08,-5,0.0853276252746582,-13.919,2.7125000953674316,0.0,-8.76492300961e-09
-41,0.42633795738220215,-8.8249176855e-09,1.19709,-13.573110594,-9.19342042494e-08,1000,1.4601356983184814,464.2119400501251,0.32874462729,0.179894,179,3.41525987298,-9.19342042494e-08,-5,0.08516383171081543,-14.0,2.5903711318969727,0.0,-8.8249176855e-09
-32,0.4318692684173584,0.00780982663855,1.19699,-13.4153813544,-6.23702973712e-08,1000,1.4667623043060303,466.8410220146179,0.353983233785,0.179809,180,3.26584690394,-0.00420672260225,-5,0.0850987434387207,-13.838,2.623366117477417,0.00420666023195,-8.79259420827e-09
-32,0.4473881721496582,0.00692027900368,1.15297,-13.806257211,-1.42669676961e-07,1000,1.507192611694336,469.553906917572,0.415207531544,0.142338,181,3.01561784714,-0.00494027417153,-5,0.08914470672607422,-14.243,2.708315134048462,0.00494013150185,-1.39594895643e-08
-32,0.4360053539276123,0.00879426021129,1.11314,-14.1358991458,-6.10351547081e-09,1000,1.4836018085479736,472.21233892440796,0.575618044466,0.107188,182,2.5578848684,-0.00768022006378,-5,0.08667278289794922,-14.585,2.655013084411621,0.00768021396026,9.26452337069e-09
-41,0.46108126640319824,0.00843351986259,1.08161,-14.2652489216,1.50680534716e-08,1000,1.4515552520751953,474.9336459636688,0.550371655233,0.0784553,183,2.69399331848,-0.572030425072,-14,0.0936880111694336,-14.72,2.717805862426758,0.57203044014,1.4244982971e-08
-41,0.4587714672088623,0.00722402473912,1.11106,-13.9145248304,-2.51770018167e-08,1000,1.4352169036865234,477.52559185028076,0.457296852817,0.105315,184,2.64544892221,-0.000247986230534,-5,0.09258103370666504,-14.36,2.5872080326080322,0.000247961053532,-4.79988209179e-08
-41,0.43114733695983887,0.00736267166212,1.11988,-14.1837154335,-1.67846678778e-08,1000,1.4779789447784424,480.1741740703583,0.498544849065,0.113222,185,2.75874591074,-0.00923445448279,-5,0.08551335334777832,-14.639,2.644129991531372,0.00923443769813,9.90997328643e-09
-41,0.4451470375061035,0.00644390098751,1.0644,-13.8163859624,-3.3187865256e-07,1000,1.4623804092407227,482.8330008983612,0.60250853834,0.0624101,186,1.86844855428,-0.0234243348241,-5,0.08808207511901855,-14.27,2.653736114501953,0.0234240029454,-7.80898989916e-09
-41,0.43123745918273926,0.00587279489264,1.04456,-13.9049031869,-4.90188583058e-08,1000,1.4365599155426025,485.12890887260437,0.604204210173,0.0435937,187,2.09914268214,-0.00156972394325,-14,0.08617925643920898,-14.36,2.291390895843506,0.00156967492439,2.71326094925e-09
-50,0.4309861660003662,0.003441355424,1.09229,-14.4252927183,1.32751466708e-07,1000,1.4537687301635742,487.80283308029175,0.325783221518,0.0882723,188,3.47636577477,-87.90675354,-14,0.08607602119445801,-14.891,2.6692891120910645,87.9067536728,-2.65517741127e-09
-41,0.4286623001098633,0.00924914516509,1.11419,-14.0919892905,-1.46865843931e-08,1000,1.434980869293213,490.34926104545593,0.322187220273,0.108124,189,3.33460627361,-0.00433879485354,-5,0.08527398109436035,-14.549,2.541990041732788,0.00433878016695,-1.08423803269e-08
-41,0.42784762382507324,0.00519047630951,1.11728,-14.8010204876,-5.87463375723e-08,1000,1.468735694885254,492.9723889827728,0.342570189551,0.110898,190,4.49206400222,-0.325868964195,-5,0.08525872230529785,-15.269,2.618942975997925,0.325868905449,2.49419791487e-08
-41,0.4291374683380127,0.00776024861261,1.13736,-14.6058347947,-2.62260435591e-08,1000,1.466918706893921,495.5481069087982,0.295516285462,0.128708,191,4.55435571733,-0.00321580353193,-5,0.08512377738952637,-15.062,2.5722029209136963,0.00321577730589,-7.48999706701e-09
-41,0.4345533847808838,0.0097535783425,1.0851,-13.6629042719,5.30242907359e-08,1000,1.455061912536621,498.18475103378296,0.299043509663,0.0816707,192,2.9281967147,-0.0153959440067,-5,0.08689737319946289,-14.108,2.6323580741882324,0.015395997031,-4.87249485204e-09
-41,0.43770503997802734,0.00828510615975,1.11678,-14.1784671298,-7.17163075592e-08,1000,1.4686334133148193,500.8043179512024,0.3352506724,0.110453,193,3.16870304699,-0.0639703720808,-5,0.08716297149658203,-14.639,2.6146740913391113,0.0639703003645,-3.43060446717e-09
-41,0.4416999816894531,0.00812029093504,1.12364,-13.7434204846,5.45501706029e-08,1000,1.4701135158538818,503.46602487564087,0.307197144917,0.11657,194,3.25196540572,-0.00369951291941,-5,0.08866310119628906,-14.189,2.6572389602661133,0.00369956746958,8.50575787581e-09
-41,0.4267868995666504,5.96660365559e-09,1.16721,-13.9470454274,-1.20162964024e-08,1000,1.4505527019500732,506.1185200214386,0.278562575658,0.154617,195,3.75488801431,-1.20162964024e-08,-5,0.08483242988586426,-14.396,2.6492061614990234,0.0,5.96660365559e-09
-41,0.43155670166015625,0.00978626124561,1.16758,-14.2261572719,3.66210954894e-08,1000,1.4716575145721436,508.7327690124512,0.285828358493,0.154934,196,3.75661336845,-0.00724243931472,-5,0.08560585975646973,-14.684,2.6097030639648438,0.00724247593582,5.90923709964e-09
-41,0.4425516128540039,0.00964740291238,1.17427,-13.4872388287,-5.66482540876e-08,1000,1.4838647842407227,511.3744258880615,0.207233760558,0.160642,197,3.8701988321,-0.00697671342641,-5,0.09736943244934082,-13.919,2.637871026992798,0.00697665677816,2.03787742237e-08
-41,0.4387373924255371,0.00854470301419,1.12443,-13.9783761319,-9.5367429509e-09,1000,1.473743200302124,514.0438220500946,0.244538830603,0.117276,198,4.2184565898,-0.016836438328,-5,0.08836627006530762,-14.432,2.6647589206695557,0.0168364287913,3.3286660539e-08
-41,0.42987847328186035,0.00548403616995,1.1493,-13.092273728,-7.98702259885e-08,1000,1.4276411533355713,516.5927670001984,0.167138471339,0.139149,199,3.80864857922,-0.00380435632542,-5,0.08581280708312988,-13.514,2.544448137283325,0.00380427645519,-2.52349030561e-09
-41,0.43010592460632324,0.00897563807666,1.15699,-13.8142756188,7.76290889348e-08,1000,1.459066390991211,519.1701898574829,0.196760298898,0.145824,200,4.64315399271,-0.0211777538061,-5,0.08538103103637695,-14.261,2.572589159011841,0.0211778314352,3.53985307733e-09
-41,0.4323403835296631,0.00724487379193,1.18864,-13.0994182751,-1.76429750809e-08,1000,1.4527950286865234,521.7884640693665,0.148004390808,0.172813,201,4.93840095578,-0.000935693562496,-5,0.08637499809265137,-13.514,2.614720106124878,0.000935675919521,-1.57974415771e-08
-50,0.4293379783630371,-1.8090839049e-08,1.2486,-13.9878770626,1.86920168233e-08,1000,1.487206220626831,524.5242309570312,0.185150648602,0.222026,202,6.63069159289,1.86920168233e-08,-5,0.08571863174438477,-14.423,2.7323458194732666,0.0,-1.8090839049e-08
-41,0.4354517459869385,-1.78341288404e-08,1.24416,-14.411904025,-5.56945813912e-08,1000,1.5314464569091797,527.3281939029694,0.208421992831,0.218461,203,7.37766731427,-5.56945813912e-08,-5,0.08630108833312988,-14.855,2.7994861602783203,0.0,-1.78341288404e-08
-50,0.44805407524108887,0.00998792145401,1.24929,-13.9303703462,4.1580200616e-08,1000,1.5290946960449219,530.0267858505249,0.184010362231,0.222577,204,6.5915400325,-0.00260398071259,-5,0.08895683288574219,-14.36,2.695079803466797,0.00260402229279,-1.82501320722e-08
-41,0.44075846672058105,1.39686584522e-09,1.19084,-13.2299211368,7.0190431245e-08,1000,1.4811546802520752,532.6363010406494,0.157230528015,0.174662,205,5.30526144502,7.0190431245e-08,-5,0.08874130249023438,-13.649,2.605051040649414,0.0,1.39686584522e-09
-41,0.4272303581237793,0.00851167179644,1.19232,-13.1618194231,4.6157836664e-08,1000,1.4547538757324219,534.9880509376526,0.15330642501,0.175899,206,5.23851801562,-0.000592029944528,-5,0.08516216278076172,-13.577,2.3471617698669434,0.000592076102365,1.25960886166e-09
-41,0.4270448684692383,-8.56907167446e-09,1.13376,-13.2753447098,5.48362741881e-08,1000,1.4253637790679932,537.6414430141449,0.188824990003,0.125539,207,3.73159362739,5.48362741881e-08,-5,0.08473014831542969,-13.703,2.650099039077759,0.0,-8.56907167446e-09
-41,0.4402604103088379,-8.52613268876e-09,1.13328,-13.3647913803,-1.27792354476e-08,1000,1.4714643955230713,540.2323060035706,0.19231552413,0.125118,208,4.24501484096,-1.27792354476e-08,-5,0.08844733238220215,-13.793,2.5862319469451904,0.0,-8.52613268876e-09
-41,0.44344067573547363,0.00751882093027,1.13216,-13.6568554771,2.38418582654e-08,1000,1.5000438690185547,542.9110338687897,0.211784832644,0.124125,209,4.19132425374,-0.000744285178371,-5,0.08806967735290527,-14.099,2.6741280555725098,0.000744309020229,-8.67965610496e-09
-41,0.4357173442840576,0.00837891362607,1.10293,-13.5364377647,6.11782056126e-08,1000,1.4409446716308594,545.4947700500488,0.244807216457,0.0979686,210,3.40327357114,-0.00762440729886,-5,0.08677315711975098,-13.973,2.580327033996582,0.00762446847707,-2.44157560836e-09
-41,0.42850470542907715,0.00355744175613,1.07129,-13.2566385198,-8.01086414981e-08,1000,1.409195899963379,547.9158308506012,0.249780157773,0.0688674,211,2.65223754592,-3.24378961523e-05,-5,0.08511233329772949,-13.694,2.4176089763641357,3.23577875108e-05,5.3336388639e-09
-32,0.430743932723999,0.00796527136117,1.04509,-13.316102844,-6.21795663847e-08,1000,1.4064972400665283,550.2253730297089,0.299010290947,0.0441004,212,2.20951374741,-0.00263229152188,-5,0.08554887771606445,-13.757,2.306025981903076,0.00263222934231,-1.77821668501e-08
-41,0.43197154998779297,0.00960286613554,1.0486,-13.6547556206,1.58309934051e-08,1000,1.4197824001312256,552.7618548870087,0.402858681527,0.0474602,213,2.00956114612,-0.0189035348594,-5,0.08630514144897461,-14.108,2.5314581394195557,0.0189035506904,5.50746781514e-10
-23,0.43439769744873047,0.00648220349103,1.02224,-13.4343204386,1.24549870861e-07,1000,1.4139668941497803,555.3089990615845,0.557265734823,0.0219922,214,1.16760909555,-0.0102556804195,-5,0.08638834953308105,-13.883,2.5437309741973877,0.0102558049694,1.32393385144e-08
-32,0.4323725700378418,0.00575135881081,1.04381,-13.8737838513,6.33239736203e-08,1000,1.4413092136383057,557.9390580654144,0.377783577587,0.0428753,215,2.19775135081,-0.0967396050692,-5,0.08582496643066406,-14.333,2.6257851123809814,0.0967396683931,-2.91116659668e-08
-32,0.43566346168518066,0.00723189068958,1.08964,-13.8788726285,3.01361069432e-08,1000,1.4513835906982422,560.5439920425415,0.262156700434,0.0858515,216,3.16450801863,-0.00160947279073,-5,0.08712482452392578,-14.333,2.600497007369995,0.00160950292684,1.50084620287e-08
-32,0.4431135654449463,0.00633554533124,1.0597,-13.4831635261,9.58442711863e-08,1000,1.436420202255249,563.1569089889526,0.275985630795,0.0579897,217,2.54456597478,-0.00193267629948,-5,0.08815455436706543,-13.928,2.6094861030578613,0.00193277214375,6.2559157854e-09
-32,0.4295978546142578,0.00847123842686,1.09304,-13.8772945695,-9.38415496421e-08,1000,1.4347045421600342,565.5770170688629,0.292964594853,0.0889662,218,2.84079407913,-0.0231146309525,-5,0.08523249626159668,-14.333,2.415113925933838,0.0231145371109,1.18146065847e-11
-41,0.42914366722106934,1.19890533057e-08,1.15579,-13.9698461075,1.95503233158e-07,1000,1.4647879600524902,568.3001530170441,0.185985345405,0.144781,219,4.57040523367,1.95503233158e-07,-5,0.0855710506439209,-14.414,2.719609022140503,0.0,1.19890533057e-08
-32,0.43608713150024414,1.20136034454e-08,1.15603,-14.0893886995,-1.75476078113e-08,1000,1.4766545295715332,571.0938000679016,0.21322377121,0.144991,220,4.22521005395,-1.75476078113e-08,-5,0.08840179443359375,-14.54,2.7891650199890137,0.0,1.20136034454e-08
-32,0.4390990734100342,0.00637066736817,1.1558,-14.1776841443,4.6920774821e-08,1000,1.4951202869415283,573.7562589645386,0.221304755048,0.144795,221,4.23191446038,-0.00356202968396,-5,0.08759093284606934,-14.63,2.6577138900756836,0.00356207660474,1.19768017726e-08
-32,0.4309372901916504,-1.08184092795e-08,1.18273,-12.9961228252,4.54902640001e-08,1000,1.4525840282440186,576.2738080024719,0.147719815734,0.167822,222,4.86036665284,4.54902640001e-08,-5,0.08620405197143555,-13.406,2.5131020545959473,0.0,-1.08184092795e-08
-41,0.43030619621276855,-1.08260351794e-08,1.18264,-13.257328207,-6.40869117774e-08,1000,1.446692943572998,578.9542438983917,0.160744505665,0.167751,223,4.7513181329,-6.40869117774e-08,-5,0.08511209487915039,-13.676,2.675874948501587,0.0,-1.08260351794e-08
-32,0.428882360458374,-1.08929434361e-08,1.18319,-12.7316731253,-1.64031987993e-08,1000,1.4347975254058838,581.4268109798431,0.141743348413,0.168211,224,4.50705047675,-1.64031987993e-08,-5,0.08448934555053711,-13.136,2.4681310653686523,0.0,-1.08929434361e-08
-32,0.43228745460510254,1.91670205822e-05,1.1833,-12.8277380188,4.13894660767e-08,1000,1.4430158138275146,584.041620016098,0.145960369718,0.168309,225,4.47993024499,-3.49044810832e-08,-5,0.08624982833862305,-13.235,2.610369920730591,7.62939471599e-08,-1.09115765312e-08
-32,0.48636484146118164,1.54883945669e-08,1.18048,-12.9253818534,-3.28063975985e-08,1000,1.584674596786499,586.7901768684387,0.152038803763,0.16592,226,4.57607298893,-3.28063975985e-08,-5,0.09361028671264648,-13.334,2.7451648712158203,0.0,1.54883945669e-08
-41,0.45691514015197754,0.00699534360319,1.18005,-13.1946169005,1.21307380141e-07,1000,1.5214688777923584,589.3289978504181,0.160932640404,0.16556,227,4.59926418028,-0.0013228256721,-5,0.09113574028015137,-13.613,2.525773048400879,0.00132294697949,1.54455737089e-08
-41,0.43644189834594727,-2.73427502862e-10,1.19484,-11.6069854498,-2.51770018167e-08,1000,1.4437532424926758,591.9604070186615,0.120668222122,0.178013,228,5.09851390113,-2.51770018167e-08,-5,0.08707189559936523,-11.966,2.6278250217437744,0.0,-2.73427502862e-10
-32,0.46233654022216797,0.0090231532231,1.19535,-11.6939656896,2.50816345471e-08,1000,1.4320008754730225,594.2859370708466,0.116354833934,0.178435,229,5.10184907656,-0.000404559803428,-5,0.09225940704345703,-12.056,2.320791006088257,0.000404584885063,-2.73801009643e-10
-32,0.464526891708374,0.00821255613118,1.1801,-10.7368327649,2.82287597742e-08,1000,1.3761005401611328,596.8747899532318,0.098443933052,0.165602,230,5.00875673196,-0.00217155669816,-5,0.09189009666442871,-11.066,2.585447072982788,0.00217158492692,-2.51638709869e-09
-32,0.4331202507019043,0.0078593371436,1.14349,-10.9542414872,-4.38690195281e-09,1000,1.3946046829223633,599.1788668632507,0.0913067014717,0.134083,231,4.29744109907,-0.00222177058458,-5,0.08719873428344727,-11.3,2.2996201515197754,0.00222176619768,4.83702349008e-11
-32,0.4436769485473633,0.00709900725633,1.17939,-11.8914065405,5.95092757294e-08,1000,1.4629077911376953,601.5829079151154,0.11544604344,0.164996,232,4.74318785207,-0.000379458622774,-5,0.09166765213012695,-12.263,2.4001779556274414,0.00037951813205,-5.77796534576e-12
-32,0.4397592544555664,-4.2428591196e-10,1.14751,-11.2674928164,-2.89916997076e-08,1000,1.4297139644622803,604.0238220691681,0.097673370229,0.137591,233,4.31909990623,-2.89916997076e-08,-5,0.08849120140075684,-11.624,2.4363279342651367,0.0,-4.2428591196e-10
-32,0.42855238914489746,0.006844103802,1.14751,-11.1896845395,-1.77383423505e-08,1000,1.3828096389770508,606.2248599529266,0.0986382604158,0.137591,234,4.39501433445,-4.52001586382e-05,-5,0.08548498153686523,-11.543,2.1964290142059326,4.51824202958e-05,-4.24285884204e-10
-32,0.42928385734558105,0.00655611883849,1.16254,-10.2994757832,4.56809985394e-08,1000,1.373727798461914,608.438866853714,0.0908647774473,0.150607,235,4.57695794169,-0.000336215773132,-5,0.08470606803894043,-10.616,2.209434986114502,0.00033626145413,1.80924146775e-08
-23,0.43062472343444824,0.00969625171274,1.16812,-9.06257478367,-2.4223327344e-08,1000,1.3471601009368896,610.5948989391327,0.0873720049218,0.155392,236,4.63861606516,-1.83131214726e-05,-5,0.08549928665161133,-9.329,2.1515538692474365,1.82888981453e-05,-1.23257839491e-08
-32,0.42659497261047363,0.00931808818132,1.14955,-7.91300334043,-1.18255618631e-08,1000,1.3074166774749756,613.0121610164642,0.0947571936939,0.139367,237,4.54385034965,-0.000716498179827,-5,0.08525395393371582,-8.132,2.4138669967651367,0.000716486354265,1.57069237616e-08
-32,0.43875813484191895,0.00849191006273,1.12402,-6.73819883065,1.02996828844e-08,1000,1.290477991104126,615.1471490859985,0.146649361515,0.11691,238,3.97486301651,-0.000491468410473,-5,0.0870366096496582,-6.908,2.130208969116211,0.000491478710156,8.25187473907e-10
-32,0.42721128463745117,0.00760533986613,1.0913,-6.03871557409,2.01225276442e-08,1000,1.2385177612304688,617.1962759494781,0.204333747742,0.0873685,239,3.21791221136,-9.6491050499e-05,-5,0.08517599105834961,-6.179,2.0446341037750244,9.65111730267e-05,-9.83236780883e-09
-32,0.43798327445983887,0.00640594027936,1.05902,-5.56383360169,-1.90734872341e-09,1000,1.2363862991333008,619.2397389411926,0.312612079114,0.0573414,240,2.79179941973,-0.00030506629264,-5,0.08747458457946777,-5.684,2.0390801429748535,0.000305064385291,-1.19453993364e-08
-32,0.4328136444091797,0.0063279136084,1.02863,-5.09356231372,-6.82830787468e-08,1000,1.1966445446014404,621.2375149726868,0.581293668356,0.02823,241,1.49291526886,-0.00039141997695,-5,0.08556270599365234,-5.198,1.9931929111480713,0.000391351693871,-2.54821852508e-09
-32,0.4619786739349365,0.00666085351259,1.02297,-5.16132093916,8.35418703105e-08,1000,1.2988770008087158,623.4025180339813,0.46408141259,0.0227143,242,1.68614945957,-0.000375052652089,-5,0.09253501892089844,-5.27,2.1585021018981934,0.000375136193959,-1.81314412373e-08
-32,0.42827534675598145,0.00832216348499,1.05825,-5.52407515912,-1.53732301555e-07,1000,1.2181007862091064,625.4362518787384,0.271189650093,0.0566195,243,2.42859959648,-0.000200160415261,-5,0.08505034446716309,-5.648,2.0298030376434326,0.000200006682959,5.75240159326e-12
-23,0.42471861839294434,0.00730600440875,1.09972,-6.49226861029,1.14440915411e-07,1000,1.251246452331543,627.4948508739471,0.137585311977,0.095057,244,3.5105076556,-0.000254071987001,-5,0.08375930786132812,-6.656,2.055233955383301,0.000254186427917,1.34345246039e-08
-14,0.44049811363220215,0.00682509178296,1.13051,-7.42544132428,9.15527387235e-09,1000,1.3075969219207764,629.6481230258942,0.100694676421,0.12267,245,4.09214076004,-0.000320301624015,-5,0.08715271949768066,-7.628,2.1488029956817627,0.000320310779289,6.67080035655e-09
-14,0.439328670501709,0.00649753259495,1.14729,-8.69630984551,4.386901864e-08,1000,1.3512628078460693,631.8195989131927,0.0837854849483,0.1374,246,4.46638545135,-0.000263180729235,-5,0.08838319778442383,-8.951,2.1661429405212402,0.000263224598253,1.00552118715e-12
-23,0.44202446937561035,0.0096323126927,1.14894,-9.9241270822,-3.26156630592e-08,1000,1.4023711681365967,634.1164338588715,0.0826658764293,0.13884,247,4.45876204792,-0.000296785437968,-5,0.0876314640045166,-10.229,2.292191982269287,0.000296752822305,3.636925483e-10
-23,0.4299650192260742,0.00902671832591,1.13182,-10.7281459426,-2.12097162944e-07,1000,1.3829717636108398,636.6117799282074,0.0892431542954,0.123831,248,4.23788201818,-0.000325953296851,-5,0.0851750373840332,-11.066,2.491987943649292,0.000325741199688,-1.78033629505e-10
-14,0.4304959774017334,0.00596866058186,1.09986,-12.1112286611,3.9291382592e-08,1000,1.3999128341674805,638.9626159667969,0.130967857,0.0951801,249,3.3487257278,-0.000247965625022,-5,0.08558130264282227,-12.506,2.3463428020477295,0.000248004916404,4.95858670964e-13
-32,0.4296085834503174,-1.09765494472e-08,1.12132,-12.3856415675,-6.1035159149e-08,1000,1.4149343967437744,641.3763959407806,0.131761234539,0.114504,250,3.82658790569,-6.1035159149e-08,-5,0.08556365966796875,-12.785,2.4102859497070312,0.0,-1.09765494472e-08
-32,0.432706356048584,0.00819200463593,1.12122,-12.3677360226,-2.82287597742e-08,1000,1.4162166118621826,643.9193489551544,0.131953741516,0.114418,251,3.90470370195,-0.000467067613499,-5,0.08654665946960449,-12.767,2.539522886276245,0.000467039384739,-1.09658184755e-08
-23,0.4295532703399658,-4.75183759008e-09,1.07841,-13.092543201,-1.71852107655e-07,1000,1.417323112487793,646.4877779483795,0.214362771791,0.07549,252,2.79132065517,-1.71852107655e-07,-5,0.08568882942199707,-13.523,2.5643770694732666,0.0,-4.75183759008e-09
-32,0.45185351371765137,0.00831781420857,1.07825,-13.1614414867,2.08556656389e-08,1000,1.4581153392791748,648.8692419528961,0.210550749171,0.0753368,253,2.83142631901,-0.000948186963797,-5,0.09073877334594727,-13.595,2.3768198490142822,0.000948207819462,-4.76208716904e-09
-32,0.43733930587768555,8.46234748941e-11,1.13111,-12.42869197,-6.92367549959e-08,1000,1.4330883026123047,651.36834192276,0.137320898713,0.123204,254,3.85111672116,-6.92367549959e-08,-5,0.08779597282409668,-12.83,2.4937291145324707,0.0,8.46234748941e-11
-32,0.44452977180480957,0.00833000615239,1.13091,-12.3244201111,1.98364258353e-08,1000,1.4472730159759521,653.7777819633484,0.131996966794,0.123025,255,3.94191780736,-0.000197027969989,-5,0.08935689926147461,-12.722,2.4047579765319824,0.000197047806415,8.42629160891e-11
-32,0.42853736877441406,1.02424442261e-08,1.08077,-12.8919435857,4.386901864e-08,1000,1.4052870273590088,656.2098999023438,0.194028737102,0.0776777,256,2.87752393561,4.386901864e-08,-5,0.08588933944702148,-13.316,2.4286811351776123,0.0,1.02424442261e-08
-32,0.42766308784484863,0.00823948066682,1.08077,-12.7800804603,-1.47819516627e-08,1000,1.4056262969970703,658.7426660060883,0.174013314681,0.0776777,257,3.13167670745,-0.00155278551392,-5,0.08478164672851562,-13.199,2.5279791355133057,0.00155277073197,1.02424442261e-08
-23,0.4427497386932373,0.00726852100343,1.12513,-12.2013685561,-4.91142273518e-08,1000,1.4406657218933105,661.0080590248108,0.129221263314,0.1179,258,3.68521152717,-0.000787737080827,-5,0.08843874931335449,-12.596,2.2606170177459717,0.0007876879666,-2.10929282929e-08
-32,0.4513435363769531,0.00682378932834,1.15753,-11.060443359,1.76429750809e-08,1000,1.4092676639556885,663.3400180339813,0.0959616435335,0.146285,259,4.38195572775,-0.000809205928817,-5,0.08690524101257324,-11.408,2.3259470462799072,0.000809223571792,1.04922648347e-08
-32,0.43372273445129395,-1.21826637667e-08,1.17616,-9.97235535295,5.45501706029e-08,1000,1.384002923965454,665.8032639026642,0.0922206572312,0.162257,260,4.80134606126,5.45501706029e-08,-5,0.08637046813964844,-10.274,2.4597458839416504,0.0,-1.21826637667e-08
-32,0.4293837547302246,0.00669825589284,1.17568,-10.2416768359,8.77380390563e-09,1000,1.3808388710021973,668.1628770828247,0.0983348051774,0.161848,261,4.86592139271,-0.000109202192107,-5,0.0857858657836914,-10.553,2.355149984359741,0.000109210965911,-1.21780834306e-08
-32,0.42938828468322754,0.00331963435747,1.14824,-10.348890465,4.9352646414e-09,1000,1.377089023590088,670.4172780513763,0.0864467333561,0.138229,262,4.45568176602,-0.000137562441523,-5,0.08523225784301758,-10.67,2.250926971435547,0.000137567376788,-1.17711005387e-08
-14,0.4304845333099365,0.00452121905982,1.14156,-10.4859002121,-6.39438653138e-08,1000,1.3740990161895752,672.7842149734497,0.0864128721866,0.132393,263,4.30388243334,-0.00031137035694,-5,0.08481431007385254,-10.814,2.3624629974365234,0.000311306413074,-1.87101480975e-08
-32,0.4325892925262451,6.12932771205e-09,1.15314,-11.1458437845,-8.62121609657e-08,1000,1.393568515777588,675.272626876831,0.094264876657,0.142487,264,4.36027476198,-8.62121609657e-08,-5,0.08675312995910645,-11.498,2.4850239753723145,0.0,6.12932771205e-09
-32,0.43457818031311035,0.00672200787812,1.15299,-10.9208005732,-1.382827719e-08,1000,1.4175336360931396,677.5278608798981,0.0945760255116,0.142361,265,4.42360757753,-3.06356414512e-05,-5,0.08663058280944824,-11.264,2.2517149448394775,3.0621813174e-05,6.12933925837e-09
-32,0.43482518196105957,0.00648596137762,1.16274,-10.074257036,-2.34603874105e-08,1000,1.3780345916748047,680.0338370800018,0.088143087689,0.150778,266,4.71445394505,-0.000528678880073,-5,0.08604264259338379,-10.382,2.501619815826416,0.000528655419686,2.29190231238e-08
-32,0.4469935894012451,0.0096046263352,1.16276,-8.77674939679,-8.8691713529e-08,1000,1.359807014465332,682.5470590591431,0.0902634509903,0.150793,267,4.7563616347,-0.000321163941408,-5,0.09077286720275879,-9.032,2.508763074874878,0.000321075249694,-2.80228884542e-09
-32,0.42974019050598145,5.34264632535e-10,1.14782,-7.86139401871,-1.18255618631e-08,1000,1.3136026859283447,685.1087069511414,0.106305074569,0.137867,268,4.56288461393,-1.18255618631e-08,-5,0.08487820625305176,-8.078,2.55706787109375,0.0,5.34264632535e-10
-23,0.42386674880981445,0.00685745012015,1.14837,-7.45471259884,-1.90019608937e-08,1000,1.2959303855895996,687.3797500133514,0.110004465303,0.138346,269,4.16316886518,-0.000248778669629,-5,0.08405661582946777,-7.655,2.2677180767059326,0.000248759667668,5.08559416801e-10
-32,0.4324820041656494,0.00961772166193,1.1647,-8.3890258552,-3.58581537796e-08,1000,1.340942621231079,689.7031900882721,0.0930575480978,0.152465,270,4.59433031028,-0.000214916988625,-5,0.08613801002502441,-8.627,2.318821907043457,0.000214881130471,-1.32289885713e-08
-32,0.4389362335205078,0.00890009105206,1.15132,-7.56064896157,3.35693357556e-08,1000,1.3323440551757812,692.054337978363,0.11933329434,0.140907,271,4.52469126019,-0.000744999677408,-5,0.08813261985778809,-7.763,2.3457000255584717,0.000745033246744,1.47082772628e-08
-32,0.440418004989624,0.00807944871485,1.11989,-6.86265555502,2.14576729718e-08,1000,1.2968840599060059,694.1926319599152,0.148929936025,0.113228,272,4.24933453614,-0.000636852346361,-5,0.08664226531982422,-7.034,2.133715867996216,0.000636873804034,2.11802630989e-10
-32,0.4239025115966797,0.00615324499086,1.0897,-5.8937608423,8.17298868583e-08,1000,1.220046043395996,696.2733509540558,0.246732944595,0.0858996,273,3.25750272448,-0.00064629066037,-5,0.08362412452697754,-6.026,2.0772039890289307,0.000646372390257,2.46009945748e-09
-42,0.42878079414367676,-2.46657294589e-09,1.07596,-5.68327929662,8.97168472846e-09,1000,1.2257585525512695,698.7384989261627,0.231027797656,0.0732115,274,3.35280166428,8.97168472846e-09,-5,0.08895611763000488,-5.811,2.4604618549346924,0.0,-2.46657294589e-09
-41,0.42634034156799316,0.00721381977201,1.07599,-5.75254178839,-6.33239736203e-08,1000,1.2208011150360107,700.7466480731964,0.266349821546,0.0732423,275,3.32386461818,-0.000159050658112,-5,0.08396005630493164,-5.882,2.0046229362487793,0.000158987334139,-2.46947440274e-09
-41,0.42874670028686523,0.0063661551103,1.03988,-5.20560098398,4.42504877185e-08,1000,1.1969447135925293,702.7547860145569,0.438596090436,0.0391043,276,2.04787084554,-0.000584086810704,-5,0.08497858047485352,-5.315,2.0046770572662354,0.000584131061192,-1.44474521235e-09
-41,0.4308431148529053,0.00946744065732,1.08372,-6.01242667255,8.69750991228e-08,1000,1.240220069885254,705.1067140102386,0.222097838631,0.0804003,277,3.83547858813,-0.00038215884706,-5,0.08503913879394531,-6.152,2.3474581241607666,0.000382245822159,-1.72227521134e-09
-23,0.42655181884765625,0.00345402536914,1.10029,-6.45838929757,3.14712522709e-08,1000,1.2544608116149902,707.2444269657135,0.139918417908,0.0955761,278,3.52726522961,-0.000288879207801,-5,0.08424806594848633,-6.62,2.1332359313964844,0.000288910679053,9.81895453833e-09
-14,0.4444563388824463,0.00729779293761,1.09885,-6.56108045119,2.5367736356e-08,1000,1.285740852355957,709.5305938720703,0.132776528105,0.0942611,279,3.54485768403,-0.000291251577437,-5,0.08910298347473145,-6.728,2.2821428775787354,0.000291276945173,2.0087172814e-08
-14,0.4431338310241699,0.00681800534949,1.12955,-7.42544132428,1.90734872341e-09,1000,1.3101518154144287,711.7745928764343,0.100717287675,0.121819,280,4.09214076004,-0.000209516525501,-5,0.08656811714172363,-7.628,2.23941707611084,0.00020951843285,1.78593199257e-11
-14,0.47078442573547363,0.00649431208149,1.14618,-8.62714693279,5.83648684938e-08,1000,1.3551244735717773,714.0708808898926,0.0842293956233,0.136439,281,4.45694502995,-0.000250120530836,-5,0.0942528247833252,-8.879,2.2912731170654297,0.000250178895705,-1.15543737772e-11
-14,0.4567596912384033,0.00962902791798,1.1477,-9.8288525413,-1.22070309416e-08,1000,1.3381917476654053,716.4442179203033,0.082251824819,0.137761,282,4.45568176602,-0.000372473528842,-5,0.09102153778076172,-10.13,2.370089054107666,0.000372461321811,3.65603467639e-12
-14,0.4316527843475342,0.00900480616838,1.13047,-10.8835869603,-5.95092757294e-08,1000,1.3775296211242676,718.9477200508118,0.0914635706032,0.122634,283,4.15499891697,-0.000436331378296,-5,0.0847482681274414,-11.228,2.4978110790252686,0.00043627186902,-8.18049894491e-09
-14,0.4416472911834717,0.00831529218704,1.09851,-11.9210306511,1.21355057559e-07,1000,1.4375300407409668,721.247339963913,0.120725913486,0.0939587,284,3.51640953246,-0.000636379350908,-5,0.08839964866638184,-12.308,2.2947909832000732,0.000636500705966,1.18688149586e-11
-14,0.43453168869018555,0.00739318411797,1.06103,-12.8460846087,-2.67028799072e-09,1000,1.4276132583618164,723.8221108913422,0.21611206827,0.0592384,285,2.45551603538,-0.00103480916005,-5,0.0870809555053711,-13.271,2.5702269077301025,0.00103480648976,6.37163743988e-09
-14,0.431821346282959,0.00594783760607,1.02763,-13.2524167209,-9.3078611485e-08,1000,1.4100570678710938,726.065703868866,0.382371117687,0.0272596,286,1.63106223057,-0.000876448466443,-5,0.08471989631652832,-13.694,2.239058017730713,0.000876355387831,6.86336959488e-11
-14,0.427595853805542,-3.71194608384e-09,1.00659,-13.5117776436,6.88552859174e-08,1000,1.4025652408599854,728.7032780647278,0.835343139109,0.00656788,287,0.56807041817,6.88552859174e-08,-5,0.08560633659362793,-13.964,2.6331069469451904,0.0,-3.71194608384e-09
-14,0.42377710342407227,-3.71194608384e-09,1.00659,-13.5117776436,1.16348264356e-08,1000,1.3957719802856445,731.0159459114075,0.835350651229,0.00656788,288,0.56807041817,1.16348264356e-08,-5,0.08489990234375,-13.964,2.309164047241211,0.0,-3.71194608384e-09
-14,0.42790818214416504,0.00647277059034,1.00659,-13.4771961873,3.79562372643e-08,1000,1.4007296562194824,733.2370710372925,0.718232171707,0.00656788,289,0.801758068248,-0.00156747130677,-5,0.08478260040283203,-13.928,2.2175331115722656,0.00156750926301,-3.71194608384e-09
-14,0.42915844917297363,0.00930565223098,1.03913,-13.1486723519,-1.25122070926e-07,1000,1.4052035808563232,735.6216728687286,0.317156183893,0.038384,290,1.88536574701,-0.00143943936564,-5,0.08504366874694824,-13.586,2.3801181316375732,0.00143931424357,1.13719460515e-08
-14,0.4349648952484131,-1.42038802595e-11,1.0848,-12.2409091224,-1.18255618631e-08,1000,1.4331355094909668,738.2023370265961,0.139648337333,0.0813918,291,3.2224399141,-1.18255618631e-08,-5,0.09131646156311035,-12.641,2.577193021774292,0.0,-1.42038802595e-11
-32,0.4309546947479248,-1.42029409067e-11,1.08471,-12.3622070825,1.00326538188e-07,1000,1.4061336517333984,740.8452010154724,0.145015874928,0.0813106,292,3.1721776432,1.00326538188e-07,-5,0.08559226989746094,-12.767,2.6381189823150635,0.0,-1.42029409067e-11
-14,0.4383571147918701,0.00557451462373,1.0848,-12.3446534915,5.3882597939e-08,1000,1.4330809116363525,743.2987020015717,0.147826942351,0.0813918,293,3.11351874894,-0.000361883081496,-5,0.0875556468963623,-12.749,2.450076103210449,0.000361936964094,-1.42038802595e-11
-23,0.43145084381103516,2.76514944275e-09,1.05342,-12.9934104341,4.50134294283e-08,1000,1.4100210666656494,745.8086879253387,0.251265279711,0.0520407,294,2.23924630177,4.50134294283e-08,-5,0.08565378189086914,-13.424,2.506474018096924,0.0,2.76514944275e-09
-14,0.43039870262145996,0.00771102914587,1.05342,-12.9930557982,-2.04086312294e-08,1000,1.4094226360321045,748.0170669555664,0.254552827705,0.0520382,295,2.20277642987,-0.000121571829368,-5,0.08543848991394043,-13.424,2.203855037689209,0.000121551420737,2.76546741063e-09
-14,0.4354524612426758,0.00549766747281,1.02101,-13.3215796337,4.25815578353e-08,1000,1.430429220199585,750.4010660648346,0.444957684545,0.0207939,296,1.43221646409,-0.000852911733091,-5,0.08684778213500977,-13.766,2.378443956375122,0.000852954314649,1.5504722839e-08
-14,0.4380183219909668,0.00283121480606,1.00361,-13.5204230077,-2.97546378647e-08,1000,1.4368317127227783,753.1290910243988,0.871072069629,0.00360746,297,0.4922103209,-0.00162611657288,-5,0.08748483657836914,-13.973,2.7233798503875732,0.00162608681824,9.47383838046e-10
-32,0.43400073051452637,0.00898624770343,1.01278,-13.634928982,-7.62939489363e-09,1000,1.4149746894836426,755.711394071579,0.755802900874,0.0127032,298,0.981784090317,-5.72309303284,-14,0.08667898178100586,-14.09,2.5788869857788086,5.72309302521,9.14649189721e-10
-41,0.43291234970092773,1.00580876961e-09,1.05559,-13.4125197093,1.12915039097e-07,1000,1.422093152999878,758.1972749233246,0.276775644158,0.0540999,299,2.54150821364,1.12915039097e-07,-5,0.08594822883605957,-13.856,2.481239080429077,0.0,1.00580876961e-09
