ProcessExecTime,StdReturn,EnvExecTime,ExplainedVariance,MeanKL,ItrTime,Iteration,MinReturn,Time,LossAfter,NumTrajs,dLoss,Entropy,MaxReturn,AverageDiscountedReturn,AverageReturn,MeanKLBefore,PolicyExecTime,Perplexity,LossBefore
0.07024931907653809,48.0404921799,0.9953558444976807,1.53612678133e-11,0.00906248763204,3.697216033935547,0,-315.0,3.6972129344940186,-0.0920620411634,24,0.0920620415269,1.33116,-114.0,-87.4188126122,-217.666666667,6.32080110474e-10,2.0898172855377197,3.78543,3.63442942408e-10
0.06208300590515137,56.9589886575,0.8731155395507812,0.503378415775,0.00801076646894,3.1754798889160156,1,-383.0,6.88484787940979,-0.034162171185,24,0.0341621844561,1.32416,-137.0,-86.7522514729,-214.583333333,-5.76508951688e-10,1.7998287677764893,3.75903,1.3271076682e-08
0.057195186614990234,40.7436240338,0.8162686824798584,0.72189855302,0.00643322896212,3.0746729373931885,2,-319.0,9.964514970779419,-0.0407492816448,26,0.0407492842881,1.33837,-133.0,-84.6210343659,-193.269230769,-5.08346385819e-11,1.7634766101837158,3.81284,2.64332622457e-09
0.06222128868103027,66.7723236819,0.8802478313446045,0.390111665116,0.00973329786211,3.2777822017669678,3,-500.0,13.246877908706665,-0.033142324537,27,0.0331423062108,1.32369,-147.0,-84.4221971143,-197.555555556,-3.51619844352e-10,1.866093635559082,3.75726,-1.83262045539e-08
0.058753252029418945,30.3787969113,0.8433437347412109,0.673045395823,0.007156860549,3.115894079208374,4,-251.0,16.375421047210693,-0.051001612097,26,0.051001641461,1.33725,-142.0,-85.253542008,-195.115384615,-4.96656105131e-10,1.7790472507476807,3.80855,2.93639672577e-08
0.05896496772766113,23.3391421341,0.8453443050384521,0.832601249474,0.00837206374854,3.1515440940856934,5,-234.0,19.53045105934143,-0.0332286544144,30,0.0332286630615,1.34071,-125.0,-81.554057904,-170.866666667,2.90805407532e-10,1.8121118545532227,3.82174,8.64706617421e-09
0.05779314041137695,30.0364362067,0.821418285369873,0.794187932052,0.00903744250536,3.0374200344085693,6,-270.0,22.572521924972534,-0.0177845302969,28,0.017784515222,1.31555,-145.0,-82.9147555974,-179.75,-1.0061369099e-10,1.7350702285766602,3.7268,-1.50748764582e-08
0.057367801666259766,25.4659031299,0.8127338886260986,0.791057845859,0.00799605157226,3.041651964187622,7,-220.0,25.617588996887207,-0.0210028663278,30,0.021002940653,1.31521,-114.0,-80.6722053018,-166.766666667,9.68750427099e-11,1.7312545776367188,3.72554,7.43252073221e-08
0.058838844299316406,57.3545619706,0.8392646312713623,0.209697068655,0.00862418767065,3.0358009338378906,8,-345.0,28.65796995162964,-0.0230660252273,29,0.0230660274055,1.27998,-95.0,-80.0922767562,-172.620689655,4.51047643679e-10,1.713557243347168,3.59657,2.17820339543e-09
0.05797600746154785,26.9943147365,0.830866813659668,0.664141448098,0.00713009340689,3.0321550369262695,9,-222.0,31.694807052612305,-0.0428423173726,31,0.0428423359756,1.30007,-109.0,-79.8744935373,-163.129032258,2.03513428332e-10,1.7109134197235107,3.66956,1.86030213456e-08
0.060279130935668945,30.2413160632,0.8478784561157227,0.712485077219,0.0073917824775,3.124756097793579,10,-258.0,34.82304501533508,-0.0198462456465,34,0.0198462442607,1.27672,-103.0,-76.8892353546,-149.852941176,-3.99632167636e-11,1.7511088848114014,3.58487,-1.38581668363e-09
0.057646989822387695,27.4224581491,0.8159377574920654,0.750010270675,0.00898107513785,2.9794228076934814,11,-222.0,37.80777192115784,-0.0275508016348,32,0.027550785533,1.25823,-108.0,-78.899075106,-158.40625,-1.11165514294e-10,1.6768999099731445,3.51918,-1.61017847944e-08
0.05771064758300781,28.2783540207,0.8177859783172607,0.673885313173,0.00937112234533,3.042649030685425,12,-240.0,40.855000019073486,-0.0302191264927,35,0.0302190971041,1.24751,-102.0,-75.88240012,-145.142857143,-1.37145156343e-10,1.7267961502075195,3.48167,-2.93886444069e-08
0.05942940711975098,28.706878931,0.8365402221679688,0.698446733882,0.00939617585391,3.053812026977539,13,-240.0,43.9132878780365,-0.017709678039,35,0.0177096752279,1.20533,-91.0,-75.0476280006,-141.971428571,2.31347579982e-10,1.7343943119049072,3.33786,-2.81109047151e-09
0.05722999572753906,33.2256617442,0.8073270320892334,0.644827940131,0.00805157329887,3.0179529190063477,14,-283.0,46.93596386909485,-0.0198820065707,38,0.0198820014223,1.17121,-87.0,-72.5128191654,-133.052631579,3.06665581817e-10,1.7238543033599854,3.22589,-5.14841858035e-09
0.05795001983642578,30.2480474576,0.8157045841217041,0.602575948869,0.00907781161368,3.0182571411132812,15,-281.0,49.95881009101868,-0.0234332513064,40,0.0234332705556,1.13077,-94.0,-70.9970177866,-126.575,2.01156286073e-10,1.716540813446045,3.09806,1.92491587114e-08
0.05703401565551758,66.4733012635,0.802152156829834,0.469053476088,0.00685416767374,2.9831700325012207,16,-499.0,52.946616888046265,-0.0170998871326,37,0.0170998252125,1.08233,-89.0,-71.633301468,-136.054054054,-6.84591688893e-11,1.693861961364746,2.95156,-6.19201898644e-08
0.0577082633972168,24.8914012069,0.8167951107025146,0.65337229039,0.00667303334922,3.0529470443725586,17,-225.0,56.003015995025635,-0.0264280010015,39,0.0264280398337,1.1083,-92.0,-71.4446425857,-127.461538462,-2.7520380419e-10,1.7470998764038086,3.02921,3.88322476397e-08
0.05930376052856445,43.7600562245,0.8258247375488281,0.392556918249,0.00750340381637,3.03281307220459,18,-362.0,59.050342082977295,-0.0223769284785,38,0.0223769835419,1.05414,-91.0,-71.5791784029,-131.289473684,-5.71779845693e-11,1.714625597000122,2.86951,5.50634524643e-08
0.059807538986206055,34.2288581047,0.8286516666412354,0.231289951807,0.00719975074753,3.056190013885498,19,-267.0,62.11107587814331,-0.0398823916912,39,0.0398823315667,1.06087,-83.0,-71.1610916027,-128.358974359,1.24232277243e-10,1.7380499839782715,2.88889,-6.01244849463e-08
0.06014418601989746,25.161755614,0.8338813781738281,0.623511883425,0.00830353051424,3.046830177307129,20,-215.0,65.16274785995483,-0.0352876745164,42,0.0352876860506,1.03479,-73.0,-69.2043059123,-120.071428571,8.54406198569e-11,1.700054407119751,2.8145,1.15341141083e-08
0.05841803550720215,23.6651190215,0.813209056854248,0.598301093299,0.00909055769444,3.0231800079345703,21,-196.0,68.19071507453918,-0.0391021631658,43,0.0391021635097,1.01883,-83.0,-68.6272008812,-117.906976744,-4.76603034816e-10,1.7225184440612793,2.76996,3.43895356636e-10
0.05735659599304199,23.5328207148,0.8021352291107178,0.650671906486,0.00769165484235,2.942335844039917,22,-203.0,71.13802886009216,-0.029552385211,42,0.0295523751157,0.99011,-87.0,-69.1075077548,-119.333333333,7.92204635225e-10,1.6507463455200195,2.69153,-1.00952863846e-08
0.06163597106933594,38.3839949166,0.8697028160095215,0.0923218295719,0.00834250077605,3.1221721172332764,23,-297.0,74.27514696121216,-0.0184190385044,42,0.0184190462992,0.94696,-75.0,-68.6240728314,-120.619047619,-1.17757734119e-10,1.762375831604004,2.57786,7.79481279523e-09
0.05697226524353027,20.806008251,0.8017663955688477,0.614431532866,0.0070232860744,2.977804183959961,24,-193.0,77.25757002830505,-0.0433500036597,44,0.0433500315361,0.936778,-83.0,-67.3331138304,-113.295454545,-4.51607445884e-10,1.6891772747039795,2.55175,2.78763412354e-08
0.059015750885009766,41.4940096215,0.8245425224304199,-1.46627974506,0.00687233218923,3.029788017272949,25,-336.0,80.29182386398315,-0.0182307790965,42,0.0182307919764,0.89896,-80.0,-68.1824143506,-119.761904762,5.47426340369e-11,1.7159488201141357,2.45705,1.28798678389e-08
0.05730867385864258,25.734236854,0.8037724494934082,0.34758467041,0.00654944824055,2.982172966003418,26,-216.0,83.27794790267944,-0.0270122736692,43,0.0270121878357,0.830001,-83.0,-68.2326798432,-117.069767442,-1.18363943646e-10,1.691009521484375,2.29332,-8.58335624798e-08
0.05637788772583008,29.0066162599,0.7942533493041992,0.580362782329,0.00650164345279,2.958228826522827,27,-230.0,86.23956489562988,-0.0293039418757,42,0.0293039525901,0.778391,-79.0,-68.554697412,-118.738095238,2.29790506068e-10,1.6813983917236328,2.17796,1.0714376053e-08
0.06095004081726074,62.6370905774,0.8418288230895996,-3.00982938099,0.00731870764866,3.0904691219329834,28,-500.0,89.33461403846741,-0.0219927541912,41,0.0219927473925,0.697851,-80.0,-68.5375488973,-123.902439024,3.19178100616e-10,1.7503635883331299,2.00943,-6.79865497233e-09
0.05675625801086426,37.5907072699,0.7970013618469238,0.0908007800121,0.00905133038759,2.9911348819732666,29,-267.0,92.33038091659546,-0.0412368066609,41,0.0412368114689,0.653377,-79.0,-69.0611341386,-122.365853659,2.17003220948e-10,1.712157964706421,1.92202,4.8079664694e-09
0.06219220161437988,31.4996716355,0.8605556488037109,0.471159510644,0.00989859178662,3.155032157897949,30,-217.0,95.48996996879578,-0.0405315123498,43,0.040531483639,0.67093,-74.0,-67.4098660689,-115.837209302,6.2136192025e-11,1.7855017185211182,1.95606,-2.8710836375e-08
0.05721855163574219,13.6435396008,0.8021566867828369,0.783329085701,0.00675657950342,3.0117549896240234,31,-140.0,98.50521492958069,-0.0927655547857,45,0.0927655307164,0.661554,-83.0,-66.8585070393,-110.822222222,1.99644424256e-12,1.7063124179840088,1.9378,-2.40692834552e-08
0.05851268768310547,26.9872176661,0.81520676612854,0.573758652862,0.00686734542251,3.0054008960723877,32,-207.0,101.51535606384277,-0.0374007821083,44,0.0374007716398,0.614736,-77.0,-67.1289714904,-113.909090909,5.23097176686e-10,1.7015964984893799,1.84917,-1.04685371483e-08
0.05980992317199707,37.586244272,0.8310401439666748,-0.387135322955,0.00398955959827,3.0621581077575684,33,-273.0,104.58106589317322,-0.0508143827319,41,0.0508143766162,0.566966,-74.0,-69.137172401,-122.609756098,2.04343431065e-10,1.7492859363555908,1.76291,-6.11570927234e-09
0.05944395065307617,28.4923629206,0.817103385925293,0.426184501436,0.00788938812912,3.0690438747406006,34,-203.0,107.65363097190857,-1.83674657345,46,1.83674655664,0.562413,-76.0,-66.2079580606,-111.52173913,-5.01233443639e-10,1.7533080577850342,1.7549,-1.68127467504e-08
0.058618783950805664,20.847831992,0.8150830268859863,0.607673653583,0.00651909783483,3.047666072845459,35,-182.0,110.70475101470947,-0.0491717532277,45,0.0491717379276,0.556348,-83.0,-66.8604136285,-111.888888889,-3.47805922951e-10,1.7434844970703125,1.74429,-1.53000900838e-08
0.05813026428222656,26.8084195361,0.8189122676849365,0.54246287125,0.00815539807081,3.024101972579956,36,-218.0,113.73339009284973,-0.0261139404029,45,0.0261139469994,0.529499,-83.0,-66.366120313,-111.444444444,2.57346616239e-10,1.7209529876708984,1.69808,6.59656151925e-09
0.05845284461975098,24.2179812801,0.8244071006774902,0.594886188255,0.00698406482115,3.059432029724121,37,-210.0,116.79746007919312,-0.0485250130296,45,0.0485250672623,0.48899,-77.0,-66.8279099115,-112.422222222,-7.58081583618e-11,1.7278516292572021,1.63067,5.42327533992e-08
0.05981850624084473,20.9751919583,0.8366339206695557,0.704963249045,0.00659326463938,3.088449001312256,38,-173.0,119.89050507545471,-0.046418607235,44,0.0464186288836,0.464811,-80.0,-67.4016862053,-113.636363636,2.6416476645e-11,1.7631134986877441,1.59171,2.16486331084e-08
0.0578916072845459,23.2827203342,0.8098611831665039,0.678410406257,0.00636911578476,3.0864059925079346,39,-210.0,122.98032903671265,-0.0651655420661,46,0.0651655285485,0.434905,-81.0,-65.8046827446,-109.043478261,1.09819084382e-10,1.7534427642822266,1.54482,-1.3517608366e-08
0.0605161190032959,21.953891075,0.8373184204101562,0.710861262973,0.00690930755809,3.0723378658294678,40,-172.0,126.06647300720215,-0.0259503219277,45,0.0259503241929,0.445995,-75.0,-66.5726937183,-111.266666667,2.35374830737e-10,1.7441747188568115,1.56204,2.26525975755e-09
0.058582305908203125,19.5226786748,0.8145592212677002,0.744246884443,0.0088659459725,3.066391944885254,41,-175.0,129.13625597953796,-0.0316025465727,48,0.0316025514039,0.431291,-73.0,-64.5307900923,-104.895833333,-7.80687250956e-11,1.7703220844268799,1.53924,4.8312243095e-09
0.058389902114868164,20.1012677233,0.8124532699584961,0.683991547945,0.00664163148031,3.0779199600219727,42,-185.0,132.2187750339508,-0.0323383808136,46,0.0323383787618,0.405307,-82.0,-65.5793514221,-107.934782609,-1.17045062878e-11,1.758237361907959,1.49976,-2.05184624846e-09
0.058652639389038086,22.3975748246,0.8165826797485352,0.610043933727,0.00697371782735,3.0510261058807373,43,-211.0,135.27440404891968,-0.025203678757,45,0.0252036906636,0.399257,-84.0,-66.2620921756,-110.244444444,1.45837758536e-10,1.7487154006958008,1.49072,1.19066410065e-08
0.05787372589111328,17.8900115274,0.8093757629394531,0.752386280197,0.00820998568088,3.0237250328063965,44,-155.0,138.30276107788086,-0.378664582968,47,0.378664593995,0.401939,-79.0,-65.3830077732,-107.106382979,-9.32969326795e-11,1.7232797145843506,1.49472,1.10270352849e-08
0.05757546424865723,31.3326864484,0.8006021976470947,0.371825419159,0.00791988894343,3.0028679370880127,45,-260.0,141.3102478981018,-0.345209568739,46,0.345209556418,0.363862,-70.0,-64.910702078,-107.956521739,-1.5982290491e-10,1.724132776260376,1.43887,-1.23205134983e-08
0.05894064903259277,15.9874450742,0.811516284942627,0.729914001242,0.00682947412133,3.054262161254883,46,-157.0,144.36902904510498,-0.051401540637,50,0.0514015528933,0.384312,-72.0,-62.9342427661,-99.96,1.06878284001e-10,1.7556958198547363,1.4686,1.22562644478e-08
0.06031012535095215,25.9752293466,0.8439507484436035,0.521434358154,0.00769923022017,3.145928144454956,47,-221.0,147.5195450782776,-0.0363755188882,47,0.0363754915371,0.355402,-70.0,-65.3783921665,-108.425531915,6.60318189016e-11,1.786414384841919,1.42675,-2.73511489013e-08
0.05848431587219238,27.1010363794,0.8115801811218262,0.559136613915,0.0075781904161,3.0184149742126465,48,-234.0,150.54243803024292,-0.350324511528,45,0.350324520092,0.346914,-68.0,-66.1854154237,-110.977777778,3.88973749044e-11,1.7197515964508057,1.4147,8.5639539904e-09
0.05815315246582031,41.9726354624,0.8148880004882812,0.083612293665,0.00885635521263,3.0628819465637207,49,-322.0,153.60993885993958,-0.430432468653,47,0.430432460198,0.3212,-74.0,-63.7848465838,-107.0,-2.79514911217e-10,1.761317491531372,1.37878,-8.45455971898e-09
0.0608518123626709,23.2833263545,0.8419475555419922,0.553957571334,0.00715741002932,3.116880178451538,50,-198.0,156.73136591911316,-0.0423672534525,49,0.0423672297992,0.354049,-79.0,-63.3925745522,-102.265306122,4.14573670532e-12,1.7832536697387695,1.42482,-2.36533850284e-08
0.05791282653808594,23.9736183126,0.7962338924407959,0.580011870461,0.00868052896112,2.998972177505493,51,-191.0,159.7340910434723,-0.0295343995094,48,0.0295343999853,0.320716,-64.0,-63.6833048369,-103.375,-5.55240610434e-11,1.7208030223846436,1.37811,4.75885386653e-10
0.059056758880615234,19.550019147,0.8179528713226318,0.698321153372,0.00917695462704,3.0916800498962402,52,-162.0,162.83051586151123,-0.0446638837457,49,0.044663888408,0.329117,-63.0,-63.386014682,-101.795918367,9.4475573198e-11,1.7646222114562988,1.38974,4.66234473251e-09
0.058289289474487305,15.6255442043,0.8093762397766113,0.78538294917,0.00917544588447,3.043030023574829,53,-136.0,165.87815403938293,-1.40281069279,51,1.40281071194,0.296876,-70.0,-61.8755796962,-97.137254902,2.9982369365e-10,1.7459783554077148,1.34565,1.91497040447e-08
0.057343244552612305,18.7930103901,0.8002102375030518,0.731025916332,0.00725199840963,3.0296390056610107,54,-167.0,168.9114170074463,-0.0665914788842,51,0.0665914834264,0.281649,-70.0,-61.9592734306,-97.8039215686,2.66789562664e-10,1.7428419589996338,1.32531,4.54220749901e-09
0.05801224708557129,18.8870456165,0.8098771572113037,0.694479262234,0.00778342084959,3.0469160079956055,55,-152.0,171.96292400360107,-0.0238043423742,51,0.0238043401267,0.270167,-66.0,-62.3321735989,-98.8431372549,2.94918478527e-10,1.747070550918579,1.31018,-2.24746510291e-09
0.057294607162475586,53.6534643281,0.8008451461791992,-13.0212533266,0.0074105639942,2.9803290367126465,56,-383.0,174.94661593437195,-0.0147876776755,46,0.0147876951271,0.232718,-64.0,-63.0890765739,-107.847826087,-1.08128013487e-10,1.6949470043182373,1.26203,1.74516490148e-08
0.05864143371582031,26.7158454854,0.8106451034545898,0.460323150146,0.00678836088628,3.0726051330566406,57,-230.0,178.02377605438232,-0.0560672618449,50,0.0560672546013,0.241418,-69.0,-61.9696544547,-99.06,-5.21434458112e-11,1.7558867931365967,1.27305,-7.2435786258e-09
0.05746006965637207,31.6830001736,0.7988259792327881,0.420020952024,0.00777883082628,2.9861209392547607,58,-227.0,181.01510000228882,-0.306003391743,48,0.306003468006,0.222454,-69.0,-63.4737259728,-104.25,8.19832396415e-11,1.6972639560699463,1.24914,7.62637384355e-08
0.05843400955200195,17.0882099828,0.8174211978912354,0.697061846401,0.00680894823745,3.075911045074463,59,-168.0,184.0956220626831,-0.119386859238,51,0.119386868169,0.251744,-71.0,-61.9156692932,-97.4117647059,-7.61680302164e-11,1.745267629623413,1.28627,8.93060203566e-09
0.05910491943359375,21.7405059739,0.8173022270202637,0.564697809135,0.0096752345562,3.0646848678588867,60,-179.0,187.16402888298035,-0.393410980701,50,0.393410986346,0.222284,-63.0,-62.4069390329,-99.52,5.93891325007e-11,1.7637989521026611,1.24893,5.64500801659e-09
0.06316375732421875,24.4513499037,0.8716559410095215,0.520920684707,0.00750689255074,3.2397282123565674,61,-195.0,190.40844297409058,-1.16638147831,51,1.16638147593,0.219615,-63.0,-61.331217485,-97.1176470588,3.58597700145e-11,1.850740671157837,1.2456,-2.38227992888e-09
0.06096386909484863,39.508913905,0.834855318069458,0.343347835747,0.00787225645036,3.07067608833313,62,-258.0,193.49329805374146,-0.077468290925,47,0.0774683363786,0.203445,-62.0,-63.5825311639,-106.361702128,-2.53644882875e-10,1.7379493713378906,1.22562,4.54535609151e-08
0.06610512733459473,36.7528284531,0.9338672161102295,0.351495604833,0.00897274538875,3.317636013031006,63,-263.0,196.81566405296326,-0.119924172759,48,0.119924178805,0.218744,-62.0,-63.272307466,-104.979166667,-2.6315150059e-10,1.8589539527893066,1.24451,6.04599881271e-09
0.06120777130126953,20.9941325136,0.8505053520202637,0.556821218085,0.00956267584115,3.096345901489258,64,-172.0,199.91606903076172,-0.223594516516,50,0.223594540148,0.235281,-63.0,-62.291455552,-99.08,-2.22112064852e-10,1.7501649856567383,1.26526,2.36322179603e-08
0.05977892875671387,21.4869920743,0.8254365921020508,0.621171115767,0.00678728614002,3.117464065551758,65,-168.0,203.03708004951477,-0.444364339113,52,0.444364340218,0.208743,-63.0,-61.4703966943,-97.0384615385,2.95461849431e-10,1.7969820499420166,1.23213,1.10487230476e-09
0.06366586685180664,15.7668970099,0.8804619312286377,0.744734131983,0.00664984807372,3.3425939083099365,66,-138.0,206.38304686546326,-0.0576899386942,55,0.0576899414163,0.194023,-62.0,-59.5795651034,-91.3636363636,2.39376019007e-10,1.9467689990997314,1.21412,2.72210187724e-09
0.06938552856445312,23.9858003562,0.9416699409484863,0.354841892787,0.0074049346149,3.7557120323181152,67,-235.0,210.14333486557007,-0.0261024013162,53,0.0261024263807,0.193944,-64.0,-60.5025249986,-94.6603773585,1.91122794674e-11,1.9714949131011963,1.21403,2.50645175726e-08
0.07007527351379395,30.3850555372,0.9538378715515137,0.276922174079,0.00611457321793,3.5115509033203125,68,-213.0,213.66033601760864,-136.667221069,50,136.667221045,0.191456,-62.0,-61.9030798245,-99.78,4.18488993459e-11,1.9958665370941162,1.21101,-2.39412187852e-08
0.061806678771972656,27.0988337331,0.8426229953765869,0.451750232097,0.0095726409927,3.1175739765167236,69,-203.0,216.79073405265808,-0.0336099714041,51,0.0336100077826,0.20268,-63.0,-61.5060933523,-98.0784313725,-1.26104612863e-10,1.766031265258789,1.22468,3.6378533963e-08
0.06078743934631348,27.4400475979,0.8311600685119629,0.523913654412,0.00710234185681,3.0878310203552246,70,-260.0,219.8820400238037,-0.144508078694,53,0.14450810033,0.188507,-63.0,-59.8702653669,-93.6037735849,-7.16038894844e-11,1.7409908771514893,1.20745,2.16355111604e-08
0.06182527542114258,26.7848912635,0.8433868885040283,0.297607719751,0.00774416141212,3.1470861434936523,71,-235.0,223.03252291679382,-0.0668165609241,50,0.0668165557452,0.194969,-64.0,-62.0773141097,-99.36,-1.93286719963e-10,1.761904001235962,1.21527,-5.1788808797e-09
0.060921669006347656,60.1071922982,0.8399486541748047,-4.30700775834,0.00920616369694,3.086517095565796,72,-500.0,226.12514400482178,-0.551285803318,48,0.551285808687,0.178752,-63.0,-62.1910842891,-104.479166667,-2.08690537074e-10,1.7093558311462402,1.19572,5.36936362039e-09
0.07765889167785645,63.4818317365,1.0066747665405273,0.360688521297,0.00922378711402,3.5922439098358154,73,-500.0,229.73045897483826,-0.0202743597329,47,0.0202742989827,0.189643,-64.0,-62.3364933824,-106.404255319,1.71542405281e-10,2.050549030303955,1.20882,-6.07502030903e-08
0.0615389347076416,16.1553246031,0.8462774753570557,0.642522556539,0.00680612633005,3.095207929611206,74,-143.0,232.8303439617157,-0.49034127593,54,0.490341291395,0.210563,-69.0,-59.8628880339,-92.0740740741,5.09631312845e-12,1.7390174865722656,1.23437,1.5464475922e-08
0.06097769737243652,29.1015394782,0.8370189666748047,-0.204157830075,0.0065799318254,3.0905728340148926,75,-239.0,235.92548298835754,-0.0657492056489,50,0.0657492021448,0.194833,-69.0,-61.7624583973,-99.02,3.73803722351e-12,1.7243256568908691,1.21511,-3.50405238159e-09
0.06450819969177246,26.0822265993,0.8746092319488525,0.564599985401,0.00848664157093,3.1837470531463623,76,-237.0,239.11268091201782,-1.27579534054,52,1.27579534815,0.197735,-64.0,-61.0632389833,-96.5769230769,-2.54002208155e-10,1.7641799449920654,1.21864,7.61210294797e-09
0.0635066032409668,15.9852349587,0.8607745170593262,0.690808245985,0.00868311803788,3.1135947704315186,77,-140.0,242.2304708957672,-0.051484528929,52,0.0514845185079,0.191701,-68.0,-61.6848993175,-96.6730769231,3.053960973e-10,1.7420389652252197,1.21131,-1.04211306251e-08
0.0628361701965332,14.6596153083,0.8478012084960938,0.772424250358,0.00745999300852,3.1410109996795654,78,-161.0,245.37534999847412,-0.520638167858,54,0.520638162273,0.167861,-65.0,-60.0446774158,-92.2777777778,-5.13650129375e-11,1.7749412059783936,1.18277,-5.58534685169e-09
0.06226348876953125,61.9198067985,0.8533337116241455,-143.955522787,0.00966849178076,3.0957579612731934,79,-500.0,248.47466588020325,-0.0157580208033,49,0.0157579950489,0.155249,-63.0,-61.0380667496,-102.244897959,-2.20300416798e-10,1.7303187847137451,1.16795,-2.57544385818e-08
0.06043291091918945,60.4530514414,0.8351550102233887,0.609958066288,0.00722175417468,3.0602269172668457,80,-500.0,251.5383710861206,-0.109251439571,49,0.109251405695,0.161605,-63.0,-60.8462340071,-101.142857143,3.17489819157e-11,1.7068421840667725,1.1754,-3.38760202112e-08
0.06198930740356445,13.8737399845,0.8449079990386963,0.697884355303,0.00692374492064,3.1312801837921143,81,-122.0,254.67420387268066,-0.0701153725386,55,0.0701153925249,0.174038,-63.0,-59.436496038,-90.7454545455,-1.56947425976e-13,1.7715086936950684,1.1901,1.9986337918e-08
0.06145977973937988,26.8033549863,0.8368418216705322,0.375624893021,0.00717360619456,3.155463933944702,82,-220.0,257.83478808403015,-6.5198469162,51,6.51984695929,0.165423,-63.0,-61.4520929072,-97.8235294118,1.96581431688e-10,1.7928597927093506,1.17989,4.30951025976e-08
0.06140542030334473,27.4504596808,0.8331902027130127,0.497380368985,0.00710165407509,3.0865249633789062,83,-267.0,260.92791199684143,-1.78230702877,52,1.78230704425,0.167611,-63.0,-60.986795689,-96.3269230769,-2.40645958022e-11,1.73526930809021,1.18248,1.5475302817e-08
0.058458805084228516,34.7709303873,0.80702805519104,0.490903810946,0.00937877129763,3.0191030502319336,84,-253.0,263.9504110813141,-0.0175784118474,50,0.0175784473325,0.160126,-63.0,-61.8824137926,-100.32,-2.45223258366e-10,1.7117862701416016,1.17366,3.54851188433e-08
0.05816793441772461,17.2305137348,0.8104310035705566,0.609743547005,0.00823080725968,3.0728330612182617,85,-140.0,267.0266869068146,-0.0133921634406,54,0.0133921787488,0.162835,-64.0,-59.7065348274,-91.8703703704,6.94655513667e-11,1.7807083129882812,1.17684,1.53082311272e-08
0.05880093574523926,15.7816896559,0.8068327903747559,0.742091650523,0.00673328060657,3.0643210411071777,86,-158.0,270.0944628715515,-0.597633898258,54,0.597633884762,0.167705,-63.0,-60.220176456,-92.8888888889,-1.38313333009e-10,1.7566981315612793,1.18259,-1.34962787612e-08
0.059153079986572266,35.9118276029,0.8205108642578125,-2.67926937415,0.0077674514614,3.06986403465271,87,-291.0,273.16951990127563,-0.0114839123562,51,0.0114839328814,0.156605,-64.0,-61.4109524747,-99.2156862745,-5.26449647764e-11,1.7465929985046387,1.16953,2.05251762253e-08
0.058647871017456055,31.0724989699,0.824918270111084,0.471747439218,0.00837507937104,3.0745837688446045,88,-255.0,276.25037908554077,-0.144335001707,51,0.144334993397,0.148634,-70.0,-61.5204595184,-98.568627451,1.98006555596e-10,1.7573332786560059,1.16025,-8.31037549887e-09
0.05877113342285156,24.7938542105,0.8201730251312256,0.475297394207,0.00746216112748,3.0614430904388428,89,-207.0,279.3166859149933,-0.593980312347,55,0.593980278288,0.151819,-63.0,-59.1646737945,-91.6545454545,1.032027519e-10,1.748034954071045,1.16395,-3.40597985371e-08
0.058535099029541016,62.6893134499,0.8088564872741699,-3.05616450097,0.00767971947789,3.036313056945801,90,-500.0,282.3564910888672,-0.0900410562754,49,0.0900410718131,0.147435,-63.0,-60.6634894571,-101.734693878,-1.89079446544e-10,1.732740879058838,1.15886,1.55377097855e-08
0.05919647216796875,16.8974153239,0.8183963298797607,0.509675342268,0.00636919774115,3.1067581176757812,91,-149.0,285.46800899505615,-0.0248111337423,55,0.0248111511739,0.151952,-62.0,-59.5898439262,-91.5090909091,-1.44018772602e-11,1.7968618869781494,1.1641,1.74315477608e-08
0.06116533279418945,12.5909826617,0.8455097675323486,0.804183628886,0.00820769835263,3.1603119373321533,92,-136.0,288.63294887542725,-1.01475858688,56,1.01475858514,0.148431,-64.0,-58.9925971959,-89.4464285714,-2.8233493321e-10,1.8211236000061035,1.16001,-1.74165593059e-09
0.059136152267456055,13.8863330982,0.8187894821166992,0.796935187947,0.00802916381508,3.110460042953491,93,-129.0,291.7480659484863,-0.036093890667,54,0.0360939323607,0.149965,-63.0,-60.1943291289,-92.6111111111,2.54713004161e-11,1.7985420227050781,1.16179,4.16937737668e-08
0.05684185028076172,20.0455103504,0.786243200302124,0.615717749631,0.00724435038865,3.0013630390167236,94,-157.0,294.75400495529175,-1.18752944469,52,1.18752943449,0.135293,-63.0,-60.8485056866,-95.1538461538,2.78358336381e-10,1.7330384254455566,1.14487,-1.02043156147e-08
0.058762311935424805,26.0543355772,0.8209428787231445,0.526456763847,0.00712071731687,3.1184120178222656,95,-209.0,297.8769850730896,-0.511194705963,52,0.511194684696,0.133259,-62.0,-61.2620076215,-97.3076923077,1.98397936968e-10,1.7966184616088867,1.14255,-2.12673842981e-08
0.058832406997680664,34.0238093105,0.814150333404541,0.325956514723,0.00772849051282,3.0489308834075928,96,-263.0,300.9316439628601,-0.0254208408296,50,0.0254208381391,0.139033,-62.0,-61.76365143,-100.02,-5.87130621899e-11,1.745530128479004,1.14916,-2.69052846669e-09
0.061414241790771484,20.3344885997,0.8395810127258301,0.564360389583,0.00916217081249,3.177976131439209,97,-173.0,304.1142358779907,-0.185113742948,54,0.185113718966,0.140502,-62.0,-60.3367615022,-93.9074074074,6.77702130525e-11,1.8411591053009033,1.15085,-2.39814195169e-08
0.05881690979003906,27.5539019946,0.8210501670837402,0.385651979297,0.00861367303878,3.0832438468933105,98,-232.0,307.20208501815796,-0.101167023182,53,0.101167098156,0.135688,-63.0,-60.3576155281,-95.0943396226,3.91597483607e-11,1.756331443786621,1.14532,7.49739328398e-08
0.058095693588256836,37.8895301381,0.8097381591796875,0.0396035959247,0.00999927055091,3.021646022796631,99,-344.0,310.2283499240875,-4.3656578064,52,4.36565785617,0.148162,-62.0,-60.0875080648,-95.6346153846,1.10647414842e-10,1.7260169982910156,1.1597,4.97713621428e-08
0.0659327507019043,22.4613904722,0.9393808841705322,0.400974068206,0.00662495614961,3.6497020721435547,100,-225.0,313.88254404067993,-0.31180614233,53,0.311806141447,0.132086,-66.0,-60.5215778021,-94.4905660377,-5.61331224558e-11,2.0749642848968506,1.14121,-8.83293493903e-10
0.06931948661804199,15.9072241614,0.9580352306365967,0.662102683045,0.00894362386316,3.5242109298706055,101,-146.0,317.41973090171814,-1.00042152405,54,1.00042156254,0.131746,-63.0,-60.1683705918,-92.8148148148,1.15374355902e-10,1.9782288074493408,1.14082,3.84971166056e-08
0.05783653259277344,21.5337150598,0.8151977062225342,0.641945584238,0.0070633967407,3.046658992767334,102,-193.0,320.4722740650177,-0.0284398999065,51,0.0284398928817,0.136086,-62.0,-61.9137308734,-98.1568627451,8.77306421954e-11,1.7509939670562744,1.14578,-7.02479097114e-09
0.05751824378967285,61.8285978347,0.815546989440918,-24.6557517759,0.00837403442711,3.0462019443511963,103,-500.0,323.52283000946045,-0.0121193910018,49,0.0121193775514,0.128666,-63.0,-61.1269726052,-102.571428571,-1.41279557497e-10,1.7262649536132812,1.13731,-1.34503981286e-08
0.057007789611816406,21.138728737,0.8144721984863281,0.307726617729,0.00815370958298,3.113408088684082,104,-176.0,326.6487798690796,-0.0330073311925,53,0.0330073399001,0.138371,-64.0,-60.3692661993,-94.0566037736,-2.39178565842e-10,1.8131005764007568,1.1484,8.70762573157e-09
0.05694460868835449,21.4442925217,0.8033149242401123,0.540502289478,0.00822260044515,4.3588831424713135,105,-182.0,331.01110100746155,-251.736663818,54,251.73666382,0.155425,-62.0,-59.657748755,-92.3518518519,4.42962194702e-11,2.5227062702178955,1.16815,1.4898204892e-09
0.07511091232299805,26.0102261019,1.2744028568267822,0.55244568068,0.00947983562946,1987.5880410671234,106,-234.0,2318.6044170856476,-0.303248345852,53,0.303248356117,0.131585,-62.0,-60.2965933162,-94.641509434,-2.17493884014e-10,1985.390379667282,1.14064,1.02653094913e-08
0.07927680015563965,13.7846085218,1.155637502670288,0.740203506226,0.00688138557598,3.9749011993408203,107,-129.0,2322.582603931427,-0.30841371417,54,0.308413742836,0.139647,-62.0,-59.8510024459,-91.7222222222,2.2030147151e-10,2.218865394592285,1.14987,2.86654646686e-08
0.07554483413696289,21.0800941737,1.2300093173980713,0.414011812017,0.00982287432998,4.396637916564941,108,-206.0,2326.9909958839417,-0.0118933562189,54,0.0118933530856,0.131361,-62.0,-59.5830631151,-92.0,8.80152339899e-11,2.3586103916168213,1.14038,-3.13333847757e-09
0.12019777297973633,20.7236784978,1.5978870391845703,0.482950267777,0.00601051561534,5.949196100234985,109,-181.0,2332.946841955185,-0.0228749997914,54,0.0228749802342,0.13546,-62.0,-59.7443735585,-92.462962963,-1.01034555722e-10,3.654874086380005,1.14506,-1.95572198436e-08
