AverageAbsQYDiff,StdEsReturn,StdForwardProgress,AverageReturn,AverageQ,MaxEsReturn,MinReturn,AverageDiscountedReturn,AverageQLoss,MinForwardProgress,AverageForwardProgress,MaxReturn,PolicyRegParamNorm,AveragePolicySurr,QFunRegParamNorm,AverageY,AverageAbsY,StdReturn,AverageAction,AverageAbsQ,Epoch,AverageEsReturn,MaxForwardProgress,MinEsReturn
0.226352206766,4.48482523353,0.0179523159348,-1.03046284399,0.231006,13.786577533,-12.9916996382,-1.03719223821,0.0782389,-0.0574766477197,0.000851194831656,8.31141126854,17.1173,-0.233837,18.6932,0.0153894332677,0.0653240303865,3.61781935711,0.980758,0.24474,9,-2.6814867779,0.0476133307298,-25.7272452384
0.039106132856,2.16386833081,0.00975709604776,-0.411820420972,0.0124246,3.87205155893,-7.30823913879,-0.416046514979,0.00350325,-0.0294264269189,0.00364329074081,5.69243022945,17.2782,-0.0236671,19.1156,0.0102831401487,0.0649225530462,2.04153074059,0.986343,0.061175,10,-0.955712450678,0.0328276284302,-4.49306609433
0.0171209710535,2.55160748551,0.0115565481924,-0.0534339158537,0.0244196,4.47303662752,-6.88832855432,-0.100567935563,0.000530586,-0.0253089315439,0.00732207715437,7.47182547346,17.3321,-0.0385609,19.5361,0.0245476260814,0.052736206221,2.4070598372,0.944273,0.0499814,11,-0.977399938578,0.0428015084945,-5.78112726191
0.016120512513,2.849690176,0.0104832263906,-0.16199068156,0.0332979,4.62000775111,-6.83244898782,-0.18847241083,0.000477314,-0.0245468682392,0.00779593655017,5.87013663045,17.2308,-0.0510182,20.0463,0.0334130455117,0.060522377476,2.19299101772,0.934352,0.0582302,12,-1.01132828559,0.0365426089849,-7.64050399505
0.0165965428503,3.59609721028,0.0113143292147,3.02028155375,0.038588,5.85617070513,-4.54742375432,2.50761254289,0.000545504,-0.0143116417425,0.0246391843268,8.88260625283,17.138,-0.0564685,20.6243,0.038652606616,0.0667861109725,2.35249987494,0.846556,0.0645442,13,-0.282133681772,0.0521310520331,-12.8530487436
0.0174198021454,7.41306726468,0.0125894160677,4.26246205465,0.0430398,38.2962540709,-3.49860171968,3.42904825282,0.000620134,-0.00923658836409,0.0298233547703,11.6241772519,17.0852,-0.0601262,21.3321,0.043127771688,0.0709931544144,2.48942513677,0.80839,0.0684658,14,1.95127289919,0.0669578314817,-11.0784074796
0.0182660623123,5.16546333671,0.0216660153235,5.48041223758,0.0484971,17.9457256188,-5.1676064662,4.06408101532,0.000700313,-0.0178368789288,0.0323956562724,18.6370939433,17.0606,-0.0616015,22.0044,0.0485617867167,0.0756960965531,4.70317038129,0.830887,0.0731061,15,2.83735167804,0.0945465471796,-3.60095674838
0.0192137122136,3.60178965454,0.0184808787708,5.01083273762,0.0519151,9.11854654622,-3.27712371924,3.84662450296,0.000810462,-0.00792383338542,0.0317446870282,22.9157643758,17.1616,-0.0649578,22.6361,0.0519840820812,0.0810667831323,3.86074630693,0.775768,0.0785652,16,2.31769256495,0.115308161206,-4.45154028185
0.0198995636113,6.42379634833,0.0176086465721,6.13664265211,0.0592236,20.706851561,-2.71668258786,4.76869726026,0.000832155,-0.00328829299076,0.0398898634702,18.0450006083,17.3193,-0.0711062,23.2569,0.0592715173268,0.0890905847328,3.65885234514,0.776502,0.0865716,17,5.21545693109,0.0971274119473,-6.94076625541
0.0207954111415,5.92859291589,0.0196168182002,10.8763669115,0.0652347,13.2621874196,-3.21862568424,8.59920427206,0.000947987,-0.00537945298095,0.0617886269651,21.9319227158,17.5084,-0.0779543,23.8249,0.0653258070539,0.0978689372252,4.08986181171,0.871154,0.0953313,18,4.30559650985,0.114927194889,-9.99881169131
0.0215474740603,6.99646125089,0.0197893400964,5.88922343759,0.0758971,28.1385365934,-5.93155158174,4.52782525641,0.000943278,-0.0186848750391,0.0395303522686,20.2780986811,17.6454,-0.0894654,24.4434,0.0759817500586,0.109078442543,4.25568483829,0.881902,0.106878,19,6.6375489742,0.106338412515,-2.3881764768
0.0230415019527,6.97540821367,0.0246398668281,11.2793011228,0.0881913,25.4557519523,-4.30009076641,8.58380023793,0.00116865,-0.00819296863937,0.0646848979839,23.5266269854,17.7907,-0.101295,25.0336,0.0883318063171,0.123031205402,5.28589799956,0.90153,0.120567,20,7.13379400994,0.121638111504,-4.02382521456
0.0246251589348,5.21180432449,0.0178144599084,13.1577768501,0.102933,17.6191138303,1.44099863316,10.2617484631,0.00129193,0.0152709683581,0.0721857962797,22.0514445071,17.9629,-0.118785,25.6664,0.102955937661,0.137936402122,3.72124583986,0.897569,0.135673,21,6.33193057374,0.113549096484,-0.883402635373
0.0259748605859,7.25592777247,0.0229157727491,13.6597067132,0.120418,22.2604140127,-1.34273266166,10.5164808242,0.00144597,0.00125635048818,0.0753807693574,27.5426404791,18.1322,-0.139405,26.2386,0.120500910426,0.153344866544,4.69901153141,0.941105,0.151146,22,7.77477070073,0.143803841365,-3.3393026677
0.0277619924677,7.16565242297,0.0239742860977,14.4154338766,0.140785,23.2091150795,1.72760272297,10.7204505366,0.00165992,0.0229685928806,0.0819581072346,25.9116553615,18.2687,-0.159806,26.8483,0.140908108771,0.170802378561,5.21113873821,0.944314,0.168749,23,8.10790786834,0.137331839611,-5.19617131441
0.0296397471229,6.18686734877,0.0252987405185,15.5074203882,0.162964,20.5863422579,2.91308866069,11.3642351262,0.0019428,0.0245154598976,0.086785391582,32.2321767474,18.3797,-0.183931,27.3812,0.163072020252,0.192024154182,5.25972169999,0.937292,0.189866,24,6.54204157992,0.169163387527,-5.65981908754
0.0319679919186,8.94525240626,0.0232358893694,14.4175653105,0.183194,25.5957610048,-3.48342107523,11.0419643239,0.00234855,-0.00278671454864,0.078927416808,30.7561194495,18.3996,-0.204241,27.8979,0.18331695097,0.211783648995,4.76410962103,0.953573,0.209488,25,6.41256390175,0.159595929411,-20.3853200184
0.0327712389807,7.16103369116,0.0234007651987,15.3258078549,0.209421,19.1631099835,1.38811650685,11.6025637171,0.00231752,0.015579509889,0.0841328664347,28.3786025518,18.4421,-0.232337,28.4233,0.209467054026,0.235837884157,4.78190237243,0.93435,0.233867,26,7.38511215354,0.150036460835,-13.3228077607
0.0344082533746,11.4012353625,0.0241001585836,14.5175011742,0.233568,28.7664403169,2.13681161269,10.9252636293,0.0027523,0.017157811916,0.0805965498052,26.9478798299,18.4792,-0.256812,28.987,0.233753553167,0.259328119304,4.81048849663,0.941562,0.257082,27,5.81277688845,0.142638463855,-16.7735075413
0.0372132053527,10.3580340733,0.0219813263185,14.7728171642,0.258557,28.1432650069,1.3347953498,10.9780568647,0.00318663,0.0152729238162,0.0819392047097,26.6841636777,18.5205,-0.283004,29.4986,0.258658145114,0.281818479816,4.43967927589,0.948468,0.279802,28,9.49537176188,0.138777761956,-16.3001156409
0.0388169193615,9.99161643742,0.0247342252343,16.5403520322,0.283998,40.0229770498,3.01628355222,12.4133944911,0.00330758,0.022922386044,0.0902989925435,32.7159220364,18.5877,-0.308305,29.9666,0.284121800441,0.306281843838,4.92341485799,0.953865,0.304454,29,12.7904963721,0.170946501337,-6.98554583722
0.0420624313044,17.2772055865,0.0250447474435,16.27496165,0.312907,25.9522946996,4.38102458244,12.2568307098,0.00410345,0.0292383436033,0.0887470510303,31.0176553716,18.5741,-0.340098,30.4401,0.312973193781,0.337107367948,4.98257989407,0.956265,0.335146,30,7.71510316242,0.161794985929,-68.0995900695
0.0435726844382,9.8852124207,0.0260825396483,14.8509978119,0.343395,41.2369437185,-0.00926059161132,11.4971335988,0.00431845,0.00957454864035,0.0798883668834,29.7218168062,18.56,-0.373418,30.8475,0.34351397209,0.365171546611,5.28171684903,0.962987,0.363382,31,10.4426092334,0.153975972485,-8.23582266003
0.0457705619849,16.3835427422,0.0236927437135,15.5177719143,0.377645,72.9923671516,3.0764975417,11.923360906,0.00461068,0.0226148829919,0.0836299891014,29.5484636755,18.6627,-0.409258,31.3675,0.377792120503,0.39816924865,4.75530301536,0.960639,0.396639,32,12.4556969232,0.154167463369,-13.7834299095
0.0474848429783,8.33581044648,0.0236645045771,17.4773225233,0.406682,26.774031499,4.62715562267,13.3022359605,0.00496274,0.0293111849282,0.0932963378677,29.7509450758,18.7274,-0.439021,31.8321,0.406797698626,0.426356529973,4.72031934312,0.949045,0.424958,33,8.21264562047,0.154120902036,-14.0318483272
0.0495193158976,9.27086865012,0.0260501691053,17.4693316935,0.442697,47.4734242489,4.89518338298,13.3294921729,0.005483,0.0307408732861,0.0936450752652,28.3095760985,18.8236,-0.478567,32.253,0.442917661977,0.461049666097,5.17565362345,0.954878,0.459598,34,12.9583090395,0.147445257786,-3.01530782466
0.0518533921904,5.14637650921,0.0279701953615,17.6536233101,0.481898,17.6485225339,1.083792703,13.4249689335,0.0059778,0.0122022512096,0.0942832018731,30.1302716506,18.8984,-0.520342,32.6824,0.481949089979,0.499446687546,5.63989787656,0.961688,0.498282,35,8.90883260231,0.156375751382,-1.86522255366
0.0536224557299,6.75051858585,0.0201883202595,15.6077926793,0.512404,17.8613751326,4.07860875411,11.6871396102,0.00626344,0.0270008080868,0.0864193530402,25.4209463797,19.0052,-0.548998,33.1025,0.512273776801,0.529080001695,4.03843452814,0.957792,0.527977,36,6.53805816717,0.135357626217,-11.8064130996
0.0541998220038,7.98396489845,0.0298705843124,15.7094241882,0.541645,28.6616281439,-0.380478968188,12.0459438028,0.00625358,0.00619415128106,0.0845615437842,31.1032331601,19.099,-0.57892,33.593,0.5416406318,0.559676833363,5.90295396586,0.923457,0.558672,37,8.94760888509,0.163465311877,-7.10856404257
0.0578360616368,9.28004244703,0.0263143467128,14.0032190176,0.575512,43.0607810896,3.13506806775,10.9689030536,0.00737086,0.0223220054532,0.0758064578538,30.9154156691,19.1987,-0.614784,34.0594,0.575378410129,0.592375605612,5.23985868693,0.942502,0.591615,38,9.67775684296,0.162082660245,-3.20536726853
0.0581787725387,6.32437758109,0.0275310194254,15.3595517138,0.608671,23.0908564305,2.77661693,11.8281848909,0.00715689,0.0209460929691,0.0826668074594,36.2047742279,19.2853,-0.649208,34.5268,0.608498261531,0.624358903698,5.51295765562,0.922123,0.623985,39,10.3067483633,0.186606151769,-3.3065247191
0.06036021806,7.09053701112,0.0222234263251,15.8398138784,0.6433,24.6450701214,1.65028043851,12.2434569748,0.00776214,0.0155525686518,0.0846583894662,32.9325528969,19.3678,-0.68516,34.9917,0.643186963166,0.658748408037,4.47182600171,0.915398,0.657819,40,8.59346998146,0.170748312748,-3.15552049208
0.0614753516348,8.8520596935,0.0250676239907,18.9724133105,0.673882,31.493146753,4.76722209741,14.1729608426,0.00811295,0.0326138381318,0.101852957668,31.8189602081,19.3855,-0.716497,35.3324,0.673774674023,0.68845712613,5.10839641444,0.923829,0.687612,41,10.0481706786,0.164889229755,-9.68110597749
0.0632807031534,7.58725757307,0.0234960577205,14.6394415598,0.704771,24.8336429972,4.02683764654,11.4147486797,0.00931919,0.0266261339865,0.078446669339,26.5822025194,19.396,-0.745605,35.7267,0.704696114506,0.720378351634,4.75664328326,0.919797,0.71906,42,10.3952003831,0.137185395106,-10.2717338262
0.0653099313248,7.24176304244,0.0236048389815,17.2172105706,0.735207,24.5965287089,6.10820580085,13.0425979068,0.00916057,0.0390293996822,0.0929781890247,33.6517212195,19.4818,-0.779082,36.1566,0.734887989125,0.750721490105,4.87313491014,0.902713,0.750085,43,9.49351299901,0.172887624709,-6.11385779279
0.0666036162643,6.51633258146,0.0233549510946,15.4937806862,0.76451,18.7285385141,4.08840532745,12.0765336197,0.0101023,0.0299492468846,0.082134566598,34.0528755882,19.5915,-0.808202,36.5496,0.764403066805,0.780058374041,4.7355772775,0.859799,0.779067,44,8.23960304329,0.1733011581,-4.88162228846
0.0668199026465,8.21356146094,0.0236820357223,17.157730275,0.795651,25.194086915,4.67401814746,13.045645959,0.0103262,0.0306073987875,0.092099273843,29.4084840354,19.6211,-0.845816,36.9613,0.795639054157,0.81073006393,4.82561451889,0.916757,0.809775,45,10.0153922301,0.153006649881,-11.2976999655
0.0710744010699,10.4009627887,0.0190582357666,20.1634397167,0.835454,40.5384816646,9.37070945315,15.1697607774,0.0109794,0.053339380863,0.106330520025,31.8031911481,19.6872,-0.885192,37.3498,0.835111921769,0.848869377749,3.87760459916,0.892884,0.848232,46,10.6232181034,0.164026668278,-7.73949346587
0.0726334530978,18.5713882774,0.0708821766922,23.6019822422,0.877492,65.642880302,-6.99382436435,16.858790065,0.0121723,-0.0272452972677,0.120305525672,70.5260873462,19.8479,-0.965165,37.843,0.877133166018,0.888885288691,14.4210089078,0.824741,0.888605,47,18.3878711532,0.353709328224,-7.49770137205
0.0768307899249,32.8419638782,0.0666129657339,19.1410988053,0.927735,114.659051561,-2.32817372697,14.1671811957,0.0144768,-0.00781804708584,0.0991658664961,56.8845621127,20.0642,-1.01444,38.2901,0.927351371387,0.939759949383,13.3042427604,0.812178,0.939196,48,33.685019518,0.28634739743,-7.26825884578
0.0777024885742,24.0446405843,0.019452591726,7.596846372,1.03021,124.464930961,-2.3848427373,6.15196216325,0.0150962,-0.0069873719905,0.0417775807703,25.334240402,20.3067,-1.11999,38.7298,1.03037804371,1.04006901991,3.97957309533,0.823255,1.03919,49,13.4481943138,0.12947289369,-5.53523510094
0.0822240558372,11.9090404029,0.0458486658312,16.3559694998,1.104,62.7680605157,-2.27556933427,12.4426122546,0.0173132,-0.00748600691517,0.0863511765449,50.242291378,20.4748,-1.1967,39.1711,1.10371784955,1.11347543938,8.96200249045,0.817619,1.11326,50,10.3624487897,0.258050686529,-1.68918248242
0.0854948572306,21.6087286168,0.0735283424822,22.0029796481,1.1759,103.915258115,0.0543666406482,15.8410977319,0.0181187,0.00384669431439,0.113729306469,113.777865447,20.5828,-1.27363,39.5092,1.17583593932,1.18427989248,14.5408908261,0.825797,1.18428,51,13.5274084729,0.583094246362,-1.60584261342
0.0892359788806,36.4036175631,0.0609570112577,15.8718687732,1.2589,154.796029984,-6.37443057489,11.7404852529,0.0196756,-0.0268883466291,0.083741603099,61.8901550965,20.7092,-1.36927,39.9857,1.25854354928,1.26640740816,12.0568617396,0.832717,1.26663,52,22.164887982,0.31731452331,-0.760450911849
0.0887816405653,27.2717952883,0.216566337398,60.8702594021,1.32683,73.3842398465,3.71596608128,33.4765026555,0.0198618,0.0243546856207,0.319684700105,207.712153456,20.823,-1.43144,40.2434,1.32685899385,1.33413754856,41.4495058817,0.848219,1.33413,53,18.2809216031,1.0763374684,-38.8829599216
0.090198328848,66.3742599498,0.444758850245,149.71353667,1.40035,205.773545659,32.4492102778,68.4067713932,0.0198416,0.172872852398,0.777802441516,336.419210062,20.8839,-1.5053,40.6632,1.40056151501,1.40865871449,87.8632331143,0.827391,1.40856,54,44.5026627464,1.71262081643,-22.5639567506
0.0934004481207,36.731827937,0.351936053084,135.174755591,1.4699,147.437436765,19.966972817,62.0094914088,0.0213591,0.111297805899,0.700822061945,272.802100713,20.9504,-1.56861,41.0797,1.47025319736,1.4773951121,68.0799415408,0.865756,1.47756,55,78.8414427812,1.40148349103,50.0776005135
0.0947188104429,60.5830734038,0.191968029625,73.9938048997,1.53024,114.325201284,32.5761842706,41.7592154313,0.0233781,0.17250597496,0.38017143433,207.705881794,21.0456,-1.62359,41.5351,1.53035519011,1.53798984748,37.1258854105,0.840308,1.53818,56,24.5352600838,1.07762745501,-52.2231050796
0.0954819444103,31.4487525701,0.347783436718,125.570451189,1.59331,92.0526399458,43.5259719846,60.5430521528,0.0233577,0.22431419483,0.646178781329,295.533813766,21.1414,-1.6867,41.8882,1.59334430854,1.60027686054,67.2978796504,0.821493,1.60078,57,39.0250096893,1.51110578877,-14.4811076135
0.0976843628964,88.7858171678,0.364194588283,114.531485461,1.64703,182.635451892,47.9410543658,53.8889951779,0.0247738,0.247921495936,0.586836068643,300.95106946,21.1728,-1.7322,42.2804,1.64718657732,1.654989918,70.8723531792,0.801238,1.65516,58,82.8966021315,1.53454408979,-47.2924804113
0.0961355698905,77.6305068753,0.101561012414,33.3951914784,1.69651,198.034551875,-23.1309779432,30.756973877,0.0237779,-0.064101055963,0.204070388122,80.692451333,21.2537,-1.77831,42.6421,1.69655817517,1.70294979551,21.0376505441,0.746014,1.70351,59,73.4338897372,0.439554630717,-19.7953033159
0.0997997456648,66.5627839244,0.0816381293508,9.38426459875,1.74469,123.542735547,-29.9500057407,18.9254244223,0.0259468,-0.129731005183,0.079761604945,52.0556092747,21.2938,-1.83196,43.0133,1.74479982912,1.75340745136,16.1889486268,0.756572,1.75403,60,10.9933674255,0.294137871616,-61.108846213
0.102159882426,55.2446554229,0.187130571977,26.8982905916,1.7866,123.579806279,-35.7016498526,14.2114172479,0.0260867,-0.156996302255,0.169642235605,133.079971101,21.348,-1.87673,43.4647,1.78637033345,1.79626922755,37.5026180745,0.777432,1.79748,61,48.3877534163,0.689211737554,-22.7656784535
0.103586821816,29.3244698546,0.0305502592289,9.84571254761,1.82905,33.7589505255,0.368905058037,7.16111938171,0.0271354,0.0147424194306,0.0662006235752,26.4950190364,21.4731,-1.91778,43.7921,1.8292243892,1.83945885595,5.82598154691,0.785927,1.8404,62,-7.48278074327,0.153456219002,-66.5187769579
0.1065627105,21.6389119665,0.0427488785129,5.38534431876,1.86836,44.888847858,-16.6981141725,4.17241467886,0.029181,-0.0603157572005,0.0443304101831,25.658571494,21.5311,-1.9571,44.124,1.86825126552,1.87789264053,8.85200573715,0.79776,1.87883,63,7.0356154457,0.143181541718,-41.965703212
0.110166497643,48.0615402524,0.0435564254205,7.34135600673,1.9232,120.40126788,-14.1619481309,6.33967024281,0.0312325,-0.0482849423018,0.0555284849617,28.633356702,21.5949,-2.01874,44.4559,1.92285376267,1.93306276223,8.9332415081,0.796664,1.93416,64,8.03483722871,0.16072400255,-62.5399448048
0.11257701441,37.8476540641,0.0208858786527,6.65667029231,1.98128,68.1335958421,-7.50078910436,5.3156176227,0.0333998,-0.0174086261532,0.04824551921,21.0882323095,21.6996,-2.07736,44.8202,1.98122653047,1.99046591847,4.21630320096,0.736607,1.99099,65,17.6048933307,0.123112358874,-42.5840496185
0.115104743329,57.9450311166,0.0376866407714,8.00719843606,2.01512,128.535699711,-9.67241826787,6.10677878827,0.0343498,-0.00828964601083,0.059828893723,53.3772080691,21.774,-2.10882,45.1584,2.01525684943,2.02615237119,7.30574263459,0.761215,2.027,66,12.2900299985,0.304018481387,-51.9502272204
0.120411736232,30.2450126775,0.242043789835,21.2747637972,2.05913,34.1064099749,-69.7886540611,7.70654308361,0.0385991,-0.312793899729,0.134384375109,117.05066532,21.8646,-2.15701,45.5014,2.05892592173,2.06948593455,48.2697938619,0.784928,2.07015,67,-4.51733813809,0.61235292955,-49.3692082085
0.118825057358,22.5720367099,0.0379758615349,14.408650604,2.10021,51.8321152367,-3.12793151848,9.4055525966,0.0367707,-0.0021537398813,0.0879660253689,35.0020319412,21.9401,-2.1897,45.9781,2.09985584695,2.11122155365,7.44985744714,0.796666,2.11217,68,6.35608985787,0.195506122412,-21.3044349252
0.121499339182,56.7336392561,0.386717865154,75.5912337044,2.13687,134.006386278,-10.0501598576,21.1449294827,0.0381837,-0.0283645501927,0.404811743241,202.548791049,22.0196,-2.23339,46.3483,2.13677167282,2.14760388605,76.5541603366,0.78527,2.14863,69,9.4583949392,1.04337423401,-47.0933520268
0.126644850663,81.5149948662,0.185008793727,42.4435966198,2.19365,200.701707558,-27.8178839438,20.5604194985,0.0435488,-0.121091361299,0.226740428224,118.1211547,22.1013,-2.29068,46.6704,2.19363826034,2.20423199848,37.2110434582,0.761175,2.20486,70,65.5312568167,0.603183434643,-21.9523184734
0.126513441684,22.9420302138,0.240543711799,26.6695103391,2.22382,31.6990445515,-41.2481684971,11.6958605432,0.0421684,-0.189964895907,0.151335900094,144.663357402,22.281,-2.3127,47.0086,2.22375562663,2.23340355872,47.8691035056,0.823399,2.23444,71,-5.13259935515,0.759523945446,-41.2310246307
0.129921197867,58.5135138357,0.216981167873,32.2703870084,2.249,118.451735724,-40.8154995487,15.7790545253,0.0424007,-0.188310835265,0.179680530261,143.090320901,22.3799,-2.34597,47.4547,2.24929216944,2.26140489932,42.7479209747,0.842645,2.26267,72,-0.66366433559,0.751181226668,-56.4375216127
0.130758800015,40.1054092628,0.218151532259,33.0882324481,2.28181,68.2630476257,-23.2943761444,15.2891809914,0.0424814,-0.100111803113,0.183078804455,160.408131127,22.4384,-2.37655,47.7442,2.28171132677,2.2940133373,42.8524312118,0.828889,2.29558,73,1.8836678128,0.844371878106,-51.9770694395
0.136133669933,34.3221397191,0.306649776904,62.2125623126,2.30972,73.7511662532,-21.553173238,25.4506375549,0.0499052,-0.0933780572029,0.335974814138,232.438736517,22.5335,-2.4017,48.0744,2.30961849611,2.32091516918,60.2007419884,0.847465,2.32274,74,21.0513652075,1.19603528545,-22.0095356476
0.13730044857,19.0850127865,0.327551576552,81.6681922519,2.34575,29.3073666468,-1.0305492214,36.3723721926,0.0499926,0.0126846943001,0.426571423969,266.138377025,22.6308,-2.44194,48.3922,2.34588442674,2.3589186642,63.9035359794,0.817839,2.36011,75,2.50125525534,1.36494199794,-32.5000895994
0.141157199879,60.9655264842,0.441726312723,132.278490976,2.38376,195.644398581,-2.74792608916,48.8800087234,0.0510943,0.000789016821166,0.691900950573,287.715709753,22.7589,-2.48068,48.6597,2.38388750388,2.39629691176,87.9105525273,0.84955,2.39763,76,63.8550757182,1.46996080437,-13.6299069997
0.144332519754,78.93086346,0.376441628981,213.215173218,2.43193,243.23613582,53.2656861923,74.3333728445,0.0529388,0.274271385254,1.09740671799,322.765080817,22.8263,-2.53318,49.0464,2.43161946713,2.44504356223,74.7435773174,0.87819,2.44647,77,58.1434761953,1.64458734458,-2.09617133971
0.146267701832,96.3167266884,0.5473295005,192.373940332,2.49982,273.724417187,36.6238996818,67.5961853637,0.0545468,0.190706309708,0.985813126164,339.021854574,22.8922,-2.60883,49.4192,2.4997621942,2.5134000961,107.632863444,0.880281,2.51497,78,111.792717681,1.72281474204,0.0982514557966
0.149457713727,79.9312545043,0.508931120109,201.602937711,2.55362,269.819752062,35.2764268539,70.5171355828,0.0555389,0.184834221536,1.0337745836,309.20155544,22.9883,-2.66873,49.7521,2.55366364128,2.56659604905,99.8612149554,0.877332,2.56783,79,78.4724362227,1.58172914133,21.9619584035
0.153150851382,91.4484435781,0.358128137136,172.330584495,2.62427,251.221347703,38.3199716534,69.9820588695,0.0597217,0.1990112514,0.888203922793,278.747672417,23.0569,-2.74254,49.9513,2.62445585368,2.63901956082,69.172314643,0.875672,2.64041,80,84.5573451825,1.43630262843,3.15480922905
0.158542260402,59.8215383047,0.274170807319,181.497773933,2.6946,207.960209804,36.6132438288,73.6678776378,0.0637223,0.18943523469,0.945487367333,243.388131786,23.1288,-2.81789,50.3125,2.69457824419,2.70787982077,52.6923880848,0.84205,2.70875,81,42.5570343888,1.2638034746,-1.44157406879
0.159382577525,90.6294635966,0.278588431564,150.955738078,2.77741,262.482802871,41.6157740103,59.6189137128,0.0638064,0.215410071749,0.776596395562,254.447342916,23.178,-2.90512,50.689,2.77726787777,2.79177395824,55.1011208186,0.787736,2.79323,82,101.027524393,1.29556720485,1.7581755599
0.158993437222,77.3905605503,0.281315445355,140.184022554,2.8568,225.520076888,33.1951151593,61.8228921531,0.0600847,0.171119992595,0.720322115718,382.124768926,23.2406,-2.99001,51.006,2.8572184388,2.87231525679,55.7101757424,0.824886,2.87357,83,95.6136570583,1.93709936116,18.4645774062
0.162815857302,78.7402828015,0.386755994444,142.576292171,2.93234,215.935643916,29.1782476083,59.4786014077,0.065587,0.154805779058,0.73949883765,288.145816493,23.3408,-3.06661,51.3683,2.93243256977,2.95033636468,76.1325684288,0.846558,2.95191,84,85.3885221153,1.4664280373,11.5939565664
0.166859265975,106.152116497,0.469470510411,241.209327781,3.02456,303.368704357,-2.96011668121,80.4310662049,0.0675751,-0.00472311460495,1.23998715625,397.912490628,23.4188,-3.15807,51.7046,3.02459949983,3.04169595782,92.9785680235,0.828867,3.04323,85,166.195621038,2.02113131512,51.422146763
0.170915189433,87.9337203187,0.507498744397,189.882127822,3.1052,201.739522999,42.8664725968,70.3950939155,0.0706875,0.222347094673,0.975546392991,393.060954335,23.5009,-3.2468,52.0129,3.10539358854,3.12284139109,100.436035073,0.839541,3.12461,86,102.948797114,1.99630876035,-2.87077181982
0.171404843487,116.45414002,0.57840936293,233.169961474,3.19497,342.542660403,20.2868574399,82.9807015105,0.0750601,0.110150867055,1.19904614009,457.08008369,23.558,-3.33068,52.4318,3.19496659438,3.21185225591,114.447713475,0.855785,3.21334,87,127.901334498,2.3128973429,4.86813264168
0.175671277177,107.652924906,0.444621101516,264.686325427,3.26663,326.501119999,44.9176902161,84.1014416253,0.0800835,0.235674857146,1.35420276847,415.026929155,23.635,-3.39996,52.801,3.26669711105,3.2816655089,88.7374546859,0.846214,3.28288,88,144.151396415,2.10357503579,1.17007488904
0.17219749497,117.55812701,0.504239213652,242.155808323,3.34375,312.331217316,10.9360678754,84.3747894346,0.0773531,0.0650528783828,1.24379969859,447.026296545,23.711,-3.47788,53.1158,3.34356262515,3.35972474082,99.2178909798,0.855413,3.36097,89,158.670961666,2.26017228518,-10.4889847791
0.173737954235,71.5415348075,0.204510820027,204.977430641,3.42376,188.938667866,46.9982078754,77.2790965588,0.0751771,0.244964280388,1.06548082024,260.739532166,23.7878,-3.56115,53.4947,3.4238357878,3.44003692247,39.3157054096,0.83955,3.44144,90,56.5742481424,1.34978995096,-11.8083293214
0.175598513802,95.351878961,0.175923435678,58.495742022,3.47666,224.100504546,12.0102052004,32.1282626532,0.0780354,0.0725966623085,0.306898267794,130.871019174,23.8911,-3.60641,53.8684,3.47725858894,3.49201163326,34.196112326,0.816409,3.49254,91,90.3169745214,0.676187584953,-26.5620108469
0.176734796195,59.053474593,0.265920248578,175.245451704,3.547,175.53712394,33.9029101388,70.5427980764,0.0795314,0.180256892122,0.914157769337,287.872838121,23.9711,-3.67922,54.2042,3.54715066545,3.56538665809,52.9595999446,0.849076,3.56667,92,67.8340305811,1.46995570806,-6.63811335564
0.18094856259,57.1067534526,0.270431020503,72.9877114407,3.60273,196.647806999,17.3884095767,36.3958596632,0.0847465,0.0988362399392,0.383408713212,193.202206003,24.0442,-3.73409,54.6566,3.60272283481,3.61968746467,52.306910222,0.845895,3.62106,93,83.1717978095,1.00339921063,7.26072297378
0.180651576502,78.5769136652,0.259708489515,180.985228711,3.65292,221.941242577,41.1246525712,73.0646563118,0.0850972,0.215010578041,0.941829136737,307.699787569,24.1113,-3.788,54.9991,3.65285947055,3.67084382542,52.0220940895,0.846101,3.67188,94,131.283931734,1.57090315874,22.8199053323
0.186577956203,69.0351988306,0.326063263721,136.159452176,3.71494,238.709086933,21.6487882716,58.8689583997,0.090491,0.120754282585,0.710370295283,252.851981291,24.18,-3.84847,55.4221,3.7152473999,3.73131103938,63.1568838144,0.841343,3.73235,95,52.1225058728,1.30703063872,-1.60966784924
0.187116632592,57.4065980486,0.17796802541,88.473030731,3.78712,184.356043442,18.2541524058,47.0813717576,0.0914429,0.099208138964,0.46524135343,187.78301772,24.2266,-3.92474,55.9064,3.78752436715,3.80334338346,33.9879558414,0.870266,3.80465,96,54.2024419331,0.958373152411,-5.42317422925
0.19216630492,30.7231665866,0.214421861856,99.6220313588,3.82882,140.884085301,29.6494940764,50.8721043812,0.09778,0.162074446382,0.522907027021,225.688841567,24.3003,-3.97203,56.2159,3.82868840889,3.84332106513,41.1256740732,0.878502,3.84478,97,93.1657947041,1.15143793967,61.278979599
0.188934004995,71.1477823034,0.29695721956,120.69831814,3.9029,165.979051944,20.8168394324,54.7957692532,0.0911385,0.115855312976,0.629092397982,225.55541816,24.3756,-4.03933,56.484,3.90267903742,3.91756739998,57.6232683403,0.840082,3.91919,98,64.8052240878,1.14420338489,-10.6998641912
0.192417043602,63.061737465,0.189114486026,72.5192287432,3.9469,202.477670807,9.51826050495,39.3658520808,0.0961589,0.0631509250302,0.376708680398,251.678665239,24.4464,-4.07484,56.7924,3.94665286245,3.96169339937,37.1832216322,0.848403,3.96362,99,60.9280524842,1.27906459811,-3.56735577779
0.196111278403,51.4170779748,0.386029990387,119.442176685,4.00662,160.685621086,26.9044225274,53.0666374988,0.105078,0.149386098715,0.617758530951,294.618738788,24.5293,-4.13725,57.0847,4.00657745253,4.0229332049,75.4247760157,0.860246,4.02388,100,64.2838112291,1.49962436663,-6.39050326163
0.19922279552,44.7533556321,0.0964085726833,55.4543158553,4.05021,143.913676288,9.819566323,33.7754061606,0.110417,0.0657016184756,0.291559626541,84.2552007406,24.6227,-4.18074,57.3939,4.04957370277,4.06651665258,19.0571950993,0.867983,4.06841,101,61.2289834368,0.435100577515,-19.0157769537
0.199010728271,50.1965035962,0.0891810847734,59.7931032567,4.10313,167.526217828,21.7165627654,36.3448906422,0.108761,0.120628069213,0.312983590542,106.188655451,24.7239,-4.23286,57.8175,4.10268988709,4.12069514688,17.3272045329,0.870286,4.1233,102,47.603599284,0.552384463536,-48.923039519
0.198792766591,46.763886024,0.192344159005,91.1197608305,4.13814,119.598584584,29.1731855333,43.6276965417,0.105109,0.157362824429,0.478777371809,212.010969334,24.8058,-4.25924,58.1274,4.13758369673,4.15733483354,37.5859497938,0.893625,4.15981,103,48.1844427381,1.08045110694,-9.06405343334
0.206716328864,55.9654640679,0.246233200443,127.724614765,4.17888,135.136340505,43.0415141516,56.007726706,0.117537,0.225317735448,0.670260721401,223.337085116,24.868,-4.3047,58.4231,4.17798972074,4.19880059938,47.0988158793,0.88698,4.20059,104,87.1822313955,1.16522668806,-16.9570580047
0.201825244562,45.5873746525,0.169862784359,83.4583017045,4.21696,146.711181225,27.4767019982,44.1036063826,0.107298,0.146528015308,0.434896345407,212.580820734,24.97,-4.33554,58.771,4.21633244878,4.23736258543,33.1496702245,0.883486,4.24019,105,93.8545289016,1.08643101246,9.67038903469
0.20755106232,47.0749796352,0.200748533843,126.32137851,4.25105,150.462420066,45.4761732879,51.3139975957,0.118587,0.240486834033,0.675348095775,221.471110593,25.0531,-4.37938,59.0537,4.25043782453,4.27141175132,38.8716770272,0.852874,4.27399,106,86.7191709579,1.14540479751,37.0423893864
0.211267460204,40.8640312489,0.225785843172,162.006115884,4.31647,125.105190589,111.288139333,59.5713048614,0.124908,0.594805893385,0.849502061267,347.782100554,25.1204,-4.44497,59.415,4.31559539891,4.33299866653,46.0117912272,0.868933,4.33534,107,66.1585399934,1.74860448252,2.85193969928
0.220870268135,16.3287062838,0.151079976076,145.476213897,4.34847,78.2780723519,74.8353685791,62.624555744,0.136592,0.392137452984,0.77279169151,226.457236918,25.2115,-4.48316,59.7838,4.34821042921,4.36867690496,29.9099958978,0.858453,4.3715,108,56.8831018628,1.17668456594,34.6439474167
0.214366350919,60.228520767,0.306643020643,82.6607283501,4.40385,143.13807876,-33.8922825086,28.6501454883,0.124982,-0.150815508344,0.438060685897,247.187636427,25.2997,-4.53434,60.1532,4.40362309235,4.42130394626,59.9158505222,0.8759,4.42366,109,47.2781162348,1.25507726826,-44.2511378062
0.216484243347,34.5180309263,0.281383958387,119.115080757,4.42466,107.282377089,6.85618591529,47.9392920707,0.12596,0.0535115726145,0.63363945323,216.477624277,25.3853,-4.54974,60.391,4.42376677712,4.43947554955,54.0159514652,0.842589,4.44265,110,37.9808040464,1.1258025717,7.58189602362
0.221311501315,76.9748843671,0.37178043556,109.335849888,4.4786,257.424222013,-16.2209375771,37.3951157763,0.132826,-0.0677094365792,0.573006547616,283.059924476,25.4833,-4.61631,60.7529,4.47794049042,4.49425653063,72.8406310583,0.873746,4.49682,111,140.093103181,1.43946084466,25.3039239079
0.223556915435,77.0599080337,0.382518109654,207.522506579,4.52553,228.198614596,42.679863996,74.0803614294,0.138956,0.222328568,1.07222992845,335.488192835,25.5563,-4.65122,61.1587,4.52540327756,4.54236692023,75.0548891406,0.897242,4.54491,112,98.4537919837,1.71693255159,27.6821598495
0.221859843911,55.9254118736,0.259854636422,188.70321242,4.55596,190.288088664,34.2391216669,76.602595576,0.134259,0.181533677532,0.989006810497,278.708437775,25.6936,-4.68237,61.4031,4.55556891974,4.57155183558,51.1800942892,0.881321,4.57391,113,93.4177980145,1.44479876681,10.5578002609
0.222824214198,82.7986342794,0.227563352074,146.013510897,4.59495,186.571981145,-23.1189469361,59.6007742379,0.135987,-0.104916690834,0.772934884182,213.895783986,25.7839,-4.72267,61.6548,4.59458700832,4.61059501752,44.815151573,0.87079,4.61367,114,78.2178350267,1.10674957313,-33.0044705926
0.223446745419,62.8768240149,0.319987514731,181.640495931,4.63837,197.259335602,0.383782588742,67.3939756437,0.134981,0.0135441754586,0.946294554052,267.077394466,25.8507,-4.76629,62.1893,4.63824030869,4.65468755957,62.3153547214,0.890572,4.65658,115,55.7326276854,1.36346655732,-30.5642791923
0.227531125171,71.8663452346,0.359678618961,175.02897333,4.67899,193.328669588,23.4923356926,67.2681313545,0.140113,0.133223449496,0.922410569462,290.377299145,25.8943,-4.81882,62.4544,4.67816651685,4.69477520548,69.6371469122,0.894665,4.69787,116,65.8082844243,1.51240642275,-8.91233635563
0.233000836652,50.75146287,0.457121541189,57.321149755,4.74255,103.02604332,-32.3032206613,18.9325449302,0.147026,-0.147517286297,0.312267930595,307.376763569,25.9609,-4.87768,62.7539,4.74189978355,4.75657716865,88.9848725007,0.881455,4.75812,117,27.7887212664,1.58155368326,-39.3728001679
0.236051733208,48.6238499168,0.553711175033,169.212841454,4.76324,144.381053156,-12.9326086049,61.8555562371,0.154347,-0.0545944584124,0.882953474762,452.463869935,26.0171,-4.90117,63.1041,4.76291725291,4.77931276946,109.787041636,0.911278,4.78179,118,81.4098266783,2.28910495419,-0.492077849035
0.234522161232,81.1685988788,0.335518416882,215.391544273,4.84252,225.480913448,34.813257156,69.3644312242,0.142916,0.182681812906,1.10718329239,333.925702555,26.0743,-4.97316,63.4136,4.84232906256,4.85625708993,67.0645260038,0.92186,4.85869,119,115.074218301,1.68022939985,-23.4290616192
0.239761518134,90.2000381913,0.369556188673,249.439379458,4.87956,262.426298099,42.3060114829,82.0113196165,0.160657,0.220058559304,1.27204314302,427.778194246,26.1149,-5.01168,63.7757,4.879718557,4.89539700275,71.9238316702,0.899202,4.89692,120,148.796940356,2.1830483632,51.1213053012
0.239316133874,72.8336870544,0.418452204719,170.788919398,4.93059,253.928559545,32.754042745,61.1270717764,0.154995,0.173782144904,0.877338905195,381.940144069,26.1666,-5.0654,64.2628,4.93069222371,4.94333186094,82.8327181323,0.908661,4.94522,121,125.952683739,1.94394394929,51.8109738172
0.238098859222,82.8665780711,0.488300112686,196.155686059,4.98532,232.468119437,28.7853464602,64.3978626491,0.157434,0.154893489487,1.00183595635,325.313914791,26.1981,-5.11949,64.5001,4.98477840052,4.9994185444,95.7172603414,0.894488,5.00212,122,98.0315748569,1.65693087167,13.5627940754
0.239318042141,75.5432614811,0.263201581543,192.359388198,5.02566,208.51715027,55.7139466873,67.0725146418,0.152358,0.291254027242,0.986002475594,301.966421963,26.2407,-5.1554,64.8118,5.02619722933,5.03993739931,52.3202966751,0.877156,5.0415,123,105.615694453,1.52338995337,2.34990161171
0.241708046056,97.7636436518,0.359793074128,161.647189362,5.06312,308.346299138,31.1565791605,62.7572625437,0.153955,0.1688363878,0.829100181056,351.76324865,26.3124,-5.19984,65.1879,5.06320597493,5.07621987291,71.4511052548,0.888225,5.07904,124,125.442059555,1.78645473365,39.4385147449
0.246107021169,82.0943051994,0.491606159029,214.354189522,5.14335,262.013812461,32.84818008,74.0568291638,0.166569,0.173971541859,1.1048736586,386.05149939,26.39,-5.28124,65.4408,5.14331562199,5.15723522521,98.1172543604,0.890622,5.15967,125,132.40326036,1.95948384342,38.6100082005
0.242922702885,130.322779013,0.521721036832,148.601202897,5.1977,401.256893886,36.4762028016,58.1728859517,0.15476,0.190782096116,0.760415700391,419.313396649,26.4549,-5.3399,65.7552,5.19699367735,5.20984428577,102.604973264,0.898826,5.2127,126,162.905514578,2.11917177471,43.6511158263
0.24551562305,65.6343021584,0.330074501915,132.024415732,5.26075,169.307217785,18.8190814522,52.3218719759,0.163441,0.114812477853,0.688601742497,336.994804729,26.5303,-5.40769,65.9901,5.26100404202,5.27465464222,66.499291919,0.866128,5.27672,127,35.8489771446,1.69642020124,-32.3343057315
0.249228429725,94.5249645304,0.385079172439,156.895449548,5.30881,264.542865957,46.7596097408,63.260863601,0.166856,0.241775325781,0.802879622511,432.774656565,26.596,-5.45153,66.3135,5.30857375225,5.3216798874,76.9330267628,0.89014,5.32524,128,90.8214062114,2.18090988587,-19.4916444517
0.252477621182,70.4841689524,0.235181249327,121.795202673,5.35196,124.24186173,61.96128318,55.7049674047,0.177911,0.34633769044,0.640959144982,346.453671224,26.6691,-5.5062,66.7516,5.35155211438,5.36419069037,46.7892962258,0.871192,5.3665,129,38.3648961739,1.76858214175,-89.9756501082
0.251303818855,86.7247235326,0.618658942991,162.284665262,5.41576,260.466562911,35.2486748444,64.8885355677,0.172961,0.18426413504,0.83395305183,441.293303486,26.7236,-5.56372,66.9255,5.41627879494,5.42995944073,121.156027649,0.893206,5.43194,130,151.851778843,2.23037145867,39.0318303066
0.250873715089,89.6248773468,0.519515274768,137.749075185,5.45271,218.944047653,25.9795544056,58.3617954801,0.178358,0.137437826518,0.708157347429,426.453281433,26.801,-5.60203,67.1959,5.45239613043,5.46526950842,101.293284063,0.905644,5.46853,131,92.5500731152,2.14050687322,-38.311036912
0.251178960275,70.4611874277,0.284655846954,132.085603197,5.52335,223.303701544,30.6137649543,54.4893811623,0.171367,0.196051640938,0.690265335879,238.37835695,26.8628,-5.67859,67.5127,5.52330637809,5.53539586079,56.0278408028,0.86698,5.53802,132,128.120869191,1.22357070108,17.947395465
0.255012105745,131.402064918,0.510553326076,169.771780413,5.5725,333.796578689,29.8704795665,65.9834516432,0.180155,0.157718752154,0.873397919718,347.918302606,26.9211,-5.72284,67.907,5.57235373941,5.58325397632,99.6708574335,0.864469,5.58654,133,102.085548567,1.76579450202,-35.478307635
0.256609906694,71.231402509,0.368211786127,171.152133654,5.62105,201.128864408,34.9784033326,67.5098848543,0.178168,0.188205601058,0.888165884132,361.028815324,26.9941,-5.77452,68.1458,5.62158746916,5.63284959571,74.0628344676,0.851334,5.63537,134,74.9932443475,1.82418248693,14.7374037174
0.258531815726,77.1895354107,0.371192367492,167.280691353,5.69322,239.665740108,48.4476565315,67.2860736288,0.183921,0.25233640137,0.868123829199,342.09044109,27.055,-5.8634,68.4729,5.69334762784,5.70660769555,73.2709656409,0.866115,5.70915,135,76.5379447554,1.75036627373,4.13873165726
0.259423772478,88.0350918334,0.521663094481,133.110483702,5.73402,261.450614424,-31.3390662669,58.1472436377,0.179086,-0.139961992305,0.686686719575,364.497478653,27.1349,-5.88844,68.7659,5.73399541814,5.74636058732,102.799830748,0.892263,5.74931,136,78.0036512542,1.84496899081,-4.25369351661
0.260767969109,77.148008362,0.622822650152,161.610235173,5.80611,218.027580774,41.4045917056,64.3254285428,0.176352,0.219761712917,0.828072773194,378.891933737,27.2056,-5.96593,69.0841,5.80570918032,5.81976949094,122.524798228,0.897394,5.8228,137,94.1698062305,1.91398798909,10.6301437276
0.26303603374,104.074293537,0.542469362262,177.813728326,5.86073,280.757656365,-35.069539454,70.9256854082,0.190558,-0.168218836208,0.920829663419,340.879312647,27.2791,-6.03024,69.3803,5.86134250271,5.87234777393,105.419115608,0.907457,5.87454,138,132.07045448,1.74977155498,-34.9118830449
0.263802171736,111.014369505,0.493222325173,233.958658627,5.93776,340.311386637,-53.9432151154,80.2815855243,0.192817,-0.244485504227,1.20320126592,391.454798981,27.3541,-6.11032,69.683,5.93814557603,5.95008969184,98.0001513164,0.886106,5.95188,139,86.2398104704,2.00256519747,8.03307269926
0.264878008296,98.330477328,0.446767883148,206.185294978,5.97094,274.790665032,60.5140164556,75.1587520237,0.200406,0.314203505281,1.0621555229,380.424663483,27.4172,-6.13366,69.963,5.97062407908,5.9823655745,87.5690397504,0.871516,5.98501,140,158.745795978,1.93168134049,32.7735356248
0.26733702413,63.282782636,0.61563526107,171.362666851,6.06687,204.553568281,28.594498106,66.1498857178,0.190608,0.167871638477,0.878692219444,397.792024426,27.4843,-6.23485,70.2831,6.0670123836,6.0785158252,121.045700793,0.882546,6.08193,141,68.6878956722,2.02369177886,-27.5341875142
0.274951082493,75.6506472619,0.53244904299,132.618214975,6.11125,224.98699627,42.2053186814,60.3091955574,0.208291,0.226484493174,0.677987936045,375.448764468,27.5574,-6.28645,70.8252,6.11125841459,6.12359024276,105.357366972,0.896878,6.12659,142,86.6180199047,1.89812944607,4.84578666284
0.282864450026,85.3031703644,0.452729761964,107.921504004,6.20506,267.820295025,-42.6175693685,52.9366087763,0.220898,-0.186699748547,0.55401859404,342.776231711,27.6004,-6.3871,71.1167,6.20292577961,6.21463173007,88.4629272233,0.898757,6.2192,143,110.342564707,1.7453734908,23.9584183002
0.277029035189,64.0392981076,0.460903736763,142.330075914,6.26236,227.694275404,-33.1767010777,62.8609564946,0.212284,-0.14381822867,0.732906559574,336.44868476,27.6581,-6.43323,71.4028,6.261729138,6.27422073582,90.9081529237,0.8789,6.27763,144,122.013857332,1.70366274735,42.4422563452
0.285726602697,109.503105178,0.309290158363,175.653144698,6.31752,276.937268231,52.1715760993,72.4304809803,0.23586,0.291538576772,0.906095903756,311.516353213,27.7278,-6.50262,71.7134,6.31766968128,6.32904999568,62.7091209633,0.884214,6.33275,145,110.389839831,1.56351610516,-16.9199709675
0.299108030087,53.0990948622,0.228327562143,129.046434299,6.43313,172.992585556,35.1000260604,61.7795761198,0.239566,0.200782845755,0.665194029799,212.633065333,27.7895,-6.60776,71.9656,6.43085177977,6.44042009063,45.6308927613,0.876713,6.44456,146,101.491855028,1.08147317671,24.657857841
0.298562783595,47.1165771004,0.324795352044,136.383339292,6.49687,168.374977397,-31.765029735,61.6861493112,0.247229,-0.141428103192,0.705851627639,234.103267648,27.8457,-6.67435,72.2682,6.49645773987,6.50619287327,65.3741256223,0.88779,6.5091,147,80.9759793539,1.19521127209,-20.1004029197
0.290124838712,63.7294219237,0.268464790416,131.524916755,6.5736,217.231125134,18.2427788162,62.2832275069,0.229089,0.0964588922087,0.680420505366,241.939361531,27.8856,-6.75148,72.585,6.57368436513,6.58227502812,52.8519111013,0.881797,6.58538,148,89.4254077529,1.24713137644,4.4976557446
0.293003763999,58.4580114396,0.295621604362,147.004073065,6.66105,183.267503656,30.9169421994,64.9551015902,0.229266,0.178216604566,0.764425936035,258.232117288,27.9575,-6.83574,72.7909,6.66080436475,6.67115845421,59.9767389114,0.867432,6.67465,149,120.745062761,1.32370785691,18.9885874899
0.294607216233,85.9458787061,0.374964765564,108.627477891,6.70043,249.394474878,-29.4514737349,50.8758917983,0.234552,-0.13238947606,0.565182981808,293.504459201,28.0351,-6.86524,73.1038,6.70088323489,6.71159169294,74.6759055784,0.889533,6.71598,150,115.945037593,1.49103135218,-4.71986254997
0.305909396821,53.0895305641,0.460704308715,169.570379754,6.75472,143.657434299,-31.7179477787,64.7612907891,0.26454,-0.124877583634,0.882012325809,317.422959609,28.0853,-6.92103,73.471,6.75299558771,6.76300787683,91.891996796,0.867394,6.76758,151,66.4335177367,1.62510939409,-16.3773885335
0.29895202425,80.634066924,0.388850951042,155.74711927,6.84179,181.946585788,34.1311150653,68.3883266108,0.249075,0.194289650599,0.799747823367,290.620572241,28.1371,-7.00742,73.845,6.84157664498,6.85280244374,77.3104488048,0.883404,6.85655,152,64.2173939336,1.48309042701,-15.9225916251
0.29935538242,103.324084433,0.419010509353,197.002865472,6.8888,364.623264407,39.4066202586,72.4309110307,0.248495,0.210919827349,1.02234931386,341.140685106,28.1785,-7.05172,74.1504,6.88809300748,6.89916450673,83.193731035,0.865765,6.90372,153,148.183511921,1.74972723984,53.9232621691
0.301070228928,79.1638533087,0.369202148558,205.329016283,6.9284,238.195562847,80.6914841538,79.9773442743,0.23915,0.389385963695,1.05289158179,356.465316419,28.2375,-7.08695,74.7056,6.9267901549,6.93912687766,73.2793998938,0.870776,6.94368,154,83.030750736,1.80861572165,12.0393493049
0.296629924026,80.642468855,0.261572791171,172.513519232,6.978,262.066530147,75.0707991534,71.028162347,0.241701,0.422336247036,0.885990773175,303.225277863,28.3309,-7.14203,74.8379,6.97733802999,6.99029813292,51.461096894,0.876669,6.99481,155,135.500581988,1.54375274573,29.6021276832
0.296000763664,43.5532607115,0.304253436854,196.672816838,7.00903,131.232118055,55.923811507,76.0529170085,0.239338,0.299592073045,1.01348158221,321.91332088,28.3967,-7.15978,75.1024,7.00807848958,7.02194230349,61.0082944528,0.865742,7.02647,156,37.618364129,1.63767230866,-23.1621094191
0.293263873078,121.772892264,0.352460103987,184.447496922,7.04456,311.017982166,25.5838378678,79.3390892903,0.234078,0.147506923193,0.948250998651,360.806073007,28.4377,-7.19727,75.3331,7.04430303139,7.0592235518,69.6557978172,0.875794,7.06355,157,106.046343174,1.84383420127,-18.814508614
0.298065392689,80.290938036,0.346098583326,240.913856045,7.06063,222.084121099,100.259839429,88.5159425841,0.251375,0.523367879614,1.23926113155,392.978842392,28.5114,-7.20697,75.5678,7.05985836725,7.07670589158,68.3998567194,0.900325,7.08181,158,93.7629117185,2.01421732485,-7.24216426496
0.302354833595,103.886132604,0.331783959731,280.8039494,7.06252,282.106572225,118.829227819,95.3351782177,0.259746,0.609882370398,1.43848823718,447.801988579,28.5544,-7.21307,75.9,7.06192457045,7.07930909273,65.9217537997,0.91083,7.08412,159,104.530802357,2.27574261258,-13.9031687525
0.302302130018,110.599626932,0.305661033237,228.325471077,7.10238,293.66138143,117.891450859,83.2894880693,0.253595,0.61092394709,1.18194122522,348.025817355,28.6218,-7.27123,76.1328,7.10248164595,7.12171080518,60.2645212083,0.927068,7.12612,160,101.715850482,1.7726779243,1.19910046013
0.302251814944,51.2972740331,0.327177947513,298.901995618,7.163,160.793519034,148.542620992,99.0697600646,0.257172,0.787094748919,1.52880949677,462.187350612,28.6898,-7.33995,76.4782,7.16232144924,7.17975905114,65.1555734313,0.903002,7.18502,161,99.556546833,2.34770792278,37.3892733369
0.298909314755,89.8652776347,0.255064861745,246.737919194,7.20748,247.378852772,103.412881731,88.5892765671,0.245605,0.565671744567,1.26385503756,423.900755446,28.7349,-7.3795,76.8338,7.20738432889,7.22360984714,50.7176471323,0.904745,7.22808,162,145.399576325,2.16306849196,21.4656549924
0.303474698061,81.6243917403,0.489751321128,325.103767645,7.24273,273.266214562,161.008170848,106.797188039,0.244338,0.848074556472,1.6614283773,571.448603101,28.7934,-7.42465,77.0733,7.24255557417,7.25885031914,98.6850112455,0.91805,7.26443,163,142.369883625,2.8717641832,10.8016043778
0.301361114903,79.5511766381,0.338692627089,338.393151182,7.30178,236.005693951,210.715924951,111.51024558,0.253729,1.08710345028,1.72241452652,479.319321053,28.8671,-7.47745,77.4495,7.30057141623,7.31752653328,67.9968266093,0.893578,7.32292,164,130.28031325,2.43215936177,12.2474639415
0.328127594224,91.1746761951,0.253840972893,295.673743279,7.40216,264.984270461,211.078539353,103.686053086,0.29046,1.09869443886,1.5148149925,401.158632216,28.9463,-7.57714,77.6779,7.39948272475,7.4141324398,50.2821182056,0.896409,7.42153,165,153.972429851,2.05475148392,-2.96759500926
0.309783617875,103.086609398,0.320456950142,251.201705122,7.44994,280.224819845,126.688962092,95.6761940258,0.269345,0.687905825987,1.28322123088,385.397126222,29.0079,-7.62888,77.9459,7.44964915803,7.46561124286,65.3896341159,0.893074,7.47078,166,172.801058891,1.96437754364,31.0886618823
0.305555979007,116.579851609,0.339987210998,257.002192755,7.53206,283.89661377,117.335205128,88.5992630009,0.246549,0.637416294411,1.3170939321,366.861653162,29.0798,-7.72834,78.2304,7.53180158455,7.5469115916,68.5615784185,0.879961,7.55122,167,101.939156995,1.87481962887,-10.5327587387
0.316241007652,73.1978810515,0.354899660509,255.715516343,7.59415,300.15141827,84.6585389058,97.7246737099,0.283586,0.434323637475,1.30823442797,414.07663662,29.1391,-7.78247,78.5419,7.5942001534,7.60787295409,71.3567602497,0.884096,7.61151,168,192.01007416,2.09138712874,78.4842237378
0.307943593859,74.2936868253,0.398056317601,243.269513679,7.67412,198.02287317,34.2468379426,84.5696385617,0.255936,0.199997667999,1.24715864241,349.73101177,29.1963,-7.86808,78.8961,7.67419018521,7.6869526637,79.9753666592,0.880623,7.69015,169,110.06819669,1.77467805509,11.3697270587
0.307236788871,65.9492624184,0.447640091074,264.76348505,7.72804,229.768253286,-20.0784896951,91.0041482273,0.262286,-0.0594968686534,1.36176777392,438.0287808,29.2493,-7.92431,79.2505,7.72753549841,7.74093829714,89.9223005872,0.890003,7.74432,170,131.657204586,2.22671430157,50.8289869518
0.317014184697,60.1533995221,0.47984585964,229.121829266,7.80767,236.098853378,59.634541622,84.37051426,0.280306,0.331198649363,1.17875985749,381.36771002,29.3025,-8.0143,79.4958,7.807830106,7.81954063739,96.9575889561,0.875319,7.8223,171,137.329205743,1.94278526202,57.0353098518
0.313018907159,58.7343272611,0.450192605699,224.898533144,7.88269,175.277400337,21.738764423,80.8293577359,0.275733,0.141298265696,1.15148569194,364.791771838,29.3646,-8.08809,79.7221,7.88270147061,7.89316535037,90.6443312237,0.886612,7.89655,172,85.126993215,1.82480780925,8.95899120869
0.342704626097,107.652522052,0.331428337132,184.82890641,7.97608,372.392743804,27.7678292251,77.9134971767,0.314392,0.161412418175,0.94823013963,293.787865669,29.4251,-8.17882,80.0299,7.9753806375,7.98599455515,66.9742121968,0.883233,7.98862,173,159.636209931,1.48883729438,49.2643524688
0.326990026868,64.9134541684,0.422167807221,199.872360367,8.05142,233.535488844,4.21288405914,74.4664576481,0.309847,0.0638597410547,1.02895200515,361.123524292,29.4908,-8.2524,80.4546,8.05106136913,8.06148007078,85.6148387832,0.885777,8.06458,174,136.622476837,1.83823945059,16.7996844434
0.323558789271,121.392419405,0.451852248614,228.18255562,8.13083,353.376832382,18.6758995533,87.8459165965,0.294269,0.109755803063,1.17063852455,437.305369948,29.549,-8.32753,80.8667,8.13178055405,8.1420194603,91.0769127435,0.894149,8.14401,175,118.129292843,2.21402635616,-3.34312859177
0.332018878793,74.9868264153,0.388573327778,189.427723635,8.17289,270.242293418,38.6913349269,79.5719499477,0.314444,0.22496936466,0.978579220819,345.510874757,29.61,-8.37094,81.3043,8.17333649825,8.18471978556,78.3663282747,0.884786,8.18831,176,116.738583097,1.75384205907,8.54403950147
0.343601453611,37.7058338087,0.526328214818,227.16572903,8.26985,119.35494474,42.4335686653,83.453275098,0.317412,0.240983428367,1.16681515254,448.742666086,29.6558,-8.45847,81.4811,8.26768159044,8.27734006143,105.974886955,0.8905,8.28259,177,50.5555318428,2.25161000733,-5.97708477573
0.334186928861,78.863249505,0.39965066419,204.259692235,8.34524,176.155667722,2.24518506119,83.6378737311,0.317373,0.047952732482,1.05391653601,357.422829754,29.715,-8.54938,81.7179,8.34573954546,8.3542020571,81.0341777538,0.877436,8.35819,178,41.61003563,1.82117708171,-39.2939227352
0.328386278019,44.3219845356,0.521207961017,197.759550892,8.41765,227.922176098,27.9293343768,68.7951738567,0.30153,0.179098515135,1.02103441873,403.947027986,29.7636,-8.62082,81.8855,8.41827644507,8.42692963807,104.860574764,0.878815,8.43041,179,161.539601772,2.03884942874,110.39287765
0.327957338783,103.914718657,0.480018366981,191.617149482,8.46588,263.603548277,38.5589241514,79.164840836,0.296615,0.202841459241,0.994440265814,457.637629139,29.8227,-8.67668,82.1796,8.46734692823,8.47612322409,94.8789010254,0.895385,8.47853,180,91.6436200055,2.3103968994,-15.6982859638
0.331101332671,74.7802105069,0.380726628932,189.870131116,8.53124,178.49066574,32.2273646336,73.3678792548,0.305344,0.19260617008,0.98933977291,321.79658499,29.8654,-8.7331,82.4991,8.53220912965,8.54059353023,76.0459116807,0.891553,8.54364,181,116.133850716,1.6454049666,-11.7901161862
0.33895306238,64.3451729229,0.430777412623,268.62761286,8.58229,245.694364977,111.179716479,94.7047288211,0.332047,0.58410444456,1.38097689526,415.632618896,29.93,-8.77617,82.8649,8.58156462628,8.58962257977,87.3846495255,0.886701,8.59443,182,160.30926922,2.10863839501,46.9991254326
0.333650211567,58.3922786206,0.43530725434,182.856301306,8.65533,255.070544031,12.9307903755,70.5344835299,0.310195,0.113423998686,0.954503705987,366.309345642,29.9961,-8.85004,83.1081,8.65673915922,8.66350771457,86.9498275311,0.889757,8.66626,183,163.503647477,1.87025398551,108.058161183
0.330604994014,14.3983976825,0.493105904034,178.211861031,8.68007,184.607510889,15.0304958082,73.3747189265,0.304388,0.11699120006,0.922529914979,352.905486087,30.0562,-8.87541,83.3773,8.6799797965,8.68797943375,98.9333510219,0.899568,8.6919,184,163.876187634,1.78656796547,144.051178591
0.346566816972,99.0946460587,0.564929248923,173.913529631,8.77429,314.463388117,-16.1753664027,70.7937906414,0.330176,-0.041777816337,0.903385861252,390.332562768,30.1114,-8.96554,83.669,8.77411737152,8.78102876141,113.874184831,0.89461,8.78506,185,173.567940334,1.9813515592,54.4878315581
0.337902849231,51.6194887114,0.247977369527,211.218029137,8.81921,174.656618201,123.149489108,76.7463544591,0.325002,0.647487661136,1.09283652628,330.43488327,30.1427,-9.01341,83.9484,8.81844444065,8.82490229075,48.9719034591,0.907187,8.82936,186,104.846759396,1.68501823813,22.2629118865
0.349411217736,86.6689656549,0.392639865182,235.082190853,8.90632,241.943893955,45.6284675185,85.0478609723,0.356959,0.268738083998,1.21094999426,367.871085973,30.192,-9.10985,84.1299,8.90712293526,8.91449219183,78.5325044408,0.9034,8.91834,187,112.157628067,1.87079448702,-8.57689971725
0.347876089716,75.8174619429,0.37045225979,212.942131723,8.97104,177.420856937,18.2202857798,72.7823120007,0.343124,0.131387360196,1.10187315573,371.628638639,30.25,-9.16901,84.4208,8.97079408736,8.97727508901,74.3544378362,0.901091,8.9816,188,78.1448522925,1.89737956937,-23.6428221309
0.339247621152,96.8060536639,0.385885816855,192.886958645,8.99302,362.955574151,30.5108317362,70.3788175391,0.320953,0.193834782042,0.998135312101,327.403688824,30.296,-9.20433,84.6563,8.99390988143,9.00060681912,77.6287029084,0.896948,9.0033,189,216.930494627,1.65944309634,99.5569754946
0.33512667417,95.5754780997,0.333189511278,178.093448319,9.06998,284.160615368,17.8891007068,67.3232485707,0.314363,0.136004812992,0.918057643909,279.131773469,30.338,-9.26368,84.9431,9.07118372009,9.07839192015,68.0228282894,0.896256,9.08098,190,168.098742263,1.43411063142,72.268648757
0.349165360769,73.5063734324,0.392975070437,165.299630774,9.10349,261.22526979,13.3263291555,66.6378019828,0.361847,0.109336434146,0.853552078036,292.873140031,30.3936,-9.31448,85.1894,9.10495015727,9.11209211137,80.0806387081,0.899267,9.11435,191,166.52405425,1.50137044852,70.4657552843
0.34900760963,86.7932299129,0.496518290881,184.504054958,9.1645,223.796884144,-15.9629061234,68.2116123479,0.361512,-0.0312856741936,0.949833283405,435.248635783,30.4278,-9.38261,85.4273,9.1649604991,9.17244506862,100.651309843,0.899971,9.17718,192,123.959476198,2.2000813269,-0.952934425345
0.367728443473,87.1053632681,0.453209159451,203.800221313,9.28242,289.450738531,27.9356770347,77.7206589029,0.387603,0.181024507048,1.04710780717,419.490279394,30.4673,-9.49343,85.7019,9.28187490239,9.28799058079,91.0994375126,0.915253,9.29257,193,160.803534152,2.14314158945,44.420684155
0.357658763747,71.5717766425,0.500194431804,168.54623965,9.34241,197.685952126,-26.252335281,67.4638925635,0.371863,-0.0829604471659,0.866521771429,356.83660751,30.5099,-9.55696,85.9749,9.34365557397,9.34981445387,101.905560422,0.895735,9.35182,194,87.5769723447,1.80993359767,-4.39933802401
0.353033154297,117.559389631,0.500801175104,219.112245765,9.38957,222.504091445,58.8031929522,77.2325818103,0.360843,0.334106188794,1.12740197803,448.177514387,30.5637,-9.60058,86.2547,9.39014098533,9.39603859078,99.9030763211,0.893936,9.39792,195,111.858414962,2.27109450592,-97.5300810923
0.34575669843,43.7812388532,0.493604480689,189.685482155,9.45017,224.475207566,4.02972533137,70.6945233031,0.338813,0.0733547422681,0.981729578625,393.642849547,30.6011,-9.64357,86.4837,9.45160666881,9.45792854288,99.1313012779,0.908892,9.45965,196,165.694325668,2.00712595808,88.6082516014
0.350208226525,56.3888272309,0.394626992977,221.234380502,9.47681,200.223135243,65.6461888592,83.6028541707,0.3541,0.345346741779,1.13977712276,378.782008459,30.6554,-9.67672,86.7607,9.47754391096,9.48433550688,77.680167076,0.878232,9.48881,197,109.846982166,1.92492229812,30.4214081907
0.351594338431,74.6771226673,0.316239809062,208.632491095,9.5439,277.107333124,86.5332123802,77.3494956354,0.356303,0.459201043824,1.0830442248,374.924112981,30.6763,-9.75145,87.0542,9.54441349723,9.55205554259,64.0107200105,0.881138,9.55647,198,159.667739002,1.90259617439,71.7228510628
0.358116457527,44.3429360838,0.386090695116,205.268657853,9.58277,296.944613243,69.6111970705,76.6416511981,0.385507,0.402743781348,1.06761071528,383.449096151,30.7144,-9.78801,87.4128,9.58274026958,9.59230417904,77.7892417189,0.873153,9.5958,199,239.069701059,1.95670453536,175.877117696
0.348974288409,104.325826313,0.409399062218,239.981362475,9.63203,291.877781842,72.0639575358,88.0917047978,0.345648,0.378636011485,1.24124386495,373.658473545,30.7545,-9.82656,87.5982,9.63340718565,9.64052036292,81.5994495558,0.885928,9.64362,200,122.471228934,1.90543140361,-27.9634930782
0.352361392694,75.1616328038,0.316194476495,249.052567509,9.66968,222.677660002,134.209643495,84.9383092393,0.356202,0.718820103158,1.27891831368,366.607838402,30.7895,-9.86373,87.8088,9.67083247463,9.67949707263,63.6993251018,0.86514,9.6828,201,168.70088863,1.85472586237,20.497887068
0.361393012559,74.6955676671,0.188124175444,194.380677891,9.71616,178.091381397,55.4584262333,74.351101644,0.407948,0.300586631382,1.00594889772,290.709822761,30.8393,-9.91286,87.9641,9.71666571937,9.72577017335,37.4655373562,0.85614,9.7296,202,92.1178657678,1.48590987408,-1.06011647319
0.367645377441,101.82999123,0.320700594874,196.492912971,9.74231,253.957106576,64.6230160464,79.2145501256,0.396576,0.339007691124,1.0203141121,361.830121659,30.8747,-9.93344,88.3232,9.74377022016,9.75213070562,63.3885865633,0.875747,9.7555,203,145.088380112,1.83832759315,-4.10092303067
0.363416232003,78.8809403008,0.260740361232,204.303713331,9.75838,272.256127288,61.9714713241,80.4927410796,0.390498,0.326072276134,1.05842337603,356.115625562,30.9185,-9.96311,88.5509,9.75892862126,9.76735726289,51.9679319599,0.870476,9.77155,204,137.393516162,1.80301560383,24.9423679105
0.373541791606,49.6470142453,0.275249108465,161.898599319,9.839,166.467551689,62.4768232853,69.4487632804,0.41202,0.333830403626,0.84757523187,252.17250434,30.97,-10.0283,89.0061,9.83722876554,9.84401484349,54.3665181697,0.873577,9.8497,205,127.233179925,1.29613017836,43.1472539208
0.358357479112,104.419883362,0.277554008934,174.879088059,9.85973,295.29501046,67.2484541833,68.5320572476,0.375997,0.36345584125,0.905656178074,312.233427797,30.9983,-10.0648,89.2783,9.86006614405,9.86737247558,56.2889092474,0.862578,9.87136,206,147.176357781,1.57246978699,-0.00247951954183
0.358624371009,70.0795628464,0.21307903952,191.446178718,9.90533,212.666167492,74.6375347883,76.2759475228,0.368888,0.388699749786,0.997271588456,248.274841743,31.0433,-10.1129,89.6527,9.90527188005,9.91258647143,41.7473891147,0.876795,9.91649,207,130.388656779,1.28421944799,24.9848260871
0.36450637014,67.4648450026,0.381832600917,186.155081798,9.93201,196.214248445,69.5261354518,70.3173771973,0.397468,0.364835547899,0.964703106503,328.251063616,31.076,-10.1286,90.005,9.93180480728,9.93955179195,77.2738243782,0.874312,9.94396,208,114.906615556,1.66721454517,29.1154977429
0.366881788291,139.421718254,0.292602340083,215.775851366,9.91294,303.217311728,74.2772400945,71.2693089955,0.397792,0.388249360581,1.11083781621,346.972065136,31.1152,-10.1149,90.3174,9.91327312703,9.92016204211,59.3408373837,0.880964,9.9246,209,99.0832107959,1.74433107898,-93.0832739117
0.360461644728,61.7887787378,0.305970282886,218.944155933,9.97775,214.412760817,107.827160327,80.0948110381,0.391272,0.548092186776,1.12784156487,326.291049374,31.1552,-10.1911,90.607,9.97836151699,9.98624869197,61.3170714013,0.880256,9.9901,210,141.627715867,1.65887155345,61.984940234
0.358792164306,82.0071225903,0.409911453244,229.931601976,10.0123,273.697718171,34.1721904687,79.7839079102,0.39856,0.181567752002,1.18370991083,409.130631347,31.1841,-10.2255,90.8082,10.0131641329,10.0212017286,82.3501658033,0.883921,10.0249,211,155.444232818,2.06557881671,81.5374062143
0.361327310944,89.1492700449,0.412709768823,197.509913418,10.0619,206.797866856,40.7861158856,72.155160487,0.41005,0.213340594883,1.0196957207,335.159698999,31.2288,-10.2725,91.2274,10.0626679421,10.0704681985,81.6088539385,0.885806,10.0743,212,91.6764869379,1.69751222955,2.12790907768
0.406565719226,111.464034701,0.304034829145,199.59587504,10.1871,293.974470743,71.5354946525,67.650916176,0.499772,0.384592502868,1.03551198881,345.6226045,31.2806,-10.374,91.5655,10.1870269331,10.1920059357,60.7042850758,0.89735,10.1933,213,117.360179919,1.75372741114,-21.7014595626
0.372475202615,31.7705537261,0.302704287943,168.919881973,10.209,205.451938845,60.6481855981,61.9762474858,0.429536,0.316941626249,0.873848484804,295.088360232,31.3148,-10.4073,91.7135,10.2099377878,10.2157447612,59.3377616454,0.896122,10.2185,214,165.032048436,1.51160051722,116.578661213
0.353947470238,66.1415630351,0.35705459896,184.848715318,10.2798,181.497790158,48.0162205198,63.8341084355,0.392323,0.258084334586,0.959765130585,342.591490906,31.3487,-10.4803,91.9915,10.2805156048,10.2871300456,71.1843442767,0.893111,10.2899,215,116.54232739,1.74544948343,10.5854239846
0.34443786134,118.214333417,0.385745940386,228.282058202,10.2789,292.296865556,77.2448603784,81.704088344,0.341382,0.416948690072,1.17655799792,347.516663981,31.3969,-10.4739,92.1704,10.279263489,10.2842162545,76.1332931189,0.899929,10.2882,216,122.08255147,1.77446908895,-18.2046661683
0.354846679245,37.1793046305,0.42747152421,255.194701707,10.2953,216.174014993,54.2868686992,85.4080243679,0.380579,0.312003815671,1.31611683015,428.419524389,31.4419,-10.4965,92.4343,10.2962353545,10.3027373518,85.6217480767,0.900043,10.3063,217,162.886071026,2.16547263922,107.683411591
0.361003572889,64.8377280472,0.588133815944,248.648295847,10.3071,286.053401931,39.0086880931,87.8568837289,0.393123,0.204805722554,1.27541195856,434.709552417,31.4914,-10.502,92.735,10.3072301791,10.313106937,116.144935443,0.902147,10.3177,218,172.546707227,2.21716353897,105.245684973
0.360999398222,128.369586146,0.311322762527,245.14091799,10.3647,401.450397389,137.572160319,83.2232542081,0.399574,0.74446420266,1.27131650229,391.348356563,31.5221,-10.5535,92.9914,10.3640337513,10.3704435444,63.0067207019,0.896526,10.3753,219,201.95027633,2.00009049674,24.0956702283
0.365498855439,77.0949274396,0.350692219055,270.696064226,10.3893,201.683464072,128.671800682,85.5522910786,0.430082,0.694173722004,1.38919705181,399.817956153,31.5653,-10.5753,93.2934,10.3885743459,10.3945750472,70.6055810528,0.906216,10.3993,220,81.7731983506,2.03143819129,-3.58604611741
0.364834821189,75.9532080208,0.365688302128,250.532289164,10.4112,246.642414232,122.757097886,82.1735149773,0.436065,0.649512691264,1.29286883683,386.54643827,31.6174,-10.6082,93.5948,10.4123943243,10.4186353398,73.3750440143,0.900396,10.4226,221,164.195338093,1.95670518877,16.958572869
0.355805296251,109.433863312,0.426488963435,271.19524907,10.4311,223.852241696,43.3753222301,89.842801478,0.384216,0.226061355009,1.39396684203,411.734140342,31.6649,-10.635,93.9935,10.431952649,10.4373696402,85.373719878,0.909638,10.4413,222,140.134890354,2.09009842715,-68.9988160745
0.359123124098,108.225976305,0.424168916895,223.385378797,10.468,335.966090717,91.5396285596,81.5188456724,0.385759,0.493702526986,1.15703400768,403.905912478,31.7057,-10.6704,94.2261,10.4674333336,10.4743837516,84.228329135,0.901407,10.4792,223,198.264026958,2.05790069776,31.3958155158
0.362118108844,85.1395016322,0.373962151466,230.283428889,10.523,237.616137236,42.8252001112,83.8429383577,0.405002,0.259280930628,1.19106266429,401.103284701,31.7426,-10.7223,94.4826,10.5233526101,10.5304081966,75.0293132958,0.891312,10.5367,224,119.106049203,2.02365763494,-14.3872084155
0.368589224347,85.005698736,0.339782103453,224.281009675,10.535,258.770459358,86.0411748326,86.2881201507,0.442842,0.447921147995,1.16393114788,348.931991633,31.785,-10.7459,94.6833,10.5355828127,10.5435520069,67.1389202397,0.895768,10.5483,225,145.651354273,1.79102903217,60.4969058333
0.359395852876,52.4977733728,0.550107159225,264.959630324,10.604,304.052829289,33.1388337399,94.3375269528,0.401622,0.176228574672,1.36500298209,531.48392255,31.8354,-10.8214,94.8258,10.6040470421,10.6107378973,109.076202231,0.909076,10.616,226,225.342536257,2.69675141814,172.962796646
0.360898895422,116.343624739,0.52035229676,190.138919764,10.6353,360.253127528,42.9310232842,67.7544149134,0.40445,0.243657400915,0.984299006326,376.337899451,31.8725,-10.8428,94.9964,10.6355693312,10.6432248683,102.986746932,0.904354,10.6482,227,155.893981122,1.91985391763,7.05662417861
0.358424887115,149.092202295,0.49726749835,308.497395776,10.6898,398.172128079,33.3805308233,104.120805333,0.409907,0.177012341767,1.58141226676,503.276839635,31.9155,-10.9008,95.1918,10.6899049405,10.6962547044,98.929749603,0.916977,10.7013,228,194.588431405,2.55759686626,-35.8140589556
0.371946715667,95.2573393427,0.453108795704,225.946892809,10.7355,236.155107686,52.6435755408,83.5577223461,0.43159,0.309326473616,1.16645031437,412.520796165,31.9414,-10.9405,95.4036,10.7358453334,10.7416477595,90.5228974866,0.898828,10.7471,229,66.3999958106,2.10406994258,-87.7094537764
0.356224549093,44.1875814406,0.575140695965,286.008897975,10.7125,106.437664893,76.0942574474,98.4785642548,0.38835,0.427592245922,1.46929432022,466.602440627,31.9847,-10.9084,95.616,10.7132728803,10.7199552217,116.516232909,0.911002,10.7244,230,58.0628349957,2.37103409679,6.50153196808
0.361615438248,82.132164507,0.539466488881,272.442880681,10.7728,275.186276148,99.4142884007,94.8130109366,0.40612,0.519800156033,1.40084450425,464.250946262,32.0304,-10.9819,95.8344,10.7726933868,10.7805224349,107.893020228,0.917535,10.7866,231,133.637501791,2.35975671411,42.1885245025
0.379965162844,75.4063699342,0.490571874153,275.812836081,10.846,220.212678674,-5.74200271811,97.0364738693,0.466337,-0.0156798050226,1.42159001695,446.031815049,32.0759,-11.0423,96.0609,10.8462644142,10.8528275477,97.4702908678,0.914373,10.8556,232,88.5488984496,2.26284961391,3.20521095827
0.353376169253,139.992922813,0.628174410013,240.555817695,10.8663,371.692482913,-24.4130676619,83.080408423,0.398172,-0.0855173502717,1.24261551264,507.478577456,32.1284,-11.0487,96.5667,10.86666386,10.8730326118,125.213024917,0.899437,10.8768,233,183.264305807,2.57093189459,8.33913549363
0.359336369156,93.3641762249,0.5479469253,298.157625819,10.8577,264.821770103,83.4162977213,97.5325532543,0.41471,0.433959183715,1.52807638272,473.922943059,32.1637,-11.0427,96.7561,10.8575771041,10.8646555234,109.864484109,0.904813,10.8693,234,207.507698483,2.40775665078,21.2762232396
0.351948380103,86.7218744169,0.441169031564,307.996062845,10.8846,283.919184734,157.803988203,98.8939271809,0.400275,0.833324990731,1.58314338078,462.711699902,32.2225,-11.07,96.9628,10.8842025273,10.8907279805,88.7615857242,0.908329,10.8954,235,141.491055094,2.34469295812,-5.74146264283
0.3471685883,113.582464132,0.531814448018,249.172247486,10.8764,368.053517087,19.8332106491,86.5323665004,0.386847,0.120749074666,1.28738260724,457.247842883,32.2739,-11.0618,97.1576,10.8762450385,10.883938492,106.609423912,0.911304,10.8884,236,169.718579256,2.32289225445,33.8620402969
0.35028137478,96.9560629495,0.493183887252,269.383120191,10.8946,282.494420519,124.291215723,89.6996939053,0.405376,0.675492463081,1.38503592362,467.809453462,32.3217,-11.0748,97.3682,10.8947507631,10.9040069647,98.8087495883,0.906749,10.9095,237,107.963372963,2.37764517289,24.0080403117
0.352879438175,122.905948633,0.591746108453,278.979945263,10.9148,338.762584625,48.7278475864,95.0455522186,0.394348,0.252550823135,1.43678785093,505.874630926,32.3482,-11.1029,97.6565,10.9152318841,10.9223040101,117.691882139,0.91476,10.9277,238,170.544356606,2.56809254473,12.5282442484
0.348039557325,138.208651176,0.569663343,248.901366027,10.9503,390.637453932,34.658047934,85.9077870611,0.393808,0.184098482336,1.28808828318,466.825963465,32.3729,-11.1298,97.8549,10.9494106356,10.9565840228,113.753991647,0.907879,10.962,239,170.573414909,2.37594654764,39.3878565929
0.352878375971,106.565710502,0.38766012445,282.526096934,10.9322,265.417888286,126.262133525,89.254811189,0.40322,0.681481732719,1.45583676323,455.013353467,32.4106,-11.1116,98.1963,10.9306329943,10.9381453451,78.4011933013,0.907492,10.9462,240,182.058093566,2.31418704688,-4.04258840433
0.355205055749,98.2473495711,0.58523073477,255.557485313,10.9794,306.26042997,42.2394302473,85.8953069227,0.40811,0.217226583139,1.31208493601,439.245957557,32.448,-11.1716,98.4474,10.978692322,10.9865033897,116.602870545,0.916396,10.993,241,170.591082706,2.22816134253,52.1952507479
0.347380500047,114.146532473,0.558707290378,207.742019722,11.0015,334.250546607,33.4152409244,74.501344259,0.395253,0.177471349105,1.07864553078,472.941135891,32.4788,-11.1892,98.6119,11.0009019862,11.0091732611,110.866209637,0.917835,11.0153,242,186.450931615,2.39511837914,52.4154141914
0.349398738504,75.4921495556,0.488699344572,282.755109213,11.0113,212.055405218,44.8231459459,83.8847413444,0.385728,0.2338562507,1.44715594582,487.989345936,32.5231,-11.1963,98.7833,11.0100363868,11.0200157397,98.6714179743,0.905767,11.0265,243,129.38405407,2.4695339438,-2.7734429879
0.350944371095,56.4217650754,0.725212042711,250.6448971,11.0177,223.678706511,-49.8261389146,75.4810817031,0.403616,-0.229969470482,1.2873217719,492.634631748,32.5792,-11.2062,99.0274,11.0164309846,11.0255234128,143.789035676,0.913658,11.0324,244,148.948370344,2.50374381169,76.7141231446
0.34702377465,90.9508629762,0.523390025625,226.211466014,11.0261,254.113723347,13.0723413964,77.4321172012,0.387304,0.0786174823843,1.16876514505,415.794292818,32.6344,-11.2225,99.1853,11.0257208429,11.0353158146,103.551106419,0.91365,11.0413,245,139.777378762,2.10897783688,-21.6579488239
0.355485644331,171.13189457,0.590439145403,248.074727382,11.0576,455.808257783,37.8639664999,79.5060630133,0.420878,0.200299150047,1.2701190289,524.086634104,32.6843,-11.2482,99.4533,11.0565215471,11.0663774363,118.012716706,0.920405,11.0722,246,135.616940118,2.65206116402,-67.145610777
0.345926458178,136.749888865,0.817287946379,197.509783516,11.0808,409.156793279,-85.4873801985,61.9100696721,0.368559,-0.393770801909,1.01806001442,472.174259121,32.7348,-11.2764,99.5948,11.0790081585,11.0897754696,162.280275401,0.90887,11.0979,247,149.091890434,2.38828971446,11.3835594459
0.354082760242,114.19402273,0.684071981543,144.919432679,11.107,299.552202635,-64.2446777043,49.7072780425,0.423768,-0.29298525778,0.759150655959,403.473262957,32.7862,-11.3069,99.836,11.1055174183,11.115922319,135.249082891,0.906896,11.1229,248,143.471448463,2.0355415213,3.53415536806
0.3580750547,111.615474809,0.439841952408,280.257560982,11.1344,280.809466787,3.13481035923,87.9196074962,0.422466,0.0308132980848,1.43321221012,487.351316114,32.8289,-11.3301,100.069,11.1332887401,11.1414090618,88.0972336624,0.922299,11.148,249,141.931989908,2.46949338421,8.37191819259
0.346343570855,102.348578423,0.514093032606,242.728231479,11.1527,281.208704844,67.2849641312,84.8007301044,0.38222,0.353193560541,1.25139043182,449.870832443,32.8725,-11.3651,100.385,11.1526226944,11.161791113,102.483462088,0.915913,11.1679,250,142.231174071,2.29809249283,-2.21971844246
0.351679786777,127.027338407,0.595818221741,240.735812134,11.2017,357.444337004,12.0090312087,87.4714276792,0.402635,0.0709506727121,1.24572587376,510.592821128,32.8958,-11.3981,100.55,11.2008713659,11.2097182306,119.945596905,0.917993,11.2172,251,127.911272658,2.59221879104,-13.9614386698
0.350229674184,158.020631125,0.494957824319,329.468503106,11.2426,418.194445465,99.9500451326,107.436202113,0.395281,0.520338476037,1.6827128764,497.597314625,32.9336,-11.4467,100.789,11.2423780337,11.249994493,98.2452317228,0.914974,11.2564,252,195.333398227,2.52283737434,5.05906784441
0.352069036119,58.3128553651,0.370167598339,271.204884649,11.2338,252.658232279,110.068946605,100.571708411,0.415136,0.602135654849,1.39974419014,422.08922414,32.9609,-11.4253,101.028,11.2323502285,11.2405920839,74.191698851,0.906331,11.2474,253,195.558753071,2.15480382201,81.9020841666
0.351868748608,92.7497266123,0.369910435831,267.085304019,11.2752,260.129222681,132.086687525,89.6007406426,0.404608,0.672119871167,1.37164327443,435.848147993,32.9972,-11.4809,101.457,11.2732284041,11.281136366,74.1066345447,0.912368,11.2884,254,148.241766403,2.20690102715,7.20786371399
0.353746822929,80.5036708961,0.443147504979,273.528071557,11.2862,251.627346831,46.077584834,101.978342003,0.404029,0.242300083412,1.41193717555,469.426750188,33.0362,-11.4817,101.771,11.2855019363,11.2944406382,89.1338758439,0.914461,11.3011,255,127.903341589,2.38334916195,8.31785076446
0.353936748043,91.3060268573,0.534176666012,326.791764212,11.3379,235.164044536,85.8546136874,105.457841899,0.399783,0.453146378581,1.67138030758,487.496195672,33.0801,-11.5331,101.984,11.3364309798,11.3454207122,107.05169762,0.929559,11.3523,256,56.9071942247,2.47225965031,-15.5666796597
0.355794087621,121.060125526,0.356011186688,248.814712102,11.3535,368.495238976,99.5623338897,81.1715538893,0.416179,0.536490857302,1.28779988215,451.448931469,33.112,-11.5482,102.229,11.352396659,11.3609658103,72.1721339822,0.914405,11.3675,257,153.869474422,2.29159803338,3.27224980662
0.352191737108,85.5598971882,0.384786648044,273.695144464,11.3788,250.248492638,52.8207907908,96.333561661,0.402653,0.290378598168,1.41356068687,390.632017384,33.1513,-11.582,102.419,11.378666628,11.3872471762,76.3388535053,0.926437,11.3922,258,177.88374845,1.9909905609,17.2508228421
0.35412288921,48.4174851318,0.403490278253,267.606328496,11.408,219.559108892,65.760375905,95.5978599219,0.39512,0.349079837071,1.37906021572,392.988016125,33.1765,-11.599,102.724,11.4079542794,11.4165863884,79.564079176,0.922322,11.4212,259,136.771433973,2.01404523673,88.299107293
0.359066549226,98.6070987333,0.408674077473,233.714771307,11.3934,224.629445284,51.0681683645,81.1294635648,0.414989,0.272936685004,1.2109213225,379.43083223,33.2131,-11.5777,102.94,11.3925701654,11.4009807252,80.2822888978,0.924716,11.4078,260,117.54095038,1.93967860455,-33.5369774181
0.354413614051,64.1709406111,0.237168040368,216.571843773,11.4142,172.015988363,131.510963315,76.3700977734,0.42892,0.705313640143,1.12798370152,311.293441791,33.2506,-11.6123,103.155,11.413746979,11.4219130029,47.8679742706,0.928426,11.4274,261,104.777665118,1.59846723635,1.80025076756
0.360570701114,88.3600581827,0.25848852981,229.019475259,11.4373,263.51954696,67.0646885822,88.414201744,0.436916,0.355353969363,1.18662212625,343.595301219,33.294,-11.6275,103.546,11.4357422579,11.4447289542,51.7874997277,0.917914,11.4512,262,151.824493736,1.74124442996,16.078617728
0.358045975404,41.9426865508,0.221688992112,219.828533745,11.4306,184.012831527,141.562879678,86.725894241,0.4112,0.754923278565,1.14151578076,329.251844467,33.3279,-11.6259,103.727,11.4294163563,11.4390140938,45.1614408252,0.927925,11.4454,263,125.455665734,1.69172540514,75.076383819
0.355920989915,123.13325979,0.236057211685,225.260463464,11.4604,432.711541793,69.669027301,90.3953700527,0.392182,0.361947064986,1.17073926392,318.326628201,33.3549,-11.6467,103.884,11.4598132156,11.4688246967,47.4869782049,0.919697,11.4745,264,250.843248365,1.61470681264,115.449756993
0.362280101329,100.977034063,0.201774780606,133.878947034,11.4543,311.850506389,75.9889504885,58.9132099359,0.421946,0.394361085821,0.701139930293,210.056907076,33.4016,-11.6467,104.141,11.4534615623,11.4620680418,38.2581333454,0.888243,11.469,265,161.070981326,1.09625317973,57.7408058134
0.366583378677,82.2085842551,0.113417985957,87.5807614323,11.4944,232.531260271,42.3477176526,42.6063509388,0.43703,0.257509590864,0.460745210111,167.98257347,33.4456,-11.6889,104.496,11.4935585642,11.5036111557,21.7964276234,0.895767,11.5097,266,97.0195734401,0.886481668943,33.6025207076
0.360740294018,56.792006151,0.223926921149,120.801729645,11.5078,143.967740685,59.2031510768,55.1186532292,0.403078,0.313380599512,0.627161447136,276.965636892,33.4788,-11.7077,104.64,11.506903149,11.515498075,43.6931549418,0.900002,11.5234,267,58.8100166607,1.41420288013,-32.5993186867
0.351716240219,52.90152779,0.400169074773,182.749762805,11.509,199.974490596,78.1962315516,73.6862116121,0.389856,0.404473128072,0.943276152973,337.574027351,33.5078,-11.6997,104.826,11.5088956708,11.5191368942,77.9636427348,0.913474,11.5255,268,142.68620349,1.71209554368,62.4558703405
0.359654676514,81.2486278775,0.353821523245,162.662518407,11.5416,263.76912847,70.6842096828,71.9375655705,0.419841,0.365302011949,0.838559558492,386.31971199,33.5461,-11.7329,104.943,11.5413022238,11.5505331423,68.6806881035,0.914039,11.5561,269,176.007738753,1.97808179726,76.2263701834
0.358075495871,51.2483613813,0.324362006166,223.040246288,11.532,126.522194775,95.1939213745,83.4094352425,0.414758,0.520791388911,1.14824487766,337.821632577,33.5837,-11.7251,105.171,11.5308180878,11.5398515515,65.1545072054,0.919904,11.5481,270,85.4343581679,1.73366810407,-1.60383744686
