Epoch,AverageY,MinForwardProgress,StdReturn,AverageEsReturn,AverageAbsQ,AverageDiscountedReturn,AverageAbsY,AverageQ,MaxEsReturn,MaxReturn,AverageReturn,AverageForwardProgress,QFunRegParamNorm,AverageQLoss,MinEsReturn,AveragePolicySurr,MinReturn,AverageAction,StdEsReturn,AverageAbsQYDiff,MaxForwardProgress,PolicyRegParamNorm,StdForwardProgress
9,0.0256922898026,-0.0604818383174,6.61975305503,23.3073415671,0.00842728,17.2741665277,0.0256922898026,-0.00835577,41.7838495521,39.9392873692,25.5568184021,0.092072514653,14.1912,0.00132846,0.19222907815,-0.0205106,6.56859027864,0.000342561,8.77502484631,0.034048059617,0.210446807733,14.1287,0.0536214915702
10,0.0483707713296,-0.176144996019,5.25634381844,16.952399609,0.0486694,1.59362803124,0.0488358053527,0.0483154,71.6956718721,16.2892002254,0.91177196315,-0.0399597549163,15.006,0.000112119,-6.82504145397,-0.0768664,-16.1026748704,0.965108,17.079335587,0.00510924583692,0.0848746357654,15.0433,0.0432084814468
11,0.0984205557158,-0.115642844649,3.96550559284,5.43238972938,0.0985831,2.11530208296,0.0987247311632,0.0983418,19.8716902169,14.9779812648,1.75146241764,-0.0397642359072,15.7886,0.000120751,-6.83743616148,-0.124153,-8.07488098301,0.91091,6.07213012813,0.00583198204598,0.0599744315087,15.586,0.0312292086765
12,0.148636878896,-0.0341001220622,7.27731572131,18.4168436025,0.148997,14.0950374623,0.149126846358,0.148571,75.4024131799,41.8043459705,19.1138698134,0.0768186101413,16.7233,0.000227619,-6.60658167586,-0.179855,4.43954978393,0.991462,20.7032430437,0.00793521913636,0.232920649764,16.2217,0.0534808221659
13,0.199160225725,-0.0669438159374,5.73960958668,17.0008862298,0.199798,11.4214060581,0.199907771264,0.199095,27.1302074512,30.2037942098,15.147295966,0.0499111637255,17.6499,0.000393753,3.31459978183,-0.223594,-0.637050423773,0.994038,6.89228706955,0.0103052432675,0.161393492505,16.4338,0.0427775888351
14,0.242878685519,0.00617072396817,16.5564213955,17.1734047185,0.243689,28.1672833384,0.243800578516,0.242808,27.1935866057,81.6601345671,40.912640162,0.228966697414,18.5272,0.000548843,6.01962509036,-0.264898,10.5426669649,0.956259,5.95326005219,0.0117780279603,0.506547926795,16.5239,0.116766608826
15,0.28998920506,-0.0495568266284,6.3712894581,29.6033563165,0.290769,18.2936599328,0.290890371952,0.289898,63.9355390978,38.8865183341,24.3107174167,0.102049352714,19.4739,0.000853963,6.09325948045,-0.319955,5.66402017126,0.992634,13.9837410236,0.0146728145576,0.215257833509,16.9457,0.049511982105
16,0.344294471803,0.0250785803512,12.2712272295,23.7073878512,0.344901,26.3931565538,0.345052232126,0.344145,37.671619955,72.1847023633,38.9660324224,0.212820034995,20.2973,0.000957744,10.3256868659,-0.372182,13.2372299818,0.982343,5.7747547937,0.0159087013539,0.441504711403,17.2616,0.0871551588522
17,0.395435742833,0.0591598906744,12.9128776999,47.6482611002,0.395814,28.4051925315,0.395905691124,0.395333,85.39199248,80.3780118294,43.4164144515,0.226420347364,21.1573,0.00123539,9.38613342555,-0.417893,19.8264574678,0.989461,24.1884161812,0.0186221973364,0.453898057629,17.691,0.0882479306031
18,0.447890111779,0.0953222908531,13.1238964579,56.2500632393,0.447929,33.9127033479,0.448128839395,0.447687,83.8941713278,88.1169444162,55.8453228396,0.306042786215,21.9453,0.00149905,31.8016982261,-0.471477,28.3614515619,0.989147,19.4965496729,0.0199519659205,0.562516315864,17.9197,0.0950134127064
19,0.497192300787,0.0718728276556,12.015857456,49.3283887235,0.497202,32.6470095565,0.49737145816,0.497024,61.7018549906,78.6228879251,52.3102485963,0.286957736764,22.6825,0.00165037,15.5517411794,-0.50964,22.7714777487,0.987929,11.9716774833,0.0210920166636,0.476448344595,18.2538,0.0893317665501
20,0.543881291526,-0.428792752554,7.02042667565,33.5707977776,0.543824,-15.51523707,0.544034719573,0.543673,71.0983251947,-0.883243279864,-24.4305100446,-0.272532480801,23.4944,0.00167648,-9.18781871888,-0.589733,-42.774478065,0.973857,26.3568835223,0.0223610651625,-0.0731487686865,18.5133,0.0604604731366
21,0.614345226595,0.0431095576022,13.9297251756,1.75972901604,0.614583,34.6437821276,0.614817471099,0.614183,85.8483242429,98.7100653676,67.5790482535,0.371180056606,24.3034,0.00235549,-69.5433524883,-0.674576,24.4437572182,0.992895,42.7932878445,0.0268047420946,0.560633618521,18.8236,0.0983769940329
22,0.691027323142,0.0811102456898,12.1798805957,51.6364478605,0.691444,29.5771503087,0.691601407252,0.690872,73.8319236104,84.7482218016,46.0366146318,0.250508858844,25.02,0.00281601,21.4551985983,-0.729798,20.761502112,0.98205,13.2629897043,0.0289707961442,0.50197520741,19.0304,0.0825155777161
23,0.756996805801,0.124746395122,13.0834869115,40.9181586492,0.757696,36.5350474571,0.757841612554,0.756784,63.5441500084,90.1199531845,62.0115132775,0.356639310887,25.682,0.00283352,20.4192565943,-0.795271,28.1451531147,0.979058,12.7009167103,0.0294357157563,0.558042441992,19.1594,0.0927165256505
24,0.81249478262,-0.0354004706392,7.81985949055,33.8918450157,0.813395,22.6670282984,0.81354027829,0.812253,57.7265550797,65.3355291866,32.472769497,0.161251384529,26.3728,0.00305525,15.9621199182,-0.867002,7.80191321494,0.981493,11.1266556653,0.0317931595505,0.38222121934,19.3854,0.0564547394575
25,0.878872224187,-0.0713591386005,8.22388758794,13.7117473919,0.879764,9.26635849784,0.880006119631,0.878537,37.0149663236,34.1483177453,12.2917427384,0.029985383693,27.1397,0.00392374,-3.79329591712,-0.948291,-1.7896210623,0.968509,10.634473962,0.0356119971615,0.18181421094,19.6625,0.056206600524
26,0.93849278088,-0.0800824956121,5.17377954867,9.71889665327,0.939181,6.52114615413,0.939488718632,0.938146,37.216036503,23.4979758496,7.95552896764,0.00587643917665,27.9914,0.00449324,-1.92079896219,-1.01096,-3.81188800928,0.984842,9.12389845428,0.0379740823449,0.117247542474,19.9022,0.0379043197614
27,1.01689557578,-0.111320087299,5.29113780165,7.59283904215,1.01758,5.95491781281,1.0177560382,1.01666,16.0419531049,31.6751713198,7.26711915988,-0.000626911171358,28.6236,0.00480212,-0.637666527583,-1.08955,-6.94809882176,0.977095,4.59097953212,0.0394969982872,0.171966731883,20.0517,0.0388305384642
28,1.0865770194,-0.0977241722853,8.97857515337,9.1959904009,1.08728,7.81027204565,1.08745394833,1.08629,34.5793734963,44.1546575372,10.1837318738,0.0165312747532,29.2549,0.00541334,0.330373132566,-1.17427,-5.73910566379,0.983146,7.22601981827,0.0421509673027,0.251438389736,20.2373,0.0607669122486
29,1.16482086147,-0.0996345120807,8.13292027201,8.44919480587,1.16571,7.68995160303,1.16580541589,1.16459,30.0393624429,40.0901661531,9.87070052587,0.0160889672151,29.9365,0.00617071,0.324105621341,-1.24472,-5.12839355424,0.985224,8.00020583145,0.0437690881821,0.227362622342,20.4139,0.05478434921
30,1.22583053705,-0.0970974577021,8.20817843737,10.0761846458,1.22652,7.95394001434,1.2266890769,1.22554,33.1362077589,33.3272791485,10.4443708623,0.0170073870581,30.4977,0.00635957,0.644922891658,-1.29132,-5.5658600632,0.985523,8.41431265662,0.0442880973701,0.172978092329,20.608,0.0560249728814
31,1.26933669326,-0.0867381699801,4.76385519054,8.41673063259,1.27024,5.60060406248,1.27032068653,1.26912,24.6200701119,22.674098401,6.71969663333,-0.00108264534244,31.093,0.00686275,-0.374838633095,-1.3371,-4.75039760489,0.982298,5.37324981824,0.0470176569101,0.10126977761,20.8753,0.0359031828465
32,1.30962094444,-0.0948762474365,4.52045469105,7.72952819237,1.31034,5.33245615635,1.31037689138,1.30942,15.6147137112,18.3428224614,6.34098359801,-0.00245055016215,31.7449,0.00746271,-3.87374467932,-1.3532,-5.6033123221,0.981414,4.32444853819,0.0485564181425,0.0900125323801,21.0961,0.0350228915541
33,1.34043270006,-0.113884054228,4.8256773825,5.51834974061,1.34113,5.72114745206,1.34115225109,1.34022,12.819128839,18.8958674855,6.8092707167,0.00105333528481,32.2663,0.00758661,-0.955066765221,-1.38555,-8.00358356518,0.983928,3.75518794014,0.0488293337673,0.0992130865153,21.3099,0.0374760453719
34,1.36710327584,-0.0868914603719,4.76258712539,6.52393184767,1.36801,5.39143614916,1.36794873142,1.36692,16.6992214523,24.1247893903,6.5314215567,-0.00366266310834,32.8406,0.0076167,-2.65049208532,-1.42877,-4.02701108571,0.976935,4.49542573288,0.0494858407701,0.105188377626,21.5238,0.0352149255897
35,1.40527150129,-0.0764320688694,4.27786140804,8.12493050038,1.40622,5.88113040039,1.40622608224,1.40499,19.539563903,21.5566935138,7.05253289707,0.00162977326823,33.3838,0.00773558,1.69400715908,-1.43731,-2.99094032886,0.984592,4.32523125297,0.0504467574946,0.117286848337,21.7085,0.0330751927145
36,1.41769822851,-0.119145842736,4.46025673908,6.19980168248,1.41865,5.832192427,1.41862026526,1.41744,13.2579586444,20.9848753032,6.9418218325,0.00193543162369,33.9116,0.0077517,-0.10060644478,-1.45238,-8.47217705714,0.979374,4.07262555106,0.049572368812,0.110422844399,21.8483,0.0348421085498
37,1.43038325952,-0.0993180958823,7.38962957539,6.90294904029,1.4314,7.73963988383,1.43114778119,1.4303,21.0535204998,37.0045014904,10.0166328419,0.0147170113195,34.441,0.00791467,-1.39072859561,-1.47059,-5.8918445475,0.975156,4.98378537083,0.0500494510321,0.195050821687,21.9653,0.051474974488
38,1.46071533427,-0.0726547444803,4.11382169393,8.73265339001,1.46156,5.80173637561,1.46133261267,1.46055,31.6444474284,20.5253288982,6.94137116368,0.00116465000302,34.9369,0.00977492,-0.747144572319,-1.50295,-2.90668703579,0.969994,7.69148822312,0.0512761538279,0.0925178016704,22.0889,0.0308252703454
39,1.47746098041,-0.107186228982,4.6301997416,6.73930599907,1.47838,5.42364689116,1.47815867459,1.4773,17.4657001884,21.9069098424,6.43990498217,-0.00121145577598,35.4682,0.0110765,-3.68410467066,-1.54104,-7.47376916837,0.974249,5.01473244306,0.0530489342735,0.118271008647,22.2241,0.0355672281767
40,1.51248935995,-0.0861575556592,4.38519375801,5.37899168031,1.51341,5.71295110272,1.51310428856,1.51236,11.5562956738,31.5161752005,6.77126344784,0.00234514575439,35.9704,0.0117033,-1.64185951811,-1.55414,-4.76583341498,0.967157,3.2529158403,0.0531196721459,0.168022977674,22.3182,0.033164493832
41,1.53541819177,-0.0908678977008,4.21730364719,6.44277244546,1.53649,5.39750582853,1.53626619473,1.53526,15.4601907245,16.2190191305,6.36967167817,4.61329173403e-05,36.5295,0.0118912,-4.17380479836,-1.57497,-5.2204284035,0.984257,4.78165899454,0.0541462612791,0.0772146524887,22.4686,0.0324370031045
42,1.55162422235,-0.0875829601612,4.14703358531,7.37023747264,1.55252,5.58122860732,1.55238878742,1.55144,14.4420847753,17.3638551199,6.58671794028,0.00179400209924,37.0516,0.0116211,-1.74603333034,-1.60032,-5.088897514,0.974355,4.14762394322,0.0542162897117,0.082069649912,22.6262,0.0318049880692
43,1.58103434306,-0.078248948031,4.16231583423,5.17380121227,1.58198,5.27730296195,1.58179124775,1.58086,15.6453057663,16.789936259,6.23313348875,-0.00147351345662,37.5998,0.0113493,-3.41839409627,-1.62949,-3.96417508455,0.978252,4.90202813431,0.0546322590669,0.0780300339311,22.7719,0.032108944526
44,1.59513243836,-0.107970933497,8.5543237476,6.32792678024,1.59611,7.72602266533,1.59587755495,1.5949,18.2376437575,49.1977851014,10.0134587469,0.0170858375932,38.1473,0.01417,0.840883612046,-1.64417,-7.29460718317,0.976851,4.263674334,0.0572416155724,0.257659257815,22.931,0.058140636096
45,1.64034130655,-0.0903271283592,12.0392026394,13.9525017905,1.64153,9.34659829576,1.64116170336,1.64036,51.219399214,54.2690540263,12.8692308068,0.0352816784146,38.6583,0.013899,-4.86681597608,-1.70841,-5.17679404625,0.972364,13.8008068305,0.0575062469156,0.299558807526,23.0688,0.0767693232234
46,1.65558365922,-0.0970471343477,5.62550997819,6.52723001232,1.65671,5.82951887963,1.65645995817,1.65547,20.121728008,38.8229869501,7.07670541026,-0.000945973705718,39.14,0.0139324,-6.03073005567,-1.70194,-6.05032612121,0.981593,6.40488551867,0.0587681145235,0.213677032826,23.1379,0.0386282353693
47,1.66465379007,-0.097533306413,6.76756123541,7.82868806718,1.66596,5.95609447673,1.66560464859,1.66453,25.5578278132,47.4200286979,7.3796388507,0.00120815258921,39.6556,0.0159783,-0.482611947716,-1.69013,-5.90563592873,0.9811,5.89887931781,0.0603020192717,0.265641616013,23.2341,0.0461597919464
48,1.66353076306,-0.0760374099456,6.2522305691,8.23782557943,1.66479,6.55653052661,1.66465057936,1.66331,23.9784585465,42.5528966185,8.10614533631,0.00639596597722,40.2338,0.0158373,-0.655165731484,-1.69793,-3.4941352374,0.968953,6.0813833399,0.0629545378887,0.237208001483,23.3603,0.0437532620035
49,1.67751357774,-0.0821572473416,4.18592022767,7.16093169296,1.67881,5.7837442288,1.67863414082,1.67736,26.69840795,19.0759624952,6.88061015717,0.00175736065335,40.7023,0.0158669,-7.54264112012,-1.72966,-3.8614680199,0.961475,6.79645182276,0.0620545218562,0.0865322485113,23.485,0.0323047213357
50,1.71440847072,-0.0739120107017,4.97182566341,6.84754882265,1.7158,6.2232606239,1.71557888988,1.71433,16.0086194534,28.4469998515,7.56711399848,0.00355462898153,41.1629,0.0160281,0.122063836987,-1.75663,-3.00607001252,0.969911,4.27925488277,0.0619723332329,0.126017074136,23.6023,0.036060596406
51,1.72300908929,-0.103298206669,4.7635205505,6.49924307527,1.72454,5.59485865925,1.72420636153,1.72301,13.1034846647,28.7159182143,6.66459299193,-0.00068300010432,41.6399,0.0124758,-4.81269707215,-1.7608,-5.27596855267,0.968615,4.34968207473,0.0596749536468,0.147335574986,23.7133,0.0367894515165
52,1.73914596152,-0.109907323177,4.26329256044,6.03257662541,1.74042,5.64221262328,1.74016357681,1.73909,13.356473326,18.8213706914,6.73562113354,-0.000513314949282,42.1214,0.0127769,-3.07500595206,-1.78078,-7.27886930924,0.979,4.36170820058,0.0607742687236,0.0924341356076,23.8347,0.0332018333746
53,1.75127555029,-0.0832981577152,4.15756533962,6.67553017808,1.75261,5.86047637747,1.75232631255,1.75118,19.2236857092,19.6195463504,6.97754387067,0.00213628963447,42.6223,0.0199002,-3.09234945379,-1.78848,-3.86689876071,0.982711,5.23260815546,0.0659535256329,0.0965159843411,23.924,0.0322619876244
54,1.76172301674,-0.119798764414,4.48644939565,6.80743756369,1.76308,5.33592000677,1.76274888394,1.76164,14.7990673987,20.9964057228,6.35935865559,-0.00285894674988,43.0932,0.0161809,-1.6097242491,-1.79118,-8.6504511632,0.976974,3.90169117226,0.0622759915092,0.109763684008,24.0276,0.0347552914033
55,1.74288251935,-0.0923556539125,4.14605281807,5.6028186838,1.74422,5.37407628795,1.74401670032,1.74267,11.1577091537,18.0490939232,6.3913613447,-0.00219696568179,43.5537,0.0204326,-5.68340993492,-1.77049,-4.82622181587,0.977126,3.70933825333,0.0657921851056,0.0831584565004,24.1578,0.032023344961
56,1.75023707815,-0.0985245951535,4.17287229724,7.32283397698,1.75143,6.05348767862,1.75114780472,1.75007,15.1112999233,20.9119675846,7.21661883476,0.00385661144314,44.0705,0.016231,-3.74880205276,-1.78305,-5.88541963003,0.976222,4.74909748184,0.0647269050188,0.109166761034,24.2669,0.0322982876311
57,1.75427295657,-0.0720123031621,4.39620513787,5.57400607352,1.75568,5.73581491273,1.75540207823,1.75414,13.1502772276,19.3426260565,6.81311876191,0.00143191245427,44.5529,0.0144117,-5.30630090575,-1.79359,-2.61871971483,0.984654,4.64934826781,0.0637874661378,0.0957216379513,24.3875,0.034067043768
58,1.76301139447,-0.0780054062574,4.19417776505,6.8235072748,1.76416,5.63625688974,1.76398483387,1.7628,15.5453525518,19.1689535145,6.69771745731,0.000330786462106,44.9709,0.0235088,-0.549571606838,-1.80009,-3.2450905505,0.983373,4.2259687061,0.0685246526599,0.0967286181357,24.4705,0.0325964950327
59,1.75754303558,-0.0837796877202,5.88967259557,6.47493426149,1.75916,6.28460207712,1.75846837066,1.75764,21.2916185773,43.5413576505,7.69218517846,0.00527504179743,45.4046,0.022917,-2.59756880936,-1.78814,-4.0001757728,0.979945,4.95230255531,0.0685587381636,0.237600849315,24.5752,0.0415496731644
60,1.7674368896,-0.0837789691269,5.36984918998,6.66762016999,1.7687,6.35517117645,1.76848332184,1.76717,19.7896522631,42.9232800735,7.73414505433,0.00520802396755,45.8709,0.0201036,-9.6413050233,-1.79153,-3.97216922672,0.979272,5.76187216273,0.0683882674544,0.226074058475,24.6779,0.0393988712592
61,1.76355328183,-0.0867898560616,8.05288144495,6.55179815726,1.76511,7.11202672194,1.76462964633,1.76345,13.0510184427,46.1616837816,9.12255147751,0.0110848533646,46.303,0.0173357,-2.40040452841,-1.79458,-4.34288537392,0.976747,3.79939634132,0.0667386169003,0.265338224048,24.7923,0.0554989406312
62,1.76287903463,-0.0954229843472,5.23442643929,8.37489403422,1.76392,6.73135254769,1.76380086045,1.76262,16.3171307107,30.24491248,8.26930940468,0.00658816112116,46.7279,0.0177438,-0.149508463057,-1.79521,-4.26477136681,0.979531,3.73016302439,0.067117241482,0.14971567405,24.8974,0.0393518473508
63,1.75690419144,-0.0825283607749,4.22138719317,5.35211817437,1.75825,5.67552654434,1.75794902049,1.75679,15.7650592099,17.6414285195,6.73107471815,0.0013073354095,47.1438,0.0197993,-6.42861747702,-1.80063,-4.39799254238,0.983955,4.2349294226,0.0686279011518,0.0841505999945,24.9962,0.0329888993696
64,1.79591669284,-0.140729516082,4.58582140482,5.4273623164,1.79721,5.29938145704,1.79701046238,1.79567,20.0765817381,19.4744409563,6.29400773569,-0.00257468679491,47.5689,0.0238405,-2.19164406566,-1.85041,-11.6405392127,0.985617,4.78576678497,0.0712179442112,0.100294325288,25.1047,0.0355240466083
65,1.81611649124,-0.0967729233447,4.35475123647,8.02227624133,1.81727,5.53070820035,1.81706330062,1.81578,21.9112180777,19.4864831979,6.59693971413,-0.0012040755546,48.1031,0.0250939,1.12262129376,-1.86416,-5.6012411032,0.982862,4.29217436332,0.0724234771823,0.0907253719156,25.2164,0.0336699484316
66,1.81094867649,-0.0870320934245,4.61225791122,6.22524166575,1.81242,5.87916081512,1.81185430856,1.81088,16.2086308982,20.172037376,7.00447019059,0.00219345546865,48.5302,0.0200752,-1.59803431075,-1.85887,-4.36770144631,0.982152,3.8710558567,0.0715040466318,0.102976366458,25.3243,0.036032650808
67,1.81672868356,-0.0899295802502,4.34676861346,5.31606920204,1.81794,5.41834114718,1.81759551252,1.81641,13.1793921373,21.4532407096,6.475833417,-0.00279257111936,48.9524,0.0235992,-3.2503383747,-1.85483,-4.74941685935,0.978948,4.32415164083,0.0730666913723,0.113099752723,25.4272,0.0335965537873
68,1.83175117866,-0.0729629157129,3.94837411425,6.50016831342,1.83297,5.60798166229,1.83256006675,1.83157,13.9235938386,17.3841760823,6.62296135417,0.00180716821218,49.3208,0.0217981,-2.7475866715,-1.87397,-3.08320835434,0.97372,4.80069707695,0.0719506649951,0.0834283576585,25.5722,0.0303956680368
69,1.84427879699,-0.0725295310873,4.25508724423,6.80341535829,1.8453,5.67901999618,1.84517316105,1.8439,14.366391888,18.6078966978,6.68884258739,0.00310234351873,49.7818,0.0235693,-3.23156159898,-2.01626,-2.95019767141,0.972883,4.32348445161,0.0760256309231,0.0926150699788,25.6727,0.032826312448
70,1.94779936204,-0.0858735230033,4.08432435736,7.09957194982,1.94833,5.43338715971,1.94843320104,1.94709,18.5705838626,17.4624107014,6.40960559384,0.000394952221881,50.3069,0.0339417,-0.87081512907,-2.07439,-4.75687541425,0.983321,4.02810299685,0.0863406301559,0.0856422774213,25.7873,0.0315369579761
71,1.9875077694,-0.0832837152215,4.09779976682,5.7727941078,1.98853,5.41094452614,1.98808182642,1.98715,11.6139229552,16.9471268729,6.40618753775,-0.000773684212032,50.7949,0.0284501,-2.84724509326,-2.07158,-4.0502046497,0.983783,2.97456035157,0.0860081683258,0.0817464655637,25.8268,0.0318537705356
72,1.9818754477,-0.108471586067,4.48430366401,7.07291052896,1.98317,5.78420550708,1.98270775364,1.98159,15.5639799381,20.8591600988,6.87001990636,0.00211686148599,51.2187,0.0308994,0.233079038083,-2.02188,-6.75456286698,0.987572,4.47307900032,0.0861700576807,0.107862506027,25.882,0.0347783059956
73,1.96231540858,-0.0877089274695,4.29844680416,8.29768779885,1.96343,5.44288231212,1.96315684263,1.96197,16.2764824457,17.2896907427,6.45437546719,-0.000791894443344,51.6385,0.0267168,-1.75760918008,-2.00073,-4.64678693006,0.991445,4.58604765153,0.0855229729216,0.0844283107141,25.9316,0.0333001277942
74,1.96463606214,-0.123151074359,4.49209505967,4.89969089866,1.96619,5.29488206788,1.96557834089,1.96434,16.0201311531,18.0332527367,6.28519051528,-0.00250341707848,52.0553,0.0310506,-7.58185166176,-1.98947,-9.59463778826,0.988816,4.35673564568,0.0877065234039,0.0867264951132,25.9925,0.0349026030529
75,1.96912800505,-0.105743805468,4.63578832056,7.98312511679,1.97127,5.62617770357,1.97056549984,1.96889,17.5271185414,19.7464458108,6.68283270509,0.000434191778781,52.4812,0.034383,-2.52612045724,-2.01457,-6.74810206763,0.98668,4.66630270461,0.0897993072691,0.0994901636529,26.0425,0.0361405263384
76,1.99260992339,-0.0861659313487,4.34288171677,6.0696247472,1.99497,5.4280196449,1.99438730276,1.99232,13.7640232226,17.7150200023,6.44273834945,-0.00116075730944,52.9358,0.0492621,-0.43640621918,-2.04432,-4.80777985406,0.987285,4.00809283929,0.0951702533673,0.0877198616881,26.1176,0.0335556165626
77,1.97492789228,-0.111964636282,4.16392732094,6.97154653544,1.97795,5.36574473681,1.97710137055,1.9748,12.3387903665,20.1882830958,6.33099585459,-0.000100540146976,53.3718,0.0336637,0.478035334456,-2.02429,-7.87965599737,0.980156,3.24530124169,0.0927299443133,0.104062859334,26.1835,0.0318698163254
78,1.98738087013,-0.0867198182977,4.36768615821,7.40388076686,1.99038,5.17719282107,1.9896917395,1.98722,17.1506973596,17.5382444466,6.11894229887,-0.00238177972204,53.7695,0.0351437,-0.778434413099,-2.03461,-5.2452947079,0.989676,4.96663882803,0.0948968169782,0.0884584093786,26.2711,0.0336545242521
79,2.00586320969,-0.0920611318406,4.17841168668,6.7796091845,2.0088,5.40376087894,2.00820283072,2.00571,16.9966823276,17.0896154088,6.39388916602,-0.00071034073889,54.1941,0.0333089,-1.32377712589,-2.05336,-4.85374200073,0.989495,4.84650068465,0.0939945670262,0.0825119608862,26.3572,0.0324980864973
80,1.99072215347,-0.16314768439,5.28907930516,7.07890390984,1.99362,3.9847567566,1.99316840317,1.99042,15.1797396091,16.8843073394,4.5989189303,-0.0140172821833,54.5713,0.0460649,-8.4042455114,-2.03097,-14.0630061555,0.98981,5.53368927759,0.100396454739,0.0796404427018,26.4358,0.0419695497614
81,2.01689045957,-0.153893371079,5.18029448233,4.63838898315,2.01994,4.33913309096,2.0192937055,2.01681,11.9058925167,17.1419680305,5.00848735131,-0.0120317316135,54.9346,0.034538,-11.2158793034,-2.06707,-11.6942109899,0.985547,5.7867245307,0.0954767061598,0.0811027976015,26.5104,0.0415399238333
82,1.99759060877,-0.105461846471,10.3471506078,5.44489442803,2.0004,7.80671837929,2.00006249805,1.9973,20.0675392739,77.9929286224,9.81495866381,0.0176873518499,55.3471,0.050886,-9.43890664366,-2.12564,-6.11279690758,0.977275,6.33801312565,0.102541331507,0.509786868195,26.5792,0.0745321266875
83,2.10545825147,-0.0729266823261,14.056668056,10.8127204507,2.10741,12.7366699504,2.10776219589,2.10436,43.3209806966,82.4179671001,16.8785212036,0.065486046068,55.8236,0.0611287,0.550701675888,-2.29636,-1.86006188443,0.983189,8.67597148786,0.112460813758,0.51944983797,26.6541,0.101392401119
84,2.25410938791,-0.0729594174572,13.2807517817,21.5196568138,2.25623,12.3695077336,2.25596782498,2.25365,84.8897538466,107.79557067,16.5735453582,0.0618609963089,56.2975,0.0829811,2.62386949939,-2.42945,-1.29257153154,0.985309,20.2810440849,0.126220229449,0.704707666484,26.7221,0.0953569784806
85,2.32175297023,-0.0663384693944,13.0181787272,17.2853447354,2.32363,12.2288424191,2.32365110811,2.32073,61.0296443167,106.153117414,16.3756730608,0.0600160419807,56.7667,0.096176,2.9469976425,-2.44313,-0.456475899162,0.986009,11.8260255246,0.136052074916,0.692684715138,26.7729,0.094311966983
86,2.40641134088,-0.0596261139793,17.2623987455,15.9707474525,2.40784,12.8367846987,2.40825558315,2.4053,60.053082487,103.990301944,17.4181707888,0.0684546736762,57.133,0.0891623,-0.404654260798,-2.53329,-1.00499081715,0.985783,13.7933212002,0.138499336442,0.672865734587,26.8188,0.123127222399
87,2.46686819849,-0.0711037384956,16.5776910711,14.8488844284,2.46941,13.0263857051,2.46920672817,2.46603,46.955934168,92.8201220685,17.5708216619,0.0700614190822,57.5177,0.109136,2.29883928143,-2.57505,-1.78855185916,0.981519,11.1986704171,0.142437636603,0.600553845809,26.874,0.117824758512
88,2.52546037224,-0.0720397597079,16.9292942181,13.7136053398,2.52776,12.7819589233,2.52780007945,2.52459,66.4764927296,98.8006066924,17.2711289403,0.0680152703202,57.8779,0.093989,0.595817159232,-2.63094,-0.561033155828,0.986243,13.6901825472,0.144914537664,0.645132808564,26.9253,0.120158963594
89,2.60983473431,-0.0891709340546,12.5741113074,20.4543634191,2.6124,10.4854269975,2.61242557085,2.60878,81.87723584,95.6578121828,13.7868422726,0.0439185489142,58.2518,0.0891226,7.04354967995,-2.71448,-3.33595870202,0.986312,18.8659247284,0.145611621192,0.631917786137,26.9848,0.0892433891616
90,2.63676177211,-0.0789801041218,22.5941698767,15.3802420578,2.6388,15.0125808145,2.63919288914,2.63538,93.0673070999,110.987195719,20.7079589899,0.0934502061978,58.5446,0.112933,-0.918158462397,-2.7505,-1.5798006444,0.987276,19.8681508187,0.15351379999,0.721558697626,27.0526,0.160508738851
91,2.68213311311,-0.0804417482234,19.0441243058,20.2933236947,2.68566,12.3630554672,2.68567076287,2.68078,70.2169161442,100.717712887,16.6502800471,0.0660531782509,58.9346,0.102776,-2.96601933782,-2.82761,-3.0326976471,0.988624,16.5097101863,0.156274740045,0.663813638326,27.119,0.135403214927
92,2.79145672602,-0.0751089607326,29.5422686659,23.0014306175,2.79552,19.9832001127,2.79536781191,2.79056,91.9433665745,107.59407042,28.9449109911,0.15038823962,59.2629,0.0850192,3.2448781391,-2.98954,-1.80594096689,0.989358,20.7714463122,0.153512903418,0.705638243289,27.175,0.208862451466
93,2.88306958553,-0.015329847127,31.5242232018,38.1555271039,2.88769,36.6996108516,2.8879894242,2.88195,87.2988746285,117.876263868,66.7924030645,0.380799647243,59.6555,0.0930663,0.291985086041,-3.07041,17.7450225122,0.971401,23.8124574572,0.156472481947,0.737720280734,27.2461,0.215089051537
94,3.00375057164,-0.0137494336971,16.585009662,46.3678234586,3.00695,26.3546181982,3.0077727949,3.00165,93.5361328498,117.609717646,38.1831452917,0.199369910237,60.0301,0.138552,15.2728510052,-3.21315,10.0987515643,0.981251,25.1471094668,0.170114223783,0.7390381897,27.2926,0.112408297461
95,3.17156227755,-0.337869414056,19.9455485378,44.1090377544,3.17339,24.9540721036,3.17426633647,3.16962,120.569119713,107.482500806,36.213166953,0.174947188345,60.393,0.0947825,2.67905739109,-3.3821,-19.7999862342,0.979178,29.3015268623,0.168217081303,0.668194297136,27.3787,0.14503588578
96,3.32369834398,-0.0556502550391,14.9810609339,40.9294318479,3.32461,27.2477114387,3.32614600928,3.32102,103.562701415,107.214398674,39.5530807482,0.205483394969,60.7588,0.117185,20.0373454871,-3.56961,11.5448774491,0.979033,21.4970255534,0.176597083499,0.683746578134,27.4699,0.104339894043
97,3.46756213211,0.0278137189364,15.4863331056,45.4337312585,3.46903,28.0105127486,3.47022666226,3.46488,105.613968967,97.8554705567,40.4417151836,0.215839072605,61.1496,0.125018,16.7814408085,-3.7069,19.1499585175,0.972308,20.7933737784,0.18626903836,0.596946779687,27.5185,0.109610776591
98,3.61224467484,0.0228139522793,16.2608872568,35.3324250384,3.61368,29.9381652268,3.61525285914,3.60934,48.4541491522,111.943036387,45.0952358115,0.240629252968,61.5342,0.113917,15.8534921239,-3.85613,19.637800202,0.967445,8.02974268615,0.188426756523,0.692035360007,27.5628,0.111237244847
99,3.74962254807,-0.0150390063755,13.6411779909,34.7528724487,3.75062,28.7381028904,3.75278996997,3.74597,78.8525639594,97.4629501669,42.043982194,0.223632276633,61.912,0.110326,3.5001989053,-3.98614,10.5369744609,0.97295,15.4769444264,0.193277441195,0.620496751818,27.6274,0.0937955459847
100,3.92681096745,0.0209869273752,20.5546800002,40.1844648746,3.92809,32.3252730337,3.92932378285,3.92374,86.6491390759,120.804871386,49.9786011162,0.274172239617,62.2524,0.136744,24.7304733874,-4.15895,19.2051026923,0.969856,14.7147786223,0.201554020898,0.783539039363,27.6914,0.143962124575
101,4.06697435548,-0.012318312503,12.3860116976,46.0139326053,4.06743,28.5628236117,4.06938949364,4.06324,83.4835184362,95.3229139246,41.7051293717,0.218298460883,62.5621,0.135733,25.9102380193,-4.33552,17.6929402894,0.975015,15.1325198792,0.207872561267,0.579835673656,27.7576,0.0871384592331
102,4.2518942475,-0.0127205272309,10.233447948,40.3924814274,4.25253,28.8449725479,4.2544868943,4.24824,61.0587618212,89.3968984911,41.3377631518,0.218666071609,62.8417,0.150169,0.174487483608,-4.51667,19.7423014871,0.983837,14.3556951425,0.210825412772,0.562385145876,27.8104,0.0764690944832
103,4.38700847395,0.0457133286468,13.4050714941,36.7544205893,4.38869,30.1357501862,4.38988341792,4.38376,63.4341092663,114.922227064,44.1436872096,0.241658046777,63.1793,0.14328,1.75584347948,-4.63527,21.4652722391,0.983231,12.3020803714,0.211897495416,0.706802975431,27.8642,0.0922945650376
104,4.52049028614,0.0334364332257,16.4454948654,38.867251096,4.52251,30.5454482028,4.52372622413,4.51731,58.3172048625,113.637159088,45.5781624819,0.250328155379,63.5513,0.16238,0.836142310445,-4.75648,17.0686029767,0.986173,12.2646035379,0.21842649671,0.707855103322,27.9086,0.111346537888
105,4.62730312206,0.0705469284719,14.2455957526,47.3451167327,4.63003,30.8113294485,4.63066091843,4.62425,104.234964931,105.808871715,44.6118438153,0.24886208376,63.8557,0.177053,23.9111193583,-4.85825,21.4253560537,0.981244,24.5252646678,0.220104363491,0.673321999642,27.9582,0.0998442331199
106,4.72192661103,0.0702899104806,21.3765649523,45.0719466588,4.72556,34.7755803973,4.72600462469,4.71912,78.6573279589,133.016148524,54.4683221368,0.305243024031,64.1952,0.158254,23.7969317237,-4.9452,22.2234519143,0.983656,15.1388812484,0.217461570133,0.852231493041,28.0189,0.150324359267
107,4.85087847249,0.014462700799,17.3277470589,45.5597203929,4.85451,31.6832160198,4.85464838977,4.84836,80.6569123954,105.173688113,47.3879955897,0.260423005279,64.515,0.152526,28.8170962141,-5.07377,25.3646130541,0.976939,13.1327804431,0.219531159782,0.665689375934,28.0659,0.122148712244
108,4.90809124573,-0.0280260664545,17.9516111202,45.8884225732,4.91169,35.2019074096,4.91147086844,4.90573,107.513960323,146.272045674,54.975985979,0.304795063727,64.7959,0.152529,13.5039837291,-5.11917,13.0746564937,0.974266,21.8064908305,0.222227746685,0.909169583663,28.1137,0.122367088358
109,4.97187313095,0.077612781115,18.2181547424,48.2582505948,4.9759,35.4090448964,4.97552035019,4.96944,80.9114296485,95.4156555607,55.5724739894,0.308158311785,65.0958,0.144117,2.62146441175,-5.17732,28.5787741405,0.978861,21.4309420416,0.218151483679,0.598970950317,28.1769,0.125676285974
110,5.03046109615,-0.00949784232159,19.2556447847,62.8913214136,5.03503,35.943273968,5.03408619063,5.02845,87.253441365,104.752979294,57.6966302391,0.321368638379,65.437,0.203313,37.4734387251,-5.23819,19.4010377245,0.980482,15.3919816782,0.227853636305,0.625857426805,28.2354,0.134561276712
111,5.13085837281,0.0558554690593,21.0688019005,67.4548027195,5.13456,34.2372120235,5.13437615428,5.12868,108.398028654,101.667673436,53.2177077824,0.299698342679,65.7633,0.132917,31.8530754493,-5.3356,20.2205324886,0.981794,28.3450788069,0.214474061069,0.651119727299,28.3098,0.146399193049
112,5.20103545908,0.181187651524,13.0105071314,61.1223233141,5.20451,46.2340205998,5.20401221252,5.19915,110.668086379,108.387471654,79.462480959,0.479531778554,66.0807,0.166753,22.89899637,-5.40707,36.3552303302,0.974274,26.7221272011,0.221482715171,0.697445532091,28.3847,0.0961523669089
113,5.24869729421,0.00596185618262,15.7845803592,83.3007464466,5.25127,44.8492110175,5.25149415861,5.24668,112.793848662,115.371117746,81.6329669445,0.480582451134,66.4177,0.150721,29.9770780661,-5.45856,17.7774293596,0.979921,21.3764328019,0.221646170489,0.711445604987,28.4731,0.122475545335
114,5.3272994323,0.0740604746224,16.5050899704,78.5244986075,5.32948,46.7956451146,5.32967824542,5.32553,95.6449982539,116.946147894,84.9017560125,0.506776091474,66.7393,0.143186,56.1186284887,-5.54943,32.3966965694,0.981718,12.8469918454,0.221541029571,0.756874422052,28.5473,0.12991976066
115,5.39239894824,-0.0524705924978,21.5489627096,63.1519798833,5.39415,40.3905984886,5.39488867831,5.38954,86.0903737854,115.786969349,67.986724899,0.391504642702,67.1227,0.199064,21.4410776953,-5.6181,15.1979367589,0.985645,19.7576499433,0.232134225378,0.734499455093,28.6082,0.162318182825
116,5.48146002802,0.128056470859,17.7458958618,62.5370002051,5.48313,38.4211121067,5.48394721006,5.47914,99.265889252,115.163939606,64.7342242119,0.370730601752,67.5015,0.185611,22.8774535779,-5.71512,31.0747330018,0.982769,23.0764190118,0.228399249385,0.682812065476,28.6802,0.126660092742
117,5.57089626612,0.0500642314552,14.3897805095,43.4123318234,5.573,30.0751761336,5.57356399077,5.56861,80.9241264198,98.1814335588,47.2813770672,0.249393499554,67.8183,0.16843,20.063881096,-5.80005,21.6943883735,0.987087,18.0540071788,0.228410448368,0.601217439614,28.7435,0.103448372734
118,5.63343921083,0.127956886373,16.7798703758,52.7452422893,5.63517,34.4832723234,5.6355642767,5.63115,83.1237518843,93.8179533881,56.8292377834,0.316327343474,68.1527,0.141622,4.20597428488,-5.85358,31.7078909121,0.986989,21.8792373398,0.222619328163,0.573722118809,28.7968,0.11793549817
119,5.6982397243,0.0391441964861,8.06556604897,51.5592879503,5.69997,31.668191582,5.70057129296,5.69578,90.5049803097,71.9455679464,48.4358886761,0.264406878011,68.507,0.19104,6.1546353128,-5.92188,21.4283961567,0.986368,20.0358938154,0.231725409931,0.424771609863,28.865,0.0620544940177
120,5.73978394392,0.0342543410886,13.913510705,48.007419019,5.74191,26.9428151306,5.74213356739,5.73745,56.6850408738,67.9827432913,40.2201108969,0.209996408804,68.8842,0.196836,13.5222023187,-5.961,13.2622755523,0.980865,11.1832625015,0.233158933156,0.418186231345,28.9128,0.0981679693374
121,5.76143370764,0.0508796941296,8.00317945796,37.9007813578,5.7634,23.1014143076,5.76401851091,5.7591,68.3203550975,64.7031211478,33.4563582894,0.164211814688,69.1872,0.164217,7.21887421187,-5.97831,18.3735731445,0.983492,15.35486394,0.226947132699,0.383360937115,28.971,0.0578049401367
122,5.87937434785,0.0440254730246,10.2180301614,37.477856586,5.88128,26.7031259013,5.88157801687,5.87718,49.8426881994,69.3138637181,39.6222405186,0.208723835424,69.4877,0.159168,3.4475376972,-6.08718,15.5651161344,0.97764,11.5879307039,0.228041677899,0.42105092471,29.0191,0.0723687205597
123,5.89370327971,0.084836820922,10.1647829122,41.18253524,5.89616,27.8356659931,5.89657586566,5.89113,67.3727455222,66.9376574388,41.6401167373,0.223604454014,69.8256,0.17973,0.113081318717,-6.09208,23.2728587788,0.982793,14.9228862454,0.235826241944,0.399044260556,29.0719,0.0716341106395
124,5.89410684721,0.0169768564349,10.6420683317,36.0663250445,5.89765,26.0124424926,5.89693230928,5.89241,63.1389910504,70.2369047045,38.4321609351,0.201144693165,70.0774,0.205992,8.88616501949,-6.09579,12.4239551619,0.980977,13.4873338078,0.235950427293,0.432108747256,29.1178,0.0752566188309
125,5.95198176292,0.00186251491027,10.5616304606,33.1257081086,5.95532,23.9756613233,5.95500614606,5.94922,59.4848735501,62.3694161732,35.057750147,0.178625907966,70.3816,0.194947,14.1926824558,-6.16106,15.2379648749,0.987135,10.9382725439,0.236313594114,0.362926748763,29.1532,0.0727697813995
126,5.96064579817,-0.0261941020246,13.754173652,32.4904338915,5.96393,22.8893931801,5.96368096188,5.9582,56.3347299837,70.0100687009,33.5087867373,0.167748885368,70.7097,0.200974,14.1559277694,-6.16993,6.51543833012,0.972775,10.5004382971,0.236578581992,0.420930111339,29.2014,0.0943033187487
127,5.96105600104,-0.0120982606608,18.9441464808,24.4088126715,5.96485,23.7039870368,5.96434603947,5.95889,46.1589479232,83.180242314,34.0654733735,0.179743305067,71.046,0.156312,6.69441281184,-6.15254,8.05910076741,0.970841,12.5996658343,0.231134778606,0.525166410201,29.2357,0.132574779789
128,5.99633031741,-0.0348382554326,17.845500758,37.565713784,6.00172,27.3884340157,6.00053591821,5.99459,75.4888703581,93.4914952576,40.5907798548,0.220490432363,71.4144,0.273609,7.39194923114,-6.19053,5.02258111907,0.981545,18.8365713777,0.246952953048,0.587624748091,29.2698,0.124193839143
129,6.03392900505,0.0102639716051,14.8584620369,43.655093525,6.03878,26.2694117667,6.03827722587,6.03151,73.4663183153,75.6535125294,38.0509918567,0.203429529995,71.7546,0.21142,16.054003761,-6.33096,11.8697275597,0.981909,18.0843491783,0.240119803225,0.472151077676,29.2977,0.103134634417
130,6.17959540762,0.0206572937879,11.1012592969,38.8027979862,6.18512,21.4106304343,6.18401414402,6.17746,77.0630138497,75.6401493947,29.5857707892,0.15160169458,72.1008,0.186115,22.1361019203,-6.4864,11.3728930385,0.96707,16.2329109239,0.244158017652,0.474530119753,29.3322,0.0794391964844
131,6.25122961007,0.00222078233294,14.160209696,24.9136080068,6.25737,22.070940209,6.25597024905,6.24929,77.5825821616,86.1499069212,30.8864002893,0.160544826671,72.4162,0.285251,5.64514609554,-6.54514,8.76395735443,0.970629,14.796602976,0.256613511861,0.55007002532,29.3774,0.100015275693
132,6.27225622187,0.00946493391558,14.1771192531,28.0633731459,6.27802,22.8174303397,6.27661501385,6.27018,49.5307216545,84.2412411659,31.7828842499,0.16845048829,72.7933,0.364584,3.21106031489,-6.50664,9.85291644052,0.964433,11.6926107043,0.268347866544,0.534335331578,29.4191,0.0999356600448
133,6.28616971805,0.0473026303365,20.7580078907,35.1893383576,6.29231,28.0789944212,6.2908969835,6.28448,107.771460085,104.152050336,41.0006832106,0.23240098269,73.0976,0.281877,6.50971085339,-6.49011,15.4001916533,0.968228,23.60354507,0.252925663782,0.682734138571,29.4474,0.146459383216
134,6.25277479445,0.0610371399184,19.9196163326,41.5149250315,6.25889,31.5575558462,6.2573286089,6.25135,87.2217356558,98.8175805065,46.7517913743,0.271371246888,73.4349,0.282065,0.727600633417,-6.43591,17.9408762013,0.973488,23.6816069126,0.253594555945,0.644719131509,29.4887,0.140275662429
135,6.24775148346,0.0220429708664,13.2006326237,42.7037882376,6.25285,28.83365785,6.25238054938,6.24517,90.6680190982,85.1057815937,41.4354753417,0.234601376465,73.7854,0.26937,24.2643125863,-6.43922,12.1294185973,0.978777,16.6478325758,0.251988546194,0.532605771651,29.5497,0.0938510250308
136,6.26625866933,-0.0111037495408,18.8819646003,35.1250778336,6.27092,25.7282805917,6.26986410021,6.26487,67.4607305073,89.7562311538,37.4774165078,0.20345762021,74.1076,0.267722,0.914185585455,-6.4742,7.8891733501,0.976961,17.1456500102,0.255610740085,0.586785244451,29.6082,0.134239594231
137,6.27611948766,-0.00637763811232,10.5456594823,34.5042420661,6.27977,22.3455076194,6.27901617787,6.27397,58.1051961948,69.1262049333,32.1174283822,0.164309221856,74.4399,0.2873,15.5328667549,-6.50796,7.44627525522,0.973712,10.8189207901,0.260948306314,0.438781818705,29.6941,0.0737832895673
138,6.28871188069,-0.00182520294931,9.76191506427,27.9584119121,6.2922,25.8108729455,6.29188418764,6.28677,48.4678108587,62.9450840302,36.9295999474,0.202717719328,74.7359,0.306185,7.13427882634,-6.57583,8.25256858031,0.969207,12.8516930865,0.260578768426,0.387349751686,29.7602,0.0702546979716
139,6.36526953211,0.0386646362279,9.94315798829,39.7582070266,6.3689,31.9898896007,6.36813539786,6.36356,62.1862742471,70.4386944957,46.9946932308,0.271010111626,75.0218,0.313384,10.4516958507,-6.64159,14.6144607912,0.974818,14.6248598524,0.268835497472,0.436909504021,29.8184,0.0741084349705
140,6.44253784952,0.0362869019846,11.2751847472,45.4283664739,6.44508,32.6556223499,6.44507425468,6.43982,55.3947257023,67.3585301725,48.2263779035,0.282007230418,75.3061,0.370311,9.56100466038,-6.69334,14.2267706578,0.968625,10.6153366069,0.278891958322,0.423516849183,29.8767,0.0821684541433
141,6.4823974949,0.0454291544258,11.6736779974,50.5652682217,6.48569,34.9458029615,6.48454309483,6.48048,62.8191559018,75.8426813052,51.8297288521,0.308712025493,75.5736,0.341222,22.4966674945,-6.72699,15.3775506387,0.97378,10.6374336686,0.268553165525,0.485488197764,29.9321,0.0849421019144
142,6.53056096265,-0.0617453856887,9.02879991585,33.5266538087,6.53428,15.7490722337,6.53339332826,6.52921,57.5828925079,61.9003975868,21.1398480863,0.0884075746795,75.8688,0.369918,11.1284352835,-6.78952,0.502898809712,0.977905,12.3885595621,0.279599279886,0.376528675348,29.9853,0.065081619642
143,6.53607317015,-0.0306366559707,7.93044029184,23.7147912626,6.53906,19.050901155,6.53931652712,6.53365,63.3625135625,54.0507052285,25.7503381114,0.123443112999,76.1907,0.383955,6.76063820375,-6.80097,4.94063848206,0.978153,11.9650187756,0.277280949587,0.329195194529,30.0219,0.0574294064204
144,6.62588061197,-0.0463381528552,16.5747473911,30.6537996641,6.62978,25.9560214252,6.62950069268,6.62406,59.2188798369,91.0310893153,37.1677243835,0.203313166234,76.4966,0.400951,9.94725356884,-6.88451,3.9476717753,0.972912,13.281156406,0.279729175104,0.576402586467,30.0785,0.1176964393
145,6.66926126728,0.0575378420619,19.3743866702,40.9872293155,6.67407,31.7733166242,6.67308479093,6.6675,122.649595887,111.741312379,48.719672247,0.275538322541,76.7647,0.400927,6.42613603078,-6.92385,17.0165063516,0.976868,27.9619891218,0.289710017587,0.710594540823,30.1217,0.131084738212
146,6.66632974873,0.103103938406,18.9393736312,54.5749541518,6.67114,35.187547988,6.67036206238,6.66466,109.652933741,120.953090179,56.0232801403,0.32163731367,77.0343,0.39033,1.93040722579,-6.93483,25.1976151034,0.981404,26.8318688657,0.290482441327,0.742275959043,30.1768,0.126531280259
147,6.74262366136,0.0763736227682,11.6411823714,45.4933693405,6.74726,27.6098703788,6.74557079385,6.74133,92.2684002522,115.579392293,39.5548387129,0.213398906939,77.3733,0.526688,1.47985991859,-7.02281,21.5247929151,0.971734,24.1380154096,0.3061357721,0.731292208809,30.225,0.0809031057936
148,6.89455758685,0.125935029938,15.9674071349,59.1535886166,6.89798,34.1460315187,6.89684266491,6.89315,100.526650825,93.4816169219,51.841199196,0.300442686791,77.6765,0.394537,28.8870157685,-7.18628,27.0363531549,0.974582,22.2307143999,0.305746474789,0.59342117836,30.2704,0.109668780171
149,6.91214261218,0.0391902205917,13.6401867169,43.3534277901,6.91609,29.2851902192,6.91455137826,6.91116,62.6705521806,105.498832598,42.8179053063,0.234776204815,77.9543,0.539848,29.6985874488,-7.21052,17.8534704758,0.973424,7.84102966875,0.329111612206,0.668897418061,30.2962,0.0959180805239
150,7.00110827477,0.0439564504189,13.3082947066,44.3335355759,7.00328,23.8961074224,7.00361640966,6.99897,102.565584274,95.6405126308,33.8539214372,0.173809969101,78.2516,0.794936,26.9110470968,-7.29999,17.591895868,0.979044,18.3957893744,0.350626610298,0.609083976707,30.3501,0.0956717474988
151,7.11021339269,-0.0124990100988,8.30582931728,30.824014264,7.11223,22.1179461115,7.11338107868,7.10686,46.5078103993,66.1841395452,32.0073326135,0.149888450742,78.5137,0.689862,13.0941778625,-7.44893,10.0292706373,0.975424,8.71453180323,0.3571174275,0.349764069561,30.384,0.0603807977372
152,7.20143386822,-0.0242859083044,13.456987363,34.9158202637,7.20746,27.1851619667,7.20401605768,7.20164,49.2933330854,78.8755103449,43.3968801999,0.221753325106,78.7924,0.790167,22.1554790475,-7.58818,10.1342778071,0.984412,6.76349741398,0.369197491745,0.466196137152,30.4364,0.0954930576854
153,7.4209531636,-0.0193879888937,10.2984840909,30.4080300374,7.42514,21.7951870567,7.42435587512,7.41972,51.8141722566,65.1411538345,33.2204451157,0.148979100385,79.0798,0.628905,5.21366489545,-7.92608,10.7449842366,0.982705,15.1984612483,0.371860499353,0.400824015339,30.4633,0.0778977472777
154,7.63503105786,-0.124070999021,5.82927633915,15.9560165121,7.63904,7.22241510435,7.6379360709,7.63394,47.569213388,30.2039454261,9.15796605781,0.00510067357716,79.4176,0.847644,3.90588697513,-8.2934,-7.56162779391,0.98594,12.0515562594,0.404059121132,0.154545307409,30.4684,0.0434764765211
155,7.92926881742,-0.153452410265,4.90322942406,8.05678947905,7.93116,5.22741057843,7.93246461447,7.92593,16.7466035145,22.8913437537,6.21960963929,-0.00784380887809,79.7622,0.942091,-0.441418533794,-8.55996,-10.5311231042,0.985309,5.04462219481,0.417332158115,0.0836029098568,30.4803,0.0407877216291
156,8.31689537437,-0.250281544556,4.89457370805,6.32074217926,8.3199,5.41988910976,8.32074663303,8.31307,13.2257616104,21.7616391208,6.38422454792,-0.00177943845824,80.0968,1.19439,-10.9758517464,-8.94101,-16.7151979485,0.9798,5.02040460724,0.442697955022,0.112072679636,30.5251,0.0391740325863
157,8.55801336571,-0.12985077611,4.50084873223,3.98581738718,8.56038,5.30446280195,8.56128410885,8.55445,11.2600724924,18.2407251048,6.25296777402,-0.00390479406894,80.389,1.21864,-25.8502982681,-9.16662,-9.02277296243,0.981496,7.31035786513,0.441229390495,0.0877870898416,30.5721,0.036521983446
158,8.6817959006,-0.074786596334,6.23722800128,12.4732080922,8.68389,9.94569513023,8.68525624698,8.67814,29.1279623852,32.5058804438,13.2688476123,0.0313382833082,80.6438,1.06987,1.02176706338,-9.32878,-0.41834676051,0.988574,7.58951584505,0.441729176967,0.178292249851,30.5751,0.0461522843559
159,8.93024265671,-0.153406361003,6.61403233393,13.8327248409,8.93303,8.35800127995,8.93428382096,8.92657,33.1169667131,34.4537744123,10.8943886711,0.0164534297293,80.9155,1.10683,1.28859041036,-9.48319,-8.41360896056,0.985635,7.77896002152,0.44552629541,0.175674259436,30.5915,0.0485089787086
160,9.07728849004,-0.125828128285,5.54745398845,10.7090188606,9.08048,7.28953972965,9.08052173483,9.07452,20.6809362174,28.1814449054,9.30254964623,0.00823604870451,81.1308,1.12987,1.38226836118,-9.51674,-8.35434344203,0.986252,4.57363933051,0.443119039438,0.129302785846,30.6082,0.0414475141012
161,9.11173918559,-0.09188299581,5.15522513904,9.60898187743,9.11493,7.18413458528,9.11478185175,9.10961,17.026719968,23.2577925023,9.11076114262,0.00831563037139,81.3754,1.16086,-3.45189310105,-9.48815,-3.8548609252,0.985454,3.94518416782,0.429524199594,0.112180007257,30.638,0.0393428777492
162,9.14713533477,-0.0876681976492,7.56554404134,16.1027418548,9.15022,7.38093748447,9.15086975953,9.14456,30.913130962,35.0965675807,9.34421133348,0.0173819462609,81.6262,1.16745,1.02999883807,-9.5001,-5.18811003759,0.988555,6.6061548553,0.415203396664,0.181844763376,30.6723,0.0503058035598
163,9.1081604234,0.00326287024881,11.9238634228,24.2111921862,9.11099,21.9211301357,9.11070869111,9.10598,46.451713293,78.2902373915,31.8546357047,0.158544323376,81.8445,0.709332,4.1646708118,-9.42062,10.7564868677,0.987114,11.7385830849,0.38626807573,0.477842900589,30.6893,0.0832144989661
164,9.13082086967,0.0541363044659,12.8226956502,36.3306662616,9.13449,27.1795895449,9.13396215663,9.1293,89.5614886564,69.9403555058,40.7108006291,0.219922873216,82.1546,0.954367,20.1696705376,-9.47993,17.0832244164,0.987899,15.6230229975,0.390414284353,0.42349406984,30.7066,0.0894203432215
165,9.02040377265,0.0675798367035,10.1945962533,37.5547983454,9.02331,32.9602683842,9.02316105124,9.01803,68.1902429914,67.7685821525,50.9563128748,0.289917973785,82.4046,1.28249,21.4979348935,-9.38237,19.9061161352,0.984594,14.2193729542,0.393833594016,0.421403246983,30.733,0.0720253198062
166,9.10294702397,0.119799783343,10.455086908,58.1703167731,9.10619,41.3645636312,9.10589915268,9.1011,78.6748407518,92.9113252203,68.8154689348,0.408240502378,82.6441,0.703373,18.607109293,-9.56083,31.3922632066,0.983836,14.4814978828,0.371271633719,0.584008264674,30.784,0.0770386923571
167,9.32945460307,0.132087504864,9.42507636778,61.3903975603,9.33333,38.0615526336,9.33208864527,9.32725,85.1226879464,85.8226739209,60.8595176437,0.356297906383,82.9441,1.27697,5.61156839734,-9.8745,29.7054347166,0.987112,19.3610089456,0.39780439458,0.537678320431,30.8416,0.0700826894951
168,9.66056191249,0.159557621216,10.6000469245,57.491612222,9.6643,39.1057805914,9.66346017708,9.6589,85.2023700563,87.3533713658,64.4250952056,0.374876373302,83.1873,1.33393,11.4406115078,-10.2262,36.6056124133,0.988309,18.0258203437,0.390437071093,0.544298121028,30.8936,0.0829893118395
169,9.53353310232,0.112343715144,11.1955403261,55.2021977977,9.53674,35.974959316,9.53621548188,9.53024,77.1970881401,79.1924331897,56.6284303718,0.322237736565,83.5048,1.02448,19.6482983109,-10.0612,27.960425703,0.989147,13.9148076744,0.396621615019,0.490678037021,30.9243,0.0827049542235
170,9.73254446596,-0.088691324508,13.1532307649,54.0933617084,9.73566,36.6057302987,9.7357812054,9.72951,70.8011110266,101.277375885,59.1783405716,0.336671190228,83.8205,1.23366,2.61214087443,-10.1985,5.11688654071,0.990358,17.0302955279,0.404372210675,0.632087706088,30.9591,0.0995897025299
171,9.98265465219,0.127173195782,12.2818059981,54.1858142867,9.98734,38.1552722666,9.98710313431,9.97969,69.3748930734,87.9342018802,62.202572739,0.356971631634,84.149,1.23823,33.9308705321,-10.4223,30.5745047408,0.990731,12.3748716272,0.406368031939,0.557914978409,31.0046,0.0950414317522
172,10.0773378715,-0.0769147351083,13.9151175555,60.9679531264,10.0832,39.2113508941,10.0813858531,10.0743,82.2266455689,88.0414978238,63.9248198037,0.37065892189,84.3936,1.25345,18.3615160897,-10.4717,5.30062501278,0.986873,18.3611802206,0.414127815425,0.560445141598,31.0488,0.105248049951
173,10.0089245507,0.116018892765,14.9363716981,53.5304526194,10.0143,39.4896411387,10.0123363572,10.0066,89.350983801,102.455895473,65.815564795,0.377297169301,84.6728,0.891423,19.5997021941,-10.3906,32.0394883243,0.977812,17.4713992871,0.39832773186,0.663925479861,31.0821,0.112711316154
174,10.058458339,-0.0611904330974,17.3745367487,65.6106702877,10.0638,39.5027451373,10.0615558395,10.0574,91.8658619842,114.92381096,66.6219564799,0.379265777252,84.9333,1.25053,26.824597158,-10.4596,14.4080068517,0.979455,22.1220441251,0.409343158425,0.716605015969,31.117,0.133895286859
175,10.187440457,0.144123309571,14.9251284215,66.6898963419,10.1905,43.313317203,10.1911591012,10.1822,108.182343709,110.080065094,74.7568520675,0.441481842813,85.2542,1.43432,24.7484266767,-10.5823,36.1170504064,0.981391,25.6821636317,0.428235108589,0.685977553944,31.1557,0.111721269014
176,10.2873550541,0.13889264489,14.0266412634,75.6312621167,10.2922,43.6481137906,10.2907752861,10.2847,98.7513277946,102.979065725,74.6649177923,0.443047147789,85.4822,1.28577,24.0430118057,-10.6687,36.2015571157,0.987055,19.8846122409,0.417197811714,0.642164693455,31.2027,0.106042939084
177,10.2880420173,-0.0677672841537,17.1661910617,69.7750322671,10.2915,46.0004866709,10.2906741071,10.2848,98.0290053524,114.064062346,81.0082255033,0.486211386684,85.7624,0.628426,34.0710237258,-10.6629,11.3150548053,0.986792,18.820438155,0.400739039756,0.701078943421,31.2447,0.12989363922
178,10.4209853881,0.226484346278,14.1466765989,73.0744981605,10.4229,49.0295602986,10.4230450398,10.4174,95.2327979314,119.210735648,88.6556380545,0.54060445116,86.0927,1.3079,1.32220314846,-10.7857,49.2157405243,0.981354,26.1619445714,0.42446805753,0.780618314429,31.2747,0.107435963643
179,10.4405528598,-0.15286091014,19.7029553908,77.1942859328,10.4431,51.823259128,10.4428907579,10.4366,99.0711513385,133.088663867,97.7173190273,0.600071992344,86.4094,1.23901,48.1129586544,-10.8375,1.30199972854,0.98199,15.1918337108,0.430624423252,0.843694706639,31.3081,0.151492900692
180,10.5600771417,0.291219658386,12.9085705967,86.9148921824,10.5621,48.0233036154,10.5617985523,10.5561,110.991143053,121.780848607,86.5181311371,0.524312227713,86.6817,1.42538,65.169384781,-10.9929,56.4670695668,0.989207,17.1361931012,0.430067318775,0.755668948684,31.3332,0.0999668610835
181,10.7213412265,0.232950832599,11.8236762708,80.8654120399,10.7222,46.5847511739,10.7225771502,10.7172,104.639640075,110.687334331,83.2475774904,0.501303492242,86.9987,1.32628,60.6808754395,-11.1735,47.2824536591,0.989554,13.8792675818,0.423312305761,0.694227563475,31.355,0.0913906383346
182,11.032876934,0.136375886639,10.5249123869,77.8666281708,11.032,36.3570357543,11.0340776828,11.028,109.920724166,92.4255028322,58.6962278257,0.322228251325,87.3554,1.61606,40.6830970464,-11.4985,35.048199033,0.986748,19.9725735819,0.455748762177,0.560393036908,31.3742,0.0808188636137
183,11.0894262515,-0.00623746478115,10.6162104029,52.3523486508,11.089,28.5766723004,11.0912338266,11.0841,72.8785458508,77.0791050339,43.5700640439,0.207203084744,87.6484,0.987782,33.7681528987,-11.5518,17.5845457885,0.98218,12.8303681783,0.422894086503,0.430145529064,31.4091,0.0848238698181
184,11.0127448226,0.00709717853264,12.3165888165,45.9563335567,11.0129,30.0413838775,11.014871695,11.0079,62.6582229454,83.1160502978,44.6755906785,0.227584925346,87.93,1.79943,25.2266197272,-11.4643,15.8124422749,0.980142,9.70498411078,0.44573967506,0.482198417776,31.4394,0.0919287895152
185,11.1381860975,-0.176885770659,30.1848409787,52.6818048036,11.1375,34.8504708569,11.140079622,11.1331,111.322164427,153.843862739,56.86358905,0.28639369284,88.1797,1.68619,1.45045042637,-11.6089,-0.584320955314,0.979347,33.8630656826,0.446202187236,0.91147920512,31.4759,0.225636264922
186,11.4691654014,-0.301322748835,30.1470585019,42.3516763339,11.4725,36.8738021705,11.4705447302,11.4668,95.7553148639,127.472355487,60.2559518102,0.319883341149,88.5483,1.23709,-16.9972113756,-11.9855,-10.8091993867,0.97704,42.4780694996,0.449067888461,0.816071384941,31.5155,0.229416153178
187,11.6944680323,-0.417434344574,35.5714488589,39.8004826865,11.6949,28.3904176721,11.6963451156,11.6896,126.264776387,140.451362948,40.215424672,0.151174067818,88.8272,1.5238,-4.55782050827,-12.1994,-25.2067169871,0.977971,36.3916742431,0.445946451218,0.873515869845,31.5582,0.284785389996
188,11.6563012501,-0.266455355367,25.8885143388,52.7520699422,11.657,29.0456994731,11.6580222099,11.6508,100.574210357,138.026935693,43.4851267726,0.203053590483,89.1637,1.12738,12.8766073281,-12.1899,-6.00107939188,0.977008,23.2580179963,0.455944175659,0.834087589792,31.5998,0.1866283692
189,11.6380435382,-0.262141770564,20.0883709879,45.6174979782,11.6396,28.5656921439,11.6398833461,11.6333,83.3869016975,121.284688611,42.7256695868,0.208646458277,89.4357,0.700499,21.9621484224,-12.1454,-12.5691860002,0.980047,19.8867117918,0.428283976739,0.759803423421,31.6442,0.141143908637
190,11.9203586522,-0.0768926577724,15.372355948,43.3597208585,11.9216,30.3607183719,11.9225537844,11.9155,101.605367261,103.380066809,44.0672856111,0.238676045204,89.8208,2.31599,24.6772161418,-12.4163,10.7605101346,0.983188,19.3538309535,0.484706936625,0.644773429489,31.6793,0.106265251208
191,12.037317506,0.00855160408005,10.8372676201,38.4652001287,12.0395,26.0908688272,12.0401120093,12.0325,66.9897016017,90.8314648342,37.265159661,0.191358576272,90.0691,1.35371,1.32247854711,-12.5053,16.3604934001,0.984199,12.7064165621,0.459538161251,0.512937939054,31.7063,0.0715403008056
192,12.0124198175,0.0102446387059,7.93281101833,32.9129550111,12.0155,24.1639659698,12.0155380463,12.0079,47.8820066466,54.481812458,33.6840955013,0.168228771527,90.3424,2.20062,4.36763045396,-12.4855,12.9556518058,0.98375,10.6817021457,0.477950313003,0.33604345562,31.7383,0.0605979286618
193,12.2162593624,0.0354083235836,8.7971864824,34.8740859507,12.22,24.6628574181,12.2199106337,12.2127,45.0395968028,83.489871958,34.2366479249,0.175591666264,90.6301,2.45848,21.516661527,-12.7717,16.480247607,0.979732,7.02702859688,0.474034151438,0.510809165547,31.7831,0.066785344186
194,12.4164695701,-0.00210509183511,7.71040600953,27.9394770153,12.419,22.2837260605,12.4199627423,12.4118,41.2141556144,56.0062437941,30.8481711268,0.148583557592,90.8877,2.14098,-0.543890254218,-12.9503,12.1520661742,0.973282,9.37050320373,0.473422821406,0.294724048039,31.8163,0.0590135130805
195,12.3864968383,-0.0325879579581,9.86642845448,25.49564731,12.3881,20.4548485971,12.389851617,12.381,38.6964128921,80.2021697894,28.6853496767,0.128998016429,91.2246,4.58553,17.3577489192,-12.9298,7.13129873554,0.974805,5.90162046446,0.512540267453,0.472753231656,31.86,0.0731027162207
196,12.791813677,-0.0249683287155,8.59451493803,35.1836179976,12.7961,23.2908591023,12.7963821733,12.7871,68.1477340516,69.689508516,32.7930238437,0.156245946885,91.5415,3.06,18.4233438696,-13.3387,14.3332153568,0.967864,11.9206644966,0.499486611166,0.361037433706,31.9054,0.0646257438932
197,12.9524359971,-0.00578439474188,15.0489398962,42.4051347832,12.9581,27.9224670739,12.9573712577,12.9479,73.7006700046,91.1120884978,42.9215684168,0.218388608095,91.8329,3.06909,7.208026736,-13.4786,15.6853361793,0.966346,16.3368458063,0.492295188406,0.529487358437,31.9381,0.103481977774
198,12.7450554653,0.185059796592,15.4202452786,56.7786262439,12.749,42.7627727176,12.7491562611,12.7403,122.912727571,114.26261153,79.8981898181,0.467848927738,92.2044,6.71985,10.9239851332,-13.2541,37.0347710418,0.97264,34.2492779341,0.552850423182,0.709617461736,31.9816,0.107283546619
199,13.0799135749,-0.215472166579,25.2264341326,75.4281562549,13.0839,41.2760846252,13.0847208455,13.0754,116.229122245,121.272659417,78.0635043993,0.435630587295,92.5295,3.79021,9.69186496519,-13.5366,-6.84955318961,0.973561,27.6081321125,0.518476640684,0.75567947408,32.0192,0.201406506438
200,13.0712459558,0.0774951921527,20.8079801953,84.2993283375,13.0797,42.1690953524,13.0770602641,13.0693,117.485273836,128.859633486,78.3100128702,0.453446753719,92.8196,1.34759,57.8391676938,-13.5658,27.1664598723,0.971399,19.1991430256,0.489801971225,0.840408149178,32.0538,0.154607390429
201,13.1952749645,0.201230417406,14.1285473775,65.2593750981,13.1979,43.4631219629,13.2007310598,13.1891,96.6110277335,142.424673762,77.8326040401,0.462194985566,93.2315,4.96704,28.5972497729,-13.7101,37.4078003384,0.961218,18.5593207785,0.561115182172,0.921649032507,32.0974,0.102160135523
202,13.2955381832,-0.584982768066,16.6864666115,64.2552143531,13.3002,38.6352121354,13.3010473441,13.2912,102.098185743,104.167124257,66.5711050751,0.376253916641,93.5089,2.47814,-6.72438194933,-13.8585,-39.3321109415,0.967444,29.4572176491,0.511341118704,0.614845111268,32.1312,0.136219965548
203,13.5070940867,0.103687874878,14.5190855947,69.4820952393,13.5105,40.0877093847,13.511804306,13.502,100.523581556,111.774559108,69.2322405237,0.404129632992,93.9492,5.38494,32.8568392728,-14.0772,30.2183945606,0.959918,18.9416484845,0.560002848917,0.716397802827,32.1666,0.102905667966
204,13.8126284239,0.0431415801858,12.9070504523,70.253138273,13.816,35.7490474491,13.8183495474,13.8068,111.578374072,92.9858246135,59.8912446638,0.334499741198,94.3685,6.82728,41.6674732842,-14.3625,23.4063392936,0.961501,19.1114129626,0.58371555303,0.575091428104,32.211,0.0984779730749
205,14.0500642543,0.0634290774178,12.7819586618,52.4979846797,14.0563,28.6368167397,14.0558215534,14.0472,86.7852608023,86.1727626838,43.1068210398,0.225228488564,94.7617,7.61482,15.3789807789,-14.602,22.3051687024,0.963904,17.302980911,0.592933376145,0.485192332775,32.2461,0.092700382693
206,14.0392928385,-0.00791391865928,12.6503429607,45.2285954344,14.0413,29.2829383334,14.044594058,14.0327,59.7992973643,81.0250399585,44.0269466337,0.232850582674,95.073,3.04201,29.8251170492,-14.6074,14.6793432172,0.963223,8.24186810022,0.546639368729,0.480879203647,32.2879,0.0924068857772
207,14.2211624235,-0.0640950808002,16.3590222563,51.9759408162,14.2264,35.017019774,14.2257597957,14.2182,89.8952522218,107.542141132,55.6916748629,0.307943120292,95.4288,4.63747,10.8300343568,-14.7539,6.01698063931,0.965464,20.9805209301,0.568142306338,0.681272163136,32.3298,0.125336486205
208,14.1327300344,0.0697013310454,13.9954715688,51.3559754702,14.1366,36.8114265878,14.1373161601,14.1283,89.90733685,87.3176015394,58.2525182219,0.332780161617,95.8107,4.56278,8.96614317002,-14.6948,22.5854587368,0.960049,19.0154802518,0.582047154644,0.537428516312,32.3894,0.102365009535
209,14.587747497,0.0294767281482,14.838741205,52.2048641557,14.5924,37.2993145918,14.5928547662,14.5836,95.349655976,100.089640632,61.0013228958,0.347150926432,96.1213,3.78222,31.9840076254,-15.1887,22.4837054814,0.965768,16.1918643956,0.581678774899,0.624095320319,32.4335,0.108059296559
210,15.0591854866,-0.233678483113,22.2312942895,53.441322,15.0646,35.2805747417,15.065967068,15.0554,86.4943098299,133.007117656,59.0407931802,0.315256448515,96.4552,6.92897,0.552442556347,-15.7293,-6.77997005845,0.969993,20.9367640675,0.628027215155,0.829893322721,32.4887,0.176249914645
211,15.3071673587,-0.194398755408,27.9044845566,57.1826363052,15.3092,39.1838538011,15.3146692295,15.298,85.5770450737,156.878112078,67.00542141,0.373919770437,96.7836,5.84823,29.4750594647,-16.0247,2.33832267834,0.970139,19.6216052644,0.669856104992,0.957211668254,32.5319,0.208077817529
212,15.5402074606,-0.0717172336528,23.804674684,86.7225436331,15.5441,42.1200551093,15.5479660266,15.5329,109.962791589,122.352324343,71.9847612245,0.416274241002,97.1497,4.53882,50.3329786743,-16.2885,8.38755457174,0.967253,15.500069651,0.688570398934,0.768552482924,32.5725,0.178028967579
213,15.8962225906,0.0559564892516,17.8645833894,78.8238672169,15.906,43.965772546,15.9093491257,15.8906,115.966564235,128.637718626,74.9816785553,0.446572603489,97.4743,3.09804,18.5904413087,-16.6493,30.992365328,0.966716,26.0040796631,0.702307105507,0.809627605703,32.6065,0.127626694824
214,16.1225541581,-0.0413075113231,18.0935718653,66.9905554197,16.1346,45.1214196099,16.1394302951,16.1143,101.708101867,134.127358338,79.52423689,0.472371606274,97.898,9.83113,28.2049457973,-16.9265,13.1292780127,0.960813,18.7073032445,0.811140106661,0.86845153401,32.6408,0.133666634312
215,16.305516671,0.249782903243,10.9749000472,76.3634061698,16.3266,47.6009496239,16.3294944003,16.3003,101.093607178,103.52680888,83.7908412031,0.506268034542,98.2597,4.97172,16.7168861003,-17.2804,48.0184737029,0.959908,24.1420156977,0.82409321968,0.66766677753,32.6738,0.0833493427906
216,16.9723981131,0.109820288823,21.0605813854,66.9570177745,16.9904,33.2890907419,16.9965424916,16.9627,97.4758731419,112.574230535,52.5604491993,0.297063120451,98.6095,6.97303,30.6115952074,-17.9907,25.8247797981,0.966812,23.5406054283,0.884072993972,0.715947158907,32.7128,0.141163803501
217,17.7672291605,0.0507204942909,7.81794584184,44.5438556328,17.7846,25.4445955108,17.7928813466,17.7563,100.677709925,62.7407744454,35.3094492603,0.182909968489,99.0601,10.4008,16.2634287875,-18.7559,18.0703062579,0.964075,19.9156894274,0.947782326554,0.33312386223,32.7485,0.0594201542137
218,18.1854567378,0.0677229777729,14.7245411179,32.827709104,18.1951,28.1787479827,18.2014164924,18.1739,49.7831885467,106.569152559,40.8968302519,0.219769831484,99.3911,11.3122,15.0392046016,-19.1042,21.1569788752,0.961572,9.63366245777,0.995992248498,0.63686873397,32.7779,0.102468155311
219,18.6762627139,0.0418058929165,13.7888622804,38.7741733783,18.6899,26.3231723729,18.6920930801,18.67,87.0134762459,106.781385383,37.7967058564,0.197780018588,99.7275,10.9429,13.9513599178,-19.5459,17.5551036702,0.96573,17.0534936986,0.992478667885,0.654927753321,32.804,0.0940470878867
220,18.7819311815,0.0382517073059,18.0463161402,41.6455713085,18.7888,27.9555353841,18.7942997774,18.7706,80.1090032532,114.801322836,41.1134866923,0.219881214874,100.069,13.2916,13.4671434455,-19.6308,20.3285053061,0.968358,16.8886165116,1.03110328348,0.752676494986,32.8262,0.125269699743
221,19.0480745573,0.0704441227227,18.9982799758,46.1382215587,19.057,28.6054484502,19.0598771969,19.0398,99.8256103977,111.547955455,41.9794354828,0.228516139685,100.404,13.7397,0.118135767957,-19.8997,21.1576195566,0.980758,27.7799027604,1.04116749369,0.719705124665,32.8481,0.131215714793
222,19.7561330764,0.0258609703993,23.2357062816,38.9373111979,19.7587,29.4342519825,19.7656818547,19.7441,96.6753458678,121.131853454,43.7334180135,0.238539577173,100.743,13.5831,24.0975058594,-20.6282,16.200166897,0.977256,17.6132577201,1.03093892459,0.765301418929,32.8698,0.163301388281
223,19.7409867514,-0.244596178826,28.6296350576,40.3407326862,19.7384,32.2783443707,19.7479551497,19.7276,98.492234873,124.95509791,50.0944734729,0.279996302157,101.177,14.0803,19.7072502818,-20.5435,-3.91767815425,0.984209,20.3773443659,1.05031305364,0.792920217904,32.8796,0.20087893149
224,20.6481292764,0.0596787738858,20.6983056813,38.419808902,20.651,27.0817443098,20.6556710377,20.6388,86.5804389035,120.266626379,40.3564274353,0.211269270032,101.49,13.4519,14.1049797905,-21.5456,20.0414076976,0.984225,18.0868465939,1.00010016344,0.714323169144,32.8913,0.142419874999
225,20.1129547769,-0.0144124025936,12.7610506543,37.3191108036,20.1106,24.2013309628,20.1195984681,20.1001,82.3180605148,103.002656442,34.0991965379,0.16777740479,101.775,7.67863,13.9969921902,-20.9634,11.0309808115,0.980144,14.8451413361,0.97458248719,0.667597386931,32.9155,0.0930637990884
226,20.6868383698,-0.036665380168,21.605238437,36.2739180915,20.6852,26.5406782906,20.6933759358,20.6729,90.5694651385,131.265893526,38.8739106338,0.200915106556,102.051,8.71224,11.2432218833,-21.4989,8.57098333141,0.976793,17.5561660181,1.02128964231,0.794690851649,32.9465,0.149965579856
227,20.9116280632,0.0102190902574,22.6367249565,29.3236978235,20.9155,28.5425291564,20.9185679259,20.9026,69.2237265673,103.897337725,43.7630731661,0.234579926872,102.265,6.31368,6.5680524896,-21.7172,13.3190575352,0.980114,12.8541477565,0.969805893158,0.658861990233,32.9907,0.157301076833
228,21.001839202,-0.0144864922857,26.9964011798,46.5859062764,20.9986,29.5667487894,21.0076498703,20.9878,87.5959599612,118.506620402,47.519848856,0.257291007705,102.695,21.3369,22.474688922,-21.8645,10.46245717,0.982213,22.6447787201,1.09576027414,0.718471923982,33.0371,0.184440983777
229,21.6615885996,0.0265687542441,21.4592178066,37.902610338,21.6638,26.8780294868,21.6681159202,21.6491,74.3173110565,110.37154512,40.6284767759,0.212272093346,103.043,11.2179,21.5052761946,-22.5184,15.4511998481,0.981601,15.3731750587,1.04013109233,0.682283489881,33.0729,0.147455897298
230,21.8607570672,0.018448452652,22.6336468685,43.2519254972,21.8615,27.4078772211,21.8676922401,21.8479,89.9850358667,121.086694354,41.8420164663,0.221123280144,103.337,20.7511,12.4734390376,-22.7449,14.2080363385,0.977102,24.3690976167,1.06676959027,0.788428221132,33.112,0.156907077718
231,22.3116318288,-0.0180619626665,21.0786658169,29.4322224612,22.3121,26.4743557675,22.3181789464,22.299,47.20291104,110.569880265,39.2351625329,0.205303931915,103.58,10.889,14.3215818735,-23.2091,9.67186599611,0.976181,7.88256939827,1.04001981014,0.726310823025,33.1545,0.146866403118
232,22.3600019739,0.0502539500289,21.2445143271,39.9809587426,22.3619,35.3150110744,22.3674847627,22.3496,99.0431081562,102.863513092,56.6490255977,0.322922873119,103.898,22.9212,17.6395223837,-23.1238,19.3802788816,0.969012,22.7510942207,1.11242145521,0.666002233613,33.1968,0.150351157308
233,22.7667893024,-0.238531541821,22.7115484785,44.6876932079,22.7674,29.1209373577,22.7742890485,22.7555,93.5733804879,124.430831821,43.6430719279,0.232491021799,104.289,16.0885,25.9889665329,-23.5124,-7.79946017075,0.97351,20.7704460442,1.07644927936,0.816059991885,33.2275,0.162534681658
234,22.823341052,-0.147832135029,29.90243394,44.1284803231,22.826,30.6792374913,22.8308399824,22.8126,100.45106175,123.295691078,49.5223333805,0.256771435888,104.53,12.8852,21.8879595268,-23.6389,-2.36779576862,0.974383,25.0697912233,1.03345251062,0.752583036822,33.2763,0.213022946587
235,22.8338649587,0.00964024677626,21.0634606893,36.3529692185,22.8386,29.8106233953,22.8407208549,22.8241,81.7243994833,107.822176523,46.2870992111,0.248316140712,104.801,7.66379,-0.667893291528,-23.6822,14.5766700553,0.963982,23.999466847,0.992081951464,0.66330082357,33.3268,0.146364445114
236,22.928483758,0.0479980642643,14.114839113,35.1540320739,22.9339,28.1973695624,22.9356038203,22.9213,68.5433251874,81.0744573325,41.9680003352,0.220939945142,105.114,13.6802,21.923395942,-23.7946,19.1462065137,0.968878,14.5800741567,1.01747647864,0.512506166734,33.3587,0.099493493324
237,23.2450510357,0.0297350826933,10.4991753738,45.2833114296,23.2538,30.293797359,23.2531232958,23.238,76.0849130566,74.5788592738,46.4001832199,0.248291779706,105.426,16.5197,6.05096710614,-24.1015,18.2652680172,0.954005,16.2806167589,1.05950079414,0.419784278743,33.381,0.0780530272767
238,23.9901355029,0.0519423840553,10.4190925102,44.5277470182,23.9889,29.988029943,23.9971191244,23.9746,62.9642086469,70.8210474828,45.7941150013,0.246387373915,105.735,9.60995,25.2119698257,-24.8289,17.53293145,0.957501,7.95541511743,1.04183946676,0.442470366651,33.4029,0.076798385889
239,24.3485141143,0.0201909693183,10.8935242267,40.85595615,24.3472,27.0843408357,24.3555688731,24.3351,62.501217446,74.4064308155,39.8473117047,0.204622102101,106.091,27.5114,9.52030874447,-25.2122,16.4020746332,0.960052,12.2779576225,1.11935471232,0.452527659564,33.4287,0.0786582238063
240,24.3794063652,0.0287842336754,8.81610214612,35.4765845688,24.3775,25.1989966452,24.3841881749,24.3692,48.2850640032,58.8834276323,36.7203220249,0.183661797905,106.354,8.43009,18.2560098331,-25.2403,18.2536477138,0.96381,8.93103339208,1.02375132585,0.344327077883,33.4631,0.064503545068
241,24.3866961022,-0.0390629610763,8.86205074814,36.7453084168,24.3829,26.4028011126,24.3916113069,24.3726,53.9724779653,69.2469915644,38.3504235954,0.197728859729,106.761,22.4365,0.101340426352,-25.2268,13.2240918559,0.97108,14.0226311244,1.1216074053,0.414900103423,33.4881,0.0659878825397
242,24.4975341538,0.00304045019766,10.1537216832,39.7863952112,24.4975,25.0700241313,24.502978451,24.4868,55.0324318525,71.4595648244,37.329835783,0.184559006223,107.065,8.83104,8.30175593988,-25.3625,9.91932428589,0.969115,11.4060966057,1.02903044308,0.443280281543,33.507,0.0733934666615
243,24.7920912727,-0.25317766612,12.052732557,32.0688518549,24.7966,27.0233477207,24.7968701486,24.7869,50.5562213259,102.032799597,39.6522524349,0.203065173969,107.442,44.2221,0.7714976039,-25.634,5.77796356046,0.972157,11.2926479491,1.15339022592,0.608170152345,33.533,0.0898073518791
244,24.5822651362,-0.55847644592,26.3574804581,35.2725594766,24.5749,27.2589927093,24.5864166898,24.5658,51.7886775409,132.048230722,40.765251463,0.19605778893,107.799,17.0506,0.533380998338,-25.3781,-41.3999485319,0.97566,11.4490275829,1.05992056558,0.793177080896,33.5653,0.198675450998
245,25.217880609,-0.0370853098302,20.805854024,43.1673006625,25.2149,29.8790625863,25.22114234,25.2071,95.3643027394,123.060804401,46.2695015048,0.246903029735,108.198,19.8639,1.83584084123,-26.0428,11.9393364361,0.974797,24.6377692145,1.08253984609,0.763051266591,33.5916,0.13910587673
246,25.3456389084,-0.189086241768,4.47115088688,43.3639838244,25.343,4.796851977,25.3500070594,25.3344,86.8492529981,19.1805762071,5.598979498,-0.00454249223104,108.502,14.8029,18.9988904141,-26.1675,-17.435443863,0.9819,22.0241591211,1.02686164365,0.0985152271997,33.6149,0.0349484736544
247,25.4483268997,-0.0716125112512,4.04225286566,5.99827444809,25.4424,5.36646116088,25.4526567264,25.4334,19.0752333795,16.8630549884,6.30036832374,0.000417522811665,108.874,25.734,-1.96389191803,-27.419,-3.21310037711,0.983093,4.7733908439,1.10112999388,0.0813437886777,33.6377,0.03129714743
248,25.9039137394,-0.133642734879,4.26294894811,8.31890602438,25.8958,5.2026451688,25.9082027234,25.887,16.3043666345,16.5519293473,6.06316888763,-0.000743238767344,109.148,12.3411,0.533493271014,-27.7873,-10.791672927,0.986146,3.77079497369,1.09612641863,0.0796708616781,33.6629,0.0331844283808
249,26.5940621371,-0.119729939364,4.61882972412,5.59834685957,26.5798,4.8603509839,26.598370724,26.5713,13.0126603756,21.2434477064,5.73986536932,-0.00548658626235,109.576,31.9887,-0.340053721266,-28.3196,-9.03867089207,0.992075,3.34322361576,1.21886631888,0.113790600403,33.6969,0.035873918282
250,27.6845660271,-0.0780954173855,3.98213796724,6.36228882241,27.6815,5.26826916365,27.6915483639,27.6703,14.5580171424,22.4860423352,6.22631571694,-0.00179182126402,110.026,28.9754,-5.5723398157,-29.3245,-3.02050470578,0.99008,4.97858849852,1.22138676323,0.124663210613,33.7201,0.0308967802152
251,27.2332473323,-0.0984632139945,3.89804077154,6.56606007133,27.233,4.75863423919,27.2426771113,27.221,16.6002631129,18.0378899561,5.53674726635,-0.00284757436768,110.399,29.2867,-1.11061796501,-28.398,-7.05630955769,0.990851,3.85569274133,1.21635959111,0.0916089773763,33.7387,0.030273753892
252,27.3969371148,-0.104287952215,3.70321595048,5.63863361709,27.4085,4.51653518181,27.4189393199,27.3854,13.5764395748,15.8736853942,5.25330842548,-0.0050324658389,110.708,10.1013,-2.46886014297,-28.4527,-6.97188660604,0.982157,3.78961565732,1.17861640944,0.0790715439984,33.7628,0.0288183886273
253,27.1566172593,-0.102255025876,4.01675008298,5.62136932949,27.2608,5.07707418422,27.2769696695,27.1452,13.6882788219,19.2290972522,5.9055618054,0.000338038038333,111.123,34.3935,0.330741238036,-28.0563,-7.46757398937,0.981797,3.32534884588,1.29797318228,0.103317949375,33.7887,0.0310801843817
254,27.3580411065,-0.0735895484168,3.68084724682,6.08957871303,27.7037,5.14150048773,27.7392102091,27.3436,14.5816571259,15.8498591367,5.97158106445,0.00118117873737,111.493,26.2545,1.11874660443,-28.5118,-3.5555648167,0.981033,3.46263557553,1.30536460061,0.0761321594958,33.821,0.0285970889811
255,26.640060918,-0.0759912271716,3.66562232626,4.9497570531,26.8826,5.17624537826,26.8955786109,26.6299,12.2928474316,15.770029211,6.01738496036,0.00131854157229,111.745,8.19998,-4.10423366759,-27.8767,-3.74427288766,0.983917,3.56037915342,1.21043127177,0.0764270238382,33.8442,0.0284601619843
256,27.2333064888,-0.0834677880398,3.83416508905,6.66270493964,27.2422,4.93230712622,27.2507097932,27.2222,12.5849690938,16.9189497442,5.73124754214,-0.000809036341925,111.914,7.26433,0.487704847506,-28.3527,-5.04825890141,0.981134,2.85928077293,1.10219733542,0.0844876501159,33.8684,0.0297263102554
257,26.469853541,-0.0816462250091,3.68916678883,6.32327006495,26.48,4.90517317483,26.4847692187,26.4596,16.5354316198,15.7818013004,5.70647371373,-0.00133108883918,112.209,27.9064,0.408691938588,-28.006,-4.56609771307,0.980853,3.76512066877,1.18897693416,0.075479653387,33.8979,0.0285355520242
258,26.792178947,-0.0662804826236,3.73480006931,4.95459708937,26.8012,5.0737204764,26.8093874159,26.7807,14.9768339046,16.896725502,5.90335407644,0.000246117071376,112.578,54.5247,-6.13263211496,-28.1681,-3.06003257247,0.985102,4.67565291237,1.30783748528,0.0774169386261,33.9231,0.0287894087589
259,26.7570616929,-0.0821599240954,3.8675970899,5.0538650547,26.7612,4.97911291072,26.7728413467,26.7432,10.4793377944,19.4237792833,5.79407563847,-0.000592649955017,112.855,26.321,-1.98191285341,-28.0392,-4.88556276996,0.987064,3.67103839566,1.18254615795,0.102699324581,33.947,0.0297684243925
260,27.4464660024,-0.0856074067461,3.93145781089,5.04726984531,27.4641,4.84907427544,27.4649636592,27.4443,14.9008593038,17.9034405225,5.62905138243,-0.00438576136241,113.187,36.6236,-8.76813845068,-28.6205,-4.66849470488,0.980639,5.07028051473,1.28551060362,0.0902085070443,33.9795,0.0307635290385
261,26.3193116111,-0.45979773327,10.5140173084,3.74340197171,26.3281,0.388749133287,26.3388395406,26.3069,16.9265573686,28.4036555011,-1.88872544462,-0.109065260526,113.515,40.9121,-28.8957076471,-27.4939,-41.280680172,0.973299,10.2892081999,1.28685040125,0.14317421567,33.9921,0.0918898050097
262,26.8136269036,-0.452231677363,16.6850263403,-10.1313214461,26.8265,-2.55314159616,26.831884659,26.8062,11.653052413,41.2501403312,-8.87506129328,-0.18856143942,113.794,24.0425,-29.7780924617,-27.7836,-40.5693124338,0.979234,13.9494169707,1.2644671314,0.202352581151,33.9959,0.135841644934
263,26.7505006044,-0.423385917868,12.442229154,-1.06041916764,26.7729,-4.10980724106,26.7666169151,26.7497,10.2817738418,21.620046968,-10.6450718815,-0.194099920048,113.998,14.1542,-25.5702724627,-27.6243,-38.4693296439,0.979872,9.49270614028,1.18554483995,0.0537448430259,33.9973,0.102065331219
264,26.7673640692,-0.199034906415,8.37260138851,5.41527502376,26.7809,7.54326669818,26.7794076696,26.7613,17.8301006309,31.9013457608,10.0993031199,-0.0230310808375,114.239,48.9966,-2.31743709564,-27.5372,-12.2595274011,0.982776,5.32133351853,1.28538766087,0.138923133453,34.0044,0.0636656811344
265,26.8030434615,-0.213648087617,10.2113135101,10.83360287,26.8199,12.7611502818,26.8157366903,26.8007,31.6977532423,48.2994604746,17.9791927259,0.0359750788184,114.399,18.647,-12.707726375,-27.54,-8.55139735662,0.980981,10.0353833392,1.16214996176,0.273496917257,34.0146,0.0801844223489
266,26.4528551575,-0.189419934316,9.20256069898,17.9937248978,26.4667,15.4840098761,26.4645167956,26.4474,39.2109935059,44.511550203,22.4645414854,0.0749872565477,114.67,31.607,4.32231354062,-27.25,-11.6267662759,0.978291,9.04623452867,1.16539783613,0.249454742225,34.0295,0.0711560824467
267,25.8739818167,-0.140777118182,9.56786477506,20.112848857,25.889,12.2235615775,25.8862278202,25.8699,38.8911326239,38.3003562941,17.6062954045,0.0355504362677,114.852,25.2879,-6.82908286151,-26.7573,-6.26231661919,0.975895,10.0180874376,1.1591811928,0.187466909007,34.0491,0.0718853485606
268,26.238768286,-0.0812506654039,6.94536213318,22.7265866745,26.2458,11.8621989683,26.2483629097,26.2287,42.5767690402,35.855135727,16.6362946441,0.0350058397791,115.01,4.9669,10.050012891,-27.1974,1.34221499205,0.97897,9.89960214241,1.06191694509,0.176693165063,34.0612,0.0536411511934
269,26.2722041617,-0.140267782146,8.50489249937,15.2792621784,26.28,18.9539537822,26.2823501081,26.2645,40.7466568108,46.879364004,26.8512899307,0.109046677317,115.212,24.0887,1.07375037398,-27.2986,-5.96066561238,0.987943,9.89871433904,1.16331064957,0.269107665744,34.0682,0.0653127492428
270,26.3174157583,-0.124446661646,10.9163269311,24.4779612293,26.3263,20.9790716541,26.3283719816,26.3101,39.0205069691,58.360828698,31.1150151039,0.131576828692,115.453,22.6936,10.4193280188,-27.6589,1.27832300556,0.987276,8.70733180142,1.18854582967,0.334976955563,34.0773,0.0805821542597
271,26.3323716674,-0.569270058772,13.6818763556,27.9022403193,26.3427,23.1237548069,26.3421288896,26.3248,73.3047694393,68.9187399275,34.0891323338,0.156942646264,115.599,33.1281,3.74603596379,-27.655,-44.8377427234,0.983572,17.6836644648,1.18686489771,0.395082187894,34.0823,0.105390007492
272,27.0193915624,-0.0422845491088,14.1065927707,32.9063038302,27.0285,25.7534599749,27.0285267034,27.0123,51.0130539765,82.5644736167,38.930038985,0.186302727032,115.781,18.8473,11.283142648,-28.2599,12.9779689314,0.983102,10.6022393608,1.16591225007,0.518156003557,34.0977,0.103642896924
273,27.3764682496,-0.064542085556,14.4185405491,35.6899183741,27.3849,27.6485598937,27.3874262828,27.367,59.886303231,85.6434291724,41.5345679848,0.207731261564,115.939,7.52275,13.4862973056,-28.4944,7.23223399778,0.981899,14.0579446145,1.15337046162,0.525977094444,34.1193,0.105152828216
274,27.9376902808,-0.105533171309,14.8319468919,42.664112766,27.948,30.0309285306,27.9481375365,27.9299,60.8939127165,81.0735972672,47.6663685934,0.24252473135,116.128,13.7727,1.44564360354,-29.0852,7.14404152526,0.986646,17.7127945917,1.18420045648,0.499554630902,34.1493,0.114593694341
275,27.9763543267,-0.109406267079,17.5778524236,41.478068878,27.9879,28.8858280479,27.9891257902,27.9696,58.5340554026,95.5236560238,44.3084532826,0.226043354624,116.306,7.69499,17.591500254,-29.1137,1.85246754957,0.987939,10.9806085718,1.18137749751,0.580998714163,34.1819,0.128221446077
276,27.4106649392,-0.00742448544338,16.5220883939,52.7551764455,27.4245,34.4911264587,27.4272657416,27.4025,96.7308024636,97.968145687,57.1997521618,0.312343370631,116.604,38.4027,2.48766511649,-28.5552,14.3650816788,0.988497,21.8947449025,1.31807946143,0.626160642511,34.2117,0.121874474335
277,28.5595894412,0.0996577004546,13.0350667566,59.2190501298,28.5704,33.2187336366,28.5781047587,28.5475,88.4219826697,82.7258922976,52.9321952322,0.290561528392,116.822,33.2636,1.87638909004,-29.6144,24.2118490255,0.990111,22.5612349849,1.34867507552,0.497049478035,34.2521,0.094749702465
278,28.3936986729,0.0524358095618,13.6618637896,45.9332432253,28.4078,27.8834827484,28.4124980666,28.3842,77.9415676692,83.6393876928,41.1743599592,0.216789143919,117.08,51.4779,22.1345946017,-29.4573,18.2727846839,0.991584,19.6108988574,1.40722923868,0.511869164248,34.2937,0.0934573648804
279,28.4920767848,0.0273988210107,8.87248359389,37.8876489409,28.5026,25.4698055238,28.5130012091,28.4757,65.0441596451,81.9272288363,35.5628883125,0.183057600132,117.309,45.5915,5.96717087823,-29.5016,15.1754783126,0.991009,14.7298752164,1.41185056668,0.522880114639,34.3273,0.0660855035092
280,28.9906358593,0.0597124786713,6.11263748226,34.5216008301,29.0003,24.2764684637,29.0082755904,28.9765,56.2441284883,47.4595833524,33.5488025269,0.169551079657,117.516,16.607,0.256279430536,-30.0271,19.5799467417,0.9924,13.8649024827,1.32018349943,0.278381120414,34.351,0.0486693472507
281,29.846064025,0.061258874643,6.31624704567,33.5606968381,29.8611,24.8331103694,29.8665670584,29.8321,53.932428261,50.6085280281,34.38388779,0.176484948375,117.729,41.0602,17.8576518856,-30.8579,19.5645124067,0.99097,7.96640093783,1.41785090956,0.302715579095,34.3803,0.0495181616908
282,29.9680707207,0.0519203608012,6.46757010988,33.3014859242,29.9742,24.1065284981,29.9850811281,29.9556,46.3613083206,54.6153425613,33.5777405602,0.169561746548,117.893,7.48041,11.2047772679,-31.0618,18.2730163197,0.991583,8.28507614827,1.29077089225,0.308046073466,34.4071,0.0497502613577
283,30.0010828332,0.0480602117024,8.82020958288,36.721863099,30.0111,24.4910718441,30.014612291,29.9908,47.3536437027,84.6267424438,34.6669482435,0.174991908072,118.114,14.5607,26.8193215758,-31.0358,19.7469586951,0.987999,6.71279214442,1.32884037432,0.500889719629,34.4202,0.0641999122011
284,30.5937395608,0.0297835016156,8.07891771018,38.3414293914,30.6021,25.3955518139,30.6079872493,30.583,84.5223829476,73.2418165988,35.871993077,0.183981358294,118.413,57.8011,14.1937953965,-31.5528,15.4940252115,0.995949,14.7781287823,1.47227129116,0.435617423768,34.4308,0.0594362763088
285,30.7084857966,0.0111358657464,10.6573097936,36.2024328664,30.7047,26.1876030585,30.7217517868,30.6853,44.7829218486,79.3420716673,37.6904559978,0.195153356068,118.636,34.7621,24.9377371633,-31.8336,14.3353904619,0.99597,6.83507411836,1.41945382761,0.474330933629,34.4479,0.0757093798786
286,31.4180288608,0.0536349093543,16.7808100784,38.4351752313,31.4358,29.2296319628,31.4306830431,31.4165,68.5644008454,92.3605743535,45.0867168242,0.242460490317,118.904,33.7583,11.5247710364,-32.6583,18.5036382522,0.996299,11.6835765831,1.35048609475,0.578274508218,34.4503,0.111915846021
287,31.7578850315,-0.00899911722042,17.7533684774,45.2090848532,31.7438,28.0534845915,31.7686825104,31.7269,74.6844733227,94.6826908718,42.7907334802,0.226900806631,119.111,27.9453,33.9454782072,-32.958,14.4332788873,0.996824,12.0299271481,1.38519440334,0.589185204565,34.4631,0.120294491214
288,31.7920223336,0.0443759446711,13.2507708739,38.8992341618,31.7997,27.6122325254,31.8061686079,31.7796,89.7660324543,82.9852523275,40.6226802482,0.215251499202,119.359,44.396,8.32580645932,-32.827,17.4566542978,0.996735,18.2214437524,1.41753980358,0.510167583263,34.4855,0.0904985079543
289,31.4048287985,0.0565407365274,8.71928401139,31.9232434849,31.4169,25.8091974846,31.4186092852,31.3953,54.4794562236,70.6998495186,36.8344714272,0.190216644768,119.689,34.4532,4.14892951004,-32.4695,19.4116498882,0.995004,10.1366790194,1.34897946785,0.409819591925,34.4979,0.0617112980808
290,31.8520080958,0.0508117453837,7.29885999951,33.0476252182,31.8492,25.5305852463,31.8645330298,31.8264,44.8597846614,57.4368538044,35.6820903291,0.184151260206,119.971,38.8941,1.00090183134,-32.8591,19.9030497784,0.996306,10.4585080663,1.40629714355,0.355898009812,34.5174,0.0580107339313
291,31.7441575025,0.0271568912832,6.73121508841,34.4304598182,31.7492,25.2751960334,31.7562549394,31.7286,47.5419343377,70.3472202471,35.120047698,0.179975034857,120.293,59.3148,5.23099576682,-32.7683,15.4388370915,0.996072,8.70988566557,1.42807510894,0.416539143241,34.5426,0.0516716238515
292,31.6395601542,0.0117765803203,7.53099890559,31.7501051763,31.6471,26.4323468845,31.6528882254,31.6249,42.6904540462,53.0097035918,36.8512386404,0.193979919766,120.577,45.9698,6.91205753935,-32.6236,13.9981338368,0.993338,8.8276660724,1.38872355493,0.320052442351,34.5665,0.059377343992
293,32.0133690035,0.0578501656703,6.90416734308,36.6928188591,32.017,27.01495767,32.0269550275,31.994,50.0135225397,59.4559092103,37.6284103088,0.20212202215,120.799,48.973,22.4100105593,-33.0462,19.4022278557,0.992032,6.95654503744,1.34642637274,0.368002483016,34.5842,0.053722328704
294,32.0503895313,0.0707304935493,8.48390121899,41.6621912806,32.0578,27.4241494616,32.0632643538,32.0343,58.2888093587,64.1860669212,38.6818791394,0.205849550296,121.094,29.3241,20.9901012653,-33.0956,21.83571157,0.990267,9.01718035095,1.31207700448,0.359027059262,34.6135,0.0631861037303
295,31.82352128,0.075493323739,13.3937225188,39.8692973978,31.8267,30.9966119798,31.8345116685,31.8059,61.7079806776,88.2304892383,46.1634472644,0.252179994466,121.283,7.45362,25.3871762165,-32.8984,22.1520181849,0.988383,10.8700154259,1.21863277086,0.542302003017,34.6507,0.0953643407907
296,32.7843710322,0.00448538894336,12.6161610595,43.4185001087,32.7891,32.339822747,32.7953270699,32.7698,112.782121463,99.9391814182,48.6151955518,0.26929353072,121.582,38.7894,6.4576120831,-33.8531,15.2150281685,0.981306,22.0339176377,1.3209778024,0.619743154003,34.6855,0.0913722049883
297,32.7184276034,0.0926736310653,8.04264563933,44.9726285875,32.722,30.6459680354,32.7272659984,32.7036,77.0378935444,70.0290156876,44.070984082,0.247370258321,121.932,16.0335,12.5255534616,-33.7476,23.6316826173,0.98622,13.5088414353,1.24410536098,0.447440966357,34.7136,0.0598893437738
298,32.4632868478,0.0925418708158,9.29542332329,41.8400349971,32.4608,31.2661432426,32.4710723539,32.4458,61.817830997,86.6638404523,45.0394993569,0.255037980111,122.246,21.3054,12.6211914255,-33.4722,24.6494830766,0.982959,11.8192346863,1.30682021067,0.534857622787,34.739,0.0684740966126
299,32.539771853,0.0883731951274,8.05588292441,42.8905408949,32.5376,30.2446432522,32.5458981744,32.5239,59.5380973064,66.7054652916,43.219697406,0.241343946947,122.507,58.1505,3.91776080835,-33.6062,23.008257205,0.979923,12.5228082785,1.40026429833,0.420982319128,34.7748,0.0613566718339
300,32.4471360641,0.0770016952085,10.0467780897,42.5242353419,32.4429,32.7942305606,32.4537975825,32.4324,57.4086748256,92.3541690018,47.6570076929,0.270734969046,122.907,38.4251,33.0212794777,-33.4197,22.007056855,0.979955,5.78799616611,1.30222048893,0.574573732393,34.8192,0.0734958259717
301,32.9800829282,0.16453962042,11.3994947552,49.1389272951,32.9748,37.2146685805,32.9874498985,32.9655,85.1785544412,85.6816093922,56.0311163822,0.328051978762,123.241,51.2161,30.391251422,-33.9682,33.5260906252,0.979803,14.5520553302,1.33329804172,0.526620427104,34.8458,0.0825648638166
302,33.0930878746,0.0958994594274,14.2052105165,57.2918596459,33.087,33.4700920506,33.1000403805,33.0774,98.1738769125,92.3186732168,51.300488205,0.288576685667,123.492,37.3111,39.711502147,-34.0484,25.1201196715,0.981415,16.9741503071,1.2906209644,0.583652193834,34.8772,0.10133436556
303,32.5140883644,0.171771425996,11.6268950141,50.8153565276,32.5071,35.7119502811,32.5196601936,32.4984,77.14192438,95.3977868687,53.9623992254,0.312770016973,123.716,49.2842,21.1275128883,-33.4813,34.8541416052,0.980284,14.302102816,1.35120274619,0.594661924169,34.9135,0.0805203982942
304,32.7102657326,0.0845016319295,16.2168042697,48.1730065322,32.7015,35.7207605087,32.7157093182,32.6946,72.1533364926,105.133558361,55.3110754603,0.317436136685,123.95,9.06612,28.8731204652,-33.6562,24.9583152544,0.977164,11.2719497888,1.19404769015,0.666295706137,34.9563,0.115173057449
305,33.4405005388,0.123996570655,15.630114922,50.7073490627,33.4318,34.4127239959,33.4458940704,33.4235,76.4940610433,99.4269776526,53.6586219699,0.303275628037,124.191,22.8641,12.8346507417,-34.4087,28.4923992786,0.974163,17.3153067704,1.27813600594,0.625112111845,34.9911,0.108967918967
306,33.3506474574,0.131910176632,14.5189065868,56.9045761384,33.3447,37.9859857386,33.3556419108,33.3356,81.5506945201,92.3722745675,59.8846748244,0.350274528463,124.439,29.1192,2.62022493687,-34.4168,29.3989234044,0.970082,18.9146635352,1.2820755627,0.58735510004,35.0162,0.103172852462
307,34.1068341907,0.158131282872,14.6019400979,62.3148919691,34.0938,38.9722332681,34.1118642598,34.0858,96.1673613642,101.470954856,62.6158792763,0.367751465115,124.775,39.874,30.9202559892,-35.1967,33.5475168431,0.967057,18.5515008116,1.31013855299,0.642615086529,35.0458,0.103561463194
308,32.941974341,0.160895195473,15.671431448,64.5767199212,32.9369,38.7683689136,32.9471915996,32.9284,93.6713543415,108.576772544,62.2304403736,0.364479771535,125.084,68.1386,8.1602400789,-33.9419,34.2687232122,0.966585,22.6906044652,1.36875029215,0.700305291249,35.0764,0.11333657955
309,33.2534969651,0.154285907564,17.5919294116,51.1467628194,33.2443,39.4858149226,33.2573661552,33.2382,76.5929068586,121.904086923,64.5175037384,0.379797596843,125.349,26.4294,6.62374809047,-34.244,34.7646875572,0.969683,16.4426139829,1.27595444707,0.791314491314,35.1107,0.125278864393
310,33.5558134235,0.190295343501,21.6755123095,54.8905103133,33.5506,44.7052866237,33.5607035666,33.5417,92.0843225426,119.717101635,76.5588733041,0.464332950538,125.541,8.09778,7.91154990187,-34.5432,38.1601801639,0.972037,21.4020640096,1.18555188638,0.781602212255,35.1411,0.154683670283
311,33.921851624,0.22231221238,14.5447799491,84.7324761787,33.9115,48.9919776802,33.9265449882,33.903,118.529945538,119.234098591,86.6576407071,0.535099872246,125.681,8.56608,44.7376955836,-34.9773,41.5887792489,0.969509,21.9561016415,1.21033023265,0.768440158049,35.1729,0.106920285262
312,34.1108995433,0.161379311613,16.6298212483,76.6980654001,34.1063,48.2517438055,34.1158208229,34.0947,106.219372392,121.078554252,85.6601089024,0.526445841847,125.988,47.3327,5.2597038467,-35.1193,33.0422890978,0.964781,26.8894674623,1.31946333917,0.763264205904,35.208,0.118559811609
313,33.0933727279,0.214601184572,14.1169006938,78.5817059265,33.0885,45.8033400781,33.0977061621,33.0757,106.202102298,107.592369428,78.9186342109,0.479301579827,126.24,17.0486,52.8988700964,-34.0572,45.1189202844,0.961778,14.292098116,1.24278319954,0.69552877566,35.2356,0.10428233522
314,33.4313961171,0.0931332168569,16.9682717616,63.8450304972,33.4191,43.3672947126,33.4371105246,33.4111,96.839580063,116.670442889,73.9092195109,0.441334345446,126.487,36.3051,16.8102899466,-34.3648,26.7933586333,0.962458,24.9226939428,1.31959320042,0.756967335673,35.2594,0.121028119141
315,34.1858499207,0.200124782808,14.1529197491,71.9924370902,34.1763,41.841295799,34.1927103738,34.1665,103.631407449,103.014631004,69.5147841756,0.41072123273,126.766,30.0421,46.308657916,-35.3733,39.7614755229,0.964722,17.8335598088,1.27838889386,0.649152796779,35.2794,0.104332193427
316,33.7454802425,0.133612098974,11.1387550833,65.5348081597,33.7423,40.1614276594,33.7533835099,33.7303,103.759160529,96.8337145571,63.2586256748,0.375926319215,126.99,11.606,13.173019546,-35.1041,29.8219414622,0.967717,22.0559166499,1.24598616537,0.627231809206,35.3072,0.08081786141
317,34.3148176525,0.158243508211,11.0890998973,65.5586384355,34.3105,40.4985099475,34.3217088297,34.2985,85.540068557,90.2017615186,63.8157711814,0.380687909273,127.246,68.023,24.0396301742,-35.6,33.9072259905,0.96993,15.5045470421,1.37777128751,0.5806419521,35.3262,0.0824270655048
318,33.711650666,0.216714232134,9.311671082,65.8590074547,33.7057,41.2310342163,33.718936728,33.6912,84.3165958993,93.1344890874,66.4184559961,0.398354203942,127.581,165.963,52.6552239049,-34.9224,43.3946654108,0.968208,8.64024016729,1.58859801283,0.595761601093,35.349,0.0692356466319
319,34.0175249657,0.136757392315,13.3856480503,62.6723523571,34.0167,41.3869470247,34.025063238,34.003,77.458243818,111.454451825,68.5719278665,0.40802996444,127.861,32.4334,20.8084191046,-35.2814,33.3884685663,0.968722,15.4178630506,1.28791329273,0.730691211562,35.3635,0.10108132042
320,34.6342004642,0.154920282758,13.1334094006,52.7644468001,34.6383,35.6302824252,34.6453556401,34.6196,85.43187751,89.808634144,58.018025172,0.330616263013,128.082,9.4448,12.9677816601,-36.0122,32.0536799537,0.972211,16.9655841771,1.21564846891,0.565863795336,35.3929,0.097352868853
321,34.7458628352,0.0467204783564,9.63138694258,50.3707393376,34.7477,28.170347801,34.7548842461,34.7302,82.1031497328,75.2964277168,43.7522320064,0.229182711696,128.438,40.8568,16.2360542935,-36.1566,20.4375088249,0.974363,16.9905273111,1.34129914879,0.469777458945,35.4186,0.0714055037946
